epoch,train_loss,train_dice,train_seg_loss,train_boundary_loss,train_margin_loss,val_loss,val_dice,val_iou,val_precision,val_recall,val_f1,val_hd95,val_ece,boundary_bce,boundary_auc_proxy,epoch_time_sec,peak_gpu_memory_mb
0,0.7732201328514315,0.20685763543484903,0.7732201328514315,0.5674966590624329,0.0008578464992984196,0.7270138375461102,0.4162414185702801,0.26397475227713585,0.2663467226507729,0.9719671610123115,0.4162410814905747,11.553408857245564,0.38154600355634466,0.4583835620433092,0.9768453063964844,162.08174180984497,4968.604672
1,0.652497928616003,0.5366531579841113,0.652497928616003,0.35146817649509887,0.00023276776672456105,0.6114893071353436,0.6621986068785191,0.4963558614253998,0.5156611449254324,0.9308577249313608,0.6621981478318754,6.038995643764585,0.3048673461218568,0.2738684229552746,0.9932778015136718,136.4413514137268,4968.604672
2,0.4777890018960263,0.7108061370697427,0.4777890018960263,0.1867628071113681,0.0004999532243249283,0.4169738572090864,0.71373350918293,0.5562652368098497,0.5923328964042353,0.9040921358809145,0.7137330338625157,5.360051729996027,0.23882829875033357,0.15102184657007456,0.9945263671875,134.31266713142395,4968.604672
3,0.2558804449248821,0.8276814962109775,0.2558804449248821,0.09643975058768658,0.000726483957528249,0.23772370908409357,0.8312637060880661,0.7142643705010414,0.91282943727107,0.7663167884412412,0.8312632082103641,2.0550783107714583,0.18930477894935754,0.08588730776682496,0.9956977233886719,132.33986043930054,4968.604672
4,0.1650937635002407,0.8608222261388251,0.1650937635002407,0.05817350092614796,0.00031007005787317903,0.1845298232510686,0.7689387612044811,0.6279111988842487,0.9720587742678067,0.6394725008390424,0.7689382947264108,3.3049706887185915,0.15228934166515684,0.0506446345243603,0.9951946411132813,128.62851929664612,4968.604672
5,0.1338745833288693,0.8696940359494365,0.1338745833288693,0.04027183044781076,0.00018499131558639663,0.1375661278143525,0.838722687214613,0.7240611687302589,0.7736552400612509,0.9213823785400739,0.8387221871029161,2.5908645080159705,0.14090005320764612,0.03639723942615092,0.9970803833007813,129.746435880661,4968.604672
6,0.115503949846359,0.879966582389588,0.115503949846359,0.030204866002214715,9.274381455783286e-05,0.10738445073366165,0.8776012994349003,0.7835342176258564,0.8920554998542181,0.8668601826883625,0.8776008022408183,2.1519472515620643,0.12398212835571024,0.02445584279485047,0.9974707946777344,146.5677192211151,4968.604672
7,0.10295491517646939,0.8881219211199605,0.10295491517646939,0.02383489838094576,6.809082292065731e-05,0.10176088754087687,0.8831168375909328,0.7923996709287167,0.8811006553129758,0.8876852229254651,0.8831163325141826,1.7023168316013038,0.11886540068034086,0.022236884338781238,0.9977150268554688,145.41029524803162,4968.604672
8,0.09447174984301236,0.8929194321869113,0.09447174984301236,0.01970588234220202,5.147005117739632e-05,0.0979770845733583,0.878684762865305,0.7856951840221882,0.9245864554898549,0.84017218945038,0.8786842553417074,2.1112791529987858,0.1108434173213318,0.019749494618736207,0.9974949340820313,145.23171186447144,4968.604672
9,0.08974924921355348,0.8917329797508023,0.08974924921355348,0.01695649090044676,5.874788611765054e-05,0.09430356230586767,0.8742606975138187,0.7785575464367867,0.8687779864241082,0.8834993368420241,0.8742601971914541,2.7215222641364853,0.10374021174199884,0.017084359598811716,0.9975390930175781,133.42920637130737,4968.604672
10,0.08423121093858218,0.8948294820514977,0.08423121093858218,0.014937859827797887,3.838772087055341e-05,0.0877153780311346,0.8757121786475182,0.7801729738712311,0.8533069214802687,0.9025278731066867,0.8757116773818374,1.724646964186617,0.09609869604278357,0.014153690775856376,0.9976497802734375,132.69145488739014,4968.604672
11,0.07947957711228242,0.8983696923188284,0.07947957711228242,0.01310096403042264,3.2023200032496096e-05,0.0811099037528038,0.8892066739499569,0.8022177256643772,0.8972197049909535,0.8836955958368746,0.8892061764356679,1.7266579611376043,0.09263190209725863,0.013056606287136674,0.9978065795898438,131.36011028289795,4968.604672
12,0.07551792929781244,0.9009750743284293,0.07551792929781244,0.011900576994034415,2.8814100221633136e-05,0.07815776346251369,0.8843417763710022,0.7943046391010284,0.9106193233935204,0.8610206258390882,0.8843412798257736,2.050355777298554,0.08526544950180687,0.012164663028670475,0.9976999206542969,135.44314074516296,4968.604672
13,0.07259080384639983,0.9019978228190266,0.07259080384639983,0.01086796532840805,2.9394013829831056e-05,0.07792619243264198,0.8819970712065697,0.790753673762083,0.9000893621373287,0.8680556778918677,0.8819965710944444,1.9839209886651736,0.08303940016846169,0.011446933640399948,0.997702392578125,140.67496585845947,4968.604672
14,0.06913431887085555,0.9055358763282181,0.06913431887085555,0.010090289776154022,2.3509331594566978e-05,0.07642717799171805,0.8808137476444244,0.7892232500016689,0.9054102296619059,0.8606910603943414,0.8808132524212564,1.785228664068109,0.07991996140917758,0.010933975456282496,0.9977049865722656,145.97488069534302,4968.604672
15,0.06670680348860457,0.9065806709282788,0.06670680348860457,0.00934858921030206,2.424190035449004e-05,0.07242674054577947,0.8865514099597931,0.7973883077502251,0.8652649504023177,0.9112184460865428,0.8865509156842158,1.6486631097575524,0.07724894725996999,0.009803368826396763,0.99777392578125,142.96083569526672,4968.604672
16,0.06391428614444766,0.9094942389650548,0.06391428614444766,0.008593521127147032,2.064738261606503e-05,0.06873109191656113,0.8941031582653522,0.8102342300117016,0.9145907544976425,0.8772395210114491,0.8941026606372637,1.683426161627099,0.07490632530255245,0.009660042414907366,0.9979114990234375,139.73149704933167,4968.604672
17,0.06119211102631075,0.9126966828150107,0.06119211102631075,0.008079750496392132,1.9303442171907112e-05,0.06803734181448817,0.8897997699677944,0.8032164126634598,0.8732006789365243,0.9096514343030704,0.8897992662124468,1.6728178105997302,0.07143827424012117,0.00902022179798223,0.9978238830566406,141.4949290752411,4968.604672
18,0.05919930552865597,0.9142518136518222,0.05919930552865597,0.0075549801170878795,2.1631338194123897e-05,0.06649116170592606,0.8915467113256454,0.8059787526726723,0.8862519083312974,0.8998617947896316,0.8915462120778395,1.683796687666777,0.06965220969542855,0.00897622638149187,0.99782373046875,143.28064107894897,4968.604672
19,0.057517019120302604,0.9151453599862173,0.057517019120302604,0.007241340397018279,1.872090762735236e-05,0.0647857072763145,0.8917466439306736,0.8062850944697857,0.9050107390019556,0.8813998160146221,0.8917461431896028,2.060680678078339,0.06661366878054106,0.008922231907490641,0.9978789978027344,140.05589699745178,4968.604672
20,0.05594596026319984,0.9160672806678934,0.05594596026319984,0.006957075267977325,1.807658433809844e-05,0.06199224456213415,0.8964639641344547,0.8138323947787285,0.8925672230168273,0.9023323201887345,0.8964634581975515,1.8686923658973305,0.06479802093817852,0.00824707283754833,0.997919921875,122.97759294509888,4968.604672
21,0.05496097918837629,0.9154747458214455,0.05496097918837629,0.006846381579228538,2.1192121121589964e-05,0.0621439591050148,0.8936971910297871,0.809574369341135,0.883264305453645,0.9070332224804015,0.8936966842818749,1.995133511865438,0.06311755682504733,0.008595517574576661,0.9978408203125,122.69944643974304,4968.604672
22,0.05402546021955233,0.9152352564723779,0.05402546021955233,0.006703965639999361,1.896775193146681e-05,0.05926274927332997,0.8988215550780296,0.8174603842198849,0.9009197592232415,0.8984027470570255,0.8988210464827068,1.4014805036736364,0.061392743641277676,0.008018025459023193,0.997972412109375,122.91964888572693,4968.604672
23,0.052374450344565913,0.9172436311735329,0.052374450344565913,0.006471810456206824,1.8500493529535696e-05,0.059159386437386274,0.8965214602649212,0.8137201741337776,0.8915375403356176,0.9035809136635675,0.8965209635109193,2.0575233454062607,0.05990890070237227,0.00792867859127,0.9979239807128907,132.50497364997864,4968.604672
24,0.050149372415551056,0.9210964952800291,0.050149372415551056,0.006134462276975631,1.6831170009710854e-05,0.05722605250775814,0.8990460112690926,0.8182230032980442,0.9082743374114354,0.8922907726851684,0.8990455147047118,1.8756525754104774,0.05763541921367867,0.007703431532718241,0.9979379577636719,132.72560787200928,4968.604672
25,0.04969541902871842,0.9200854931317323,0.04969541902871842,0.006050167250255427,1.7004978126319237e-05,0.06329729803837836,0.8802597112953663,0.7879495397210121,0.8507631034336155,0.9156161903179013,0.8802592005625243,2.355235136354017,0.056895198413170894,0.008933692995924503,0.9975088806152344,131.27032113075256,4968.604672
26,0.048185054661957084,0.9224767837118595,0.048185054661957084,0.0057993672923548215,1.560376945912759e-05,0.05567197781056166,0.8984242454171181,0.8169842846691608,0.9062965044550358,0.8923762858896734,0.8984237440053164,1.8634855354590947,0.054580864335410297,0.007778774161124602,0.9979679260253906,131.29567623138428,4968.604672
27,0.04758222155431484,0.922112097554173,0.04758222155431484,0.00580890122834091,1.7141583033185432e-05,0.053578455466777086,0.904015339910984,0.8260475881397724,0.9246895143929197,0.885753204415212,0.9040148427524749,1.594404344013988,0.05409708830527964,0.007427185497363098,0.9980829772949219,133.64173340797424,4968.604672
28,0.04639026670591206,0.9237938527519821,0.04639026670591206,0.0056298477244926684,1.6467120728701575e-05,0.053795930463820696,0.9008337631821632,0.8209199085831642,0.9240816412621203,0.8803252596372807,0.9008332730410342,1.7614072751596621,0.0524526757309213,0.007827929963241331,0.9980064392089844,149.666841506958,4968.604672
29,0.04551115301800958,0.9247766678214918,0.04551115301800958,0.0055002345941326716,1.6118729342342187e-05,0.05262501002289355,0.9022487588226795,0.8232916258275509,0.9170076988801589,0.8895708383802063,0.9022482601332398,1.5474177090838013,0.051305233718361716,0.0073365722491871566,0.9980564880371093,161.4604926109314,4968.604672
