epoch,batch,cosine_trunk,cosine_seg_head,cosine_evid_head
0,0,0.15816761553287506,,
0,1,0.13879109919071198,,
0,2,-0.21604640781879425,,
0,3,-0.2909950613975525,,
0,4,-0.32045862078666687,,
0,5,-0.4825379550457001,,
0,6,-0.09266149252653122,,
0,7,0.056330759078264236,,
0,8,-0.2450154423713684,,
0,9,0.221685528755188,,
0,10,0.18096953630447388,,
0,11,-0.17362244427204132,,
0,12,-0.03441833704710007,,
0,13,-0.05413506552577019,,
0,14,-0.11253991723060608,,
0,15,-0.078005351126194,,
0,16,-0.0806707963347435,,
0,17,0.21360298991203308,,
0,18,0.46471190452575684,,
0,19,0.2899640202522278,,
0,20,0.08709222823381424,,
0,21,-0.08636253327131271,,
0,22,0.2158321589231491,,
0,23,0.4726879894733429,,
0,24,-0.08407388627529144,,
0,25,0.12749359011650085,,
0,26,0.3270997107028961,,
0,27,0.07503898441791534,,
0,28,-0.10985725373029709,,
0,29,-0.4148513972759247,,
0,30,-0.2303970456123352,,
0,31,-0.1661926507949829,,
0,32,0.3362576961517334,,
0,33,0.21388311684131622,,
0,34,0.30813345313072205,,
0,35,0.17647312581539154,,
0,36,0.17664244771003723,,
0,37,-0.07036176323890686,,
0,38,0.41419509053230286,,
0,39,0.2118874490261078,,
0,40,-0.23392662405967712,,
0,41,-0.2612801492214203,,
0,42,0.015391195192933083,,
0,43,0.5190947651863098,,
0,44,-0.15437966585159302,,
0,45,-0.331441730260849,,
0,46,-0.32061901688575745,,
0,47,-0.3300063908100128,,
0,48,0.02755812183022499,,
0,49,-0.028136203065514565,,
0,50,0.046111930161714554,,
0,51,-0.12197024375200272,,
0,52,-0.21139860153198242,,
0,53,-0.19534534215927124,,
0,54,0.19256146252155304,,
0,55,0.17418041825294495,,
0,56,0.27247050404548645,,
0,57,-0.0552302747964859,,
0,58,0.13698382675647736,,
0,59,-0.3068236708641052,,
0,60,0.529473602771759,,
0,61,0.25066062808036804,,
0,62,-0.2706538438796997,,
0,63,0.3806508183479309,,
0,64,0.33767038583755493,,
0,65,0.32838934659957886,,
0,66,0.7503493428230286,,
0,67,0.7658764123916626,,
0,68,-0.29704874753952026,,
0,69,-0.1578364074230194,,
0,70,-0.11701051145792007,,
0,71,-0.10374217480421066,,
0,72,0.17574304342269897,,
0,73,-0.3360704183578491,,
0,74,-0.46841898560523987,,
0,75,-0.3551030158996582,,
0,76,-0.2887851893901825,,
0,77,-0.009617110714316368,,
0,78,-0.10356827080249786,,
0,79,-0.006060052663087845,,
0,80,-0.00568694481626153,,
0,81,0.10180037468671799,,
0,82,-0.05947580933570862,,
0,83,0.20844221115112305,,
0,84,0.512255847454071,,
0,85,-0.26328590512275696,,
0,86,0.004332490731030703,,
0,87,0.160603329539299,,
0,88,0.3277779221534729,,
0,89,0.17802642285823822,,
0,90,0.17414715886116028,,
0,91,0.18868418037891388,,
0,92,0.07345928996801376,,
0,93,0.20808576047420502,,
0,94,0.0857241228222847,,
0,95,-0.20341528952121735,,
0,96,-0.2670232057571411,,
0,97,-0.4168723523616791,,
0,98,-0.22508899867534637,,
0,99,-0.21312575042247772,,
0,100,-0.1878281980752945,,
0,101,-0.3847475051879883,,
0,102,-0.029019854962825775,,
0,103,-0.01463980320841074,,
0,104,0.21280130743980408,,
0,105,0.21991658210754395,,
0,106,0.22652563452720642,,
0,107,-0.13603076338768005,,
0,108,-0.22224301099777222,,
0,109,-0.02582048997282982,,
0,110,0.2915605306625366,,
0,111,0.2197159379720688,,
0,112,0.4530453085899353,,
0,113,-0.07563882321119308,,
0,114,0.38037288188934326,,
0,115,-0.2670999765396118,,
0,116,0.5335848331451416,,
0,117,0.1361713707447052,,
0,118,0.39330604672431946,,
0,119,-0.1915469765663147,,
0,120,-0.2671213150024414,,
0,121,-0.03305506706237793,,
0,122,0.36435332894325256,,
0,123,0.4279884099960327,,
0,124,0.005007110070437193,,
0,125,-0.05430716276168823,,
0,126,-0.08792412281036377,,
0,127,0.05328183248639107,,
0,128,0.16039080917835236,,
0,129,0.2980194687843323,,
0,130,-0.18861712515354156,,
0,131,-0.220334991812706,,
0,132,0.05222368240356445,,
0,133,-0.013563173823058605,,
0,134,0.14346183836460114,,
0,135,0.10828658193349838,,
0,136,-0.0947633683681488,,
0,137,0.2472442388534546,,
0,138,0.2789754569530487,,
0,139,0.6085242629051208,,
0,140,0.2367142140865326,,
1,0,0.36515673995018005,,
1,1,0.33828145265579224,,
1,2,0.27049776911735535,,
1,3,0.37301310896873474,,
1,4,0.7066249847412109,,
1,5,0.1953580379486084,,
1,6,0.07672201842069626,,
1,7,0.3424348831176758,,
1,8,0.5388445854187012,,
1,9,0.4990350306034088,,
1,10,0.7287312150001526,,
1,11,0.6964011192321777,,
1,12,0.7142581343650818,,
1,13,0.3951529860496521,,
1,14,0.608093798160553,,
1,15,0.22526989877223969,,
1,16,0.3970418870449066,,
1,17,0.09781523048877716,,
1,18,0.43481022119522095,,
1,19,0.6813543438911438,,
1,20,0.6056957244873047,,
1,21,0.13712915778160095,,
1,22,0.10512442886829376,,
1,23,0.35290342569351196,,
1,24,-0.07046088576316833,,
1,25,0.3642288148403168,,
1,26,0.5885542035102844,,
1,27,0.5902531743049622,,
1,28,0.3165923058986664,,
1,29,0.536583662033081,,
1,30,0.618153989315033,,
1,31,0.428208589553833,,
1,32,-0.3085291385650635,,
1,33,0.1472957879304886,,
1,34,0.4693053662776947,,
1,35,0.2702005207538605,,
1,36,0.5664042830467224,,
1,37,0.5444295406341553,,
1,38,0.5260734558105469,,
1,39,0.5529269576072693,,
1,40,0.555435836315155,,
1,41,0.46354377269744873,,
1,42,0.5084814429283142,,
1,43,0.4096500277519226,,
1,44,0.467052161693573,,
1,45,0.5813918709754944,,
1,46,0.5171189904212952,,
1,47,0.5977300405502319,,
1,48,0.6115151047706604,,
1,49,0.21893951296806335,,
1,50,0.49139437079429626,,
1,51,0.7332709431648254,,
1,52,0.6968367099761963,,
1,53,0.5484254360198975,,
1,54,0.5854833722114563,,
1,55,0.5046307444572449,,
1,56,0.40699177980422974,,
1,57,0.561564028263092,,
1,58,0.5741596221923828,,
1,59,0.5972972512245178,,
1,60,0.6444788575172424,,
1,61,0.6211788058280945,,
1,62,0.6241112947463989,,
1,63,-0.06901834160089493,,
1,64,0.64302659034729,,
1,65,0.5358247756958008,,
1,66,0.6534296870231628,,
1,67,0.4147450029850006,,
1,68,0.7905299663543701,,
1,69,0.498083233833313,,
1,70,0.8015563488006592,,
1,71,0.5919176936149597,,
1,72,0.5924314856529236,,
1,73,0.5103586912155151,,
1,74,0.5362542271614075,,
1,75,0.594366192817688,,
1,76,0.7881243228912354,,
1,77,0.7512583136558533,,
1,78,0.7733537554740906,,
1,79,0.612778902053833,,
1,80,0.528685450553894,,
1,81,0.5207911729812622,,
1,82,0.45035189390182495,,
1,83,0.38836291432380676,,
1,84,0.5874989628791809,,
1,85,0.6324527263641357,,
1,86,0.6025333404541016,,
1,87,0.4878515601158142,,
1,88,0.5610463619232178,,
1,89,0.5236290693283081,,
1,90,0.5903695821762085,,
1,91,0.2844582796096802,,
1,92,0.5559712052345276,,
1,93,0.5017310380935669,,
1,94,0.5042372941970825,,
1,95,0.4891759753227234,,
1,96,0.5026967525482178,,
1,97,0.4980728030204773,,
1,98,0.07985248416662216,,
1,99,0.4349929392337799,,
1,100,0.39892202615737915,,
1,101,0.5787612795829773,,
1,102,0.5874583125114441,,
1,103,0.4877414107322693,,
1,104,0.4708900451660156,,
1,105,0.5337446331977844,,
1,106,0.3680230677127838,,
1,107,0.6647559404373169,,
1,108,0.6116046905517578,,
1,109,0.6089990139007568,,
1,110,0.6214552521705627,,
1,111,-0.16877032816410065,,
1,112,0.4390637278556824,,
1,113,0.5954544544219971,,
1,114,0.4445704221725464,,
1,115,0.6564444899559021,,
1,116,0.548737645149231,,
1,117,0.6006801128387451,,
1,118,0.48069748282432556,,
1,119,0.5436741709709167,,
1,120,0.5535579323768616,,
1,121,0.6581824421882629,,
1,122,0.6056908369064331,,
1,123,0.5728548765182495,,
1,124,0.5891389846801758,,
1,125,0.6116434931755066,,
1,126,0.5898959636688232,,
1,127,0.6459320783615112,,
1,128,0.6144665479660034,,
1,129,0.5641806125640869,,
1,130,0.6359536051750183,,
1,131,0.5675376653671265,,
1,132,0.5318741202354431,,
1,133,0.6008272171020508,,
1,134,0.6989981532096863,,
1,135,0.7347348928451538,,
1,136,0.6769340634346008,,
1,137,0.7509920597076416,,
1,138,0.20237211883068085,,
1,139,0.40917590260505676,,
1,140,0.5776923298835754,,
2,0,0.6356653571128845,,
2,1,0.6449962854385376,,
2,2,0.6720752716064453,,
2,3,0.6310078501701355,,
2,4,0.6437770128250122,,
2,5,0.6817728877067566,,
2,6,0.6402254104614258,,
2,7,0.5396366119384766,,
2,8,0.7168140411376953,,
2,9,0.4487572908401489,,
2,10,0.6394652724266052,,
2,11,0.5569520592689514,,
2,12,0.637182891368866,,
2,13,0.5935242176055908,,
2,14,0.6831433773040771,,
2,15,0.6197436451911926,,
2,16,0.17834115028381348,,
2,17,0.5770891904830933,,
2,18,0.6686587333679199,,
2,19,0.6300199627876282,,
2,20,0.5181020498275757,,
2,21,0.6136065721511841,,
2,22,0.4745779037475586,,
2,23,0.5610247254371643,,
2,24,0.6091258525848389,,
2,25,0.6163414716720581,,
2,26,0.5879088640213013,,
2,27,0.807043731212616,,
2,28,0.7426696419715881,,
2,29,0.6697658896446228,,
2,30,0.7371547818183899,,
2,31,0.555614709854126,,
2,32,0.5306828022003174,,
2,33,0.5225067734718323,,
2,34,0.46365875005722046,,
2,35,0.8124862909317017,,
2,36,0.8196564316749573,,
2,37,0.6294397115707397,,
2,38,0.5061824917793274,,
2,39,0.47355738282203674,,
2,40,0.31835678219795227,,
2,41,0.25457677245140076,,
2,42,0.224654883146286,,
2,43,0.28100869059562683,,
2,44,0.39205652475357056,,
2,45,0.5828248262405396,,
2,46,0.45555660128593445,,
2,47,0.6315078735351562,,
2,48,0.6029981970787048,,
2,49,0.47854140400886536,,
2,50,0.520244300365448,,
2,51,0.5811625123023987,,
2,52,0.6240299940109253,,
2,53,0.6618924140930176,,
2,54,0.5147466063499451,,
2,55,0.5262969136238098,,
2,56,0.6691672205924988,,
2,57,0.4304507374763489,,
2,58,0.5712131261825562,,
2,59,0.5681194067001343,,
2,60,0.7024974226951599,,
2,61,0.5346894264221191,,
2,62,0.5904667973518372,,
2,63,0.5750217437744141,,
2,64,0.6023924946784973,,
2,65,0.6585428714752197,,
2,66,0.6788661479949951,,
2,67,0.6204954385757446,,
2,68,0.4824725091457367,,
2,69,0.743050217628479,,
2,70,0.5923240184783936,,
2,71,0.6398167610168457,,
2,72,0.5938732028007507,,
2,73,0.5798912048339844,,
2,74,0.6413201093673706,,
2,75,0.5017991662025452,,
2,76,0.8115705847740173,,
2,77,0.6610247492790222,,
2,78,0.7065911889076233,,
2,79,0.6503540873527527,,
2,80,0.7014765739440918,,
2,81,0.6451882123947144,,
2,82,0.6772943139076233,,
2,83,0.7008517384529114,,
2,84,0.6566247344017029,,
2,85,0.6433138847351074,,
2,86,0.5662904977798462,,
2,87,0.6586503982543945,,
2,88,0.4590606689453125,,
2,89,0.6243314146995544,,
2,90,0.7146949172019958,,
2,91,0.6030504703521729,,
2,92,0.7128919363021851,,
2,93,0.7158716917037964,,
2,94,0.5753076672554016,,
2,95,0.6596285104751587,,
2,96,0.6074095368385315,,
2,97,0.6878686547279358,,
2,98,0.5764045715332031,,
2,99,0.7076297402381897,,
2,100,0.4975849688053131,,
2,101,0.6898857355117798,,
2,102,0.7536599636077881,,
2,103,0.4367401897907257,,
2,104,0.7033482789993286,,
2,105,0.6310858726501465,,
2,106,0.696423351764679,,
2,107,0.5648233294487,,
2,108,0.5969335436820984,,
2,109,0.7290414571762085,,
2,110,0.737687349319458,,
2,111,0.6469026803970337,,
2,112,0.7306163907051086,,
2,113,0.7066198587417603,,
2,114,0.6520174145698547,,
2,115,0.4784177541732788,,
2,116,0.6808788180351257,,
2,117,0.6084640026092529,,
2,118,0.6508111357688904,,
2,119,0.6571882367134094,,
2,120,0.6605125069618225,,
2,121,0.6128899455070496,,
2,122,0.6100841164588928,,
2,123,0.6201350092887878,,
2,124,0.6639524698257446,,
2,125,0.6565658450126648,,
2,126,0.5967371463775635,,
2,127,0.6352474689483643,,
2,128,0.7665147185325623,,
2,129,0.5896255970001221,,
2,130,0.5939168334007263,,
2,131,0.6713144779205322,,
2,132,0.5949574708938599,,
2,133,0.6420665979385376,,
2,134,0.6701247692108154,,
2,135,0.5733137726783752,,
2,136,0.5690354108810425,,
2,137,0.6185690760612488,,
2,138,0.5438207983970642,,
2,139,0.5497228503227234,,
2,140,0.5762791037559509,,
3,0,0.7218760848045349,,
3,1,0.7686108350753784,,
3,2,0.5527132749557495,,
3,3,0.6637510061264038,,
3,4,0.6725001931190491,,
3,5,0.5954480171203613,,
3,6,0.6344366669654846,,
3,7,0.7159358263015747,,
3,8,0.6399236917495728,,
3,9,0.5303141474723816,,
3,10,0.5910899639129639,,
3,11,0.49073526263237,,
3,12,0.6580749750137329,,
3,13,0.6110268831253052,,
3,14,0.6626041531562805,,
3,15,0.6000872850418091,,
3,16,0.7612829208374023,,
3,17,0.7852364778518677,,
3,18,0.5885086059570312,,
3,19,0.5566986203193665,,
3,20,0.5949914455413818,,
3,21,0.6213040947914124,,
3,22,0.6036813855171204,,
3,23,0.4694003462791443,,
3,24,0.5693027377128601,,
3,25,0.5576368570327759,,
3,26,0.330087810754776,,
3,27,0.5161353945732117,,
3,28,0.5461596846580505,,
3,29,0.5982264876365662,,
3,30,0.44617512822151184,,
3,31,0.45574885606765747,,
3,32,0.6557299494743347,,
3,33,0.6650077700614929,,
3,34,0.6990792751312256,,
3,35,0.5190135836601257,,
3,36,0.6053166389465332,,
3,37,0.6173171401023865,,
3,38,0.6195055246353149,,
3,39,0.6717063784599304,,
3,40,0.5375670790672302,,
3,41,0.5705719590187073,,
3,42,0.5148497223854065,,
3,43,0.39865079522132874,,
3,44,0.7141855955123901,,
3,45,0.7788508534431458,,
3,46,0.7693790793418884,,
3,47,0.6779794692993164,,
3,48,0.5939174890518188,,
3,49,0.5903642773628235,,
3,50,0.5518548488616943,,
3,51,0.7041333913803101,,
3,52,0.6016879081726074,,
3,53,0.6376249194145203,,
3,54,0.49406898021698,,
3,55,0.7282018661499023,,
3,56,0.854317307472229,,
3,57,0.714413046836853,,
3,58,0.5687893629074097,,
3,59,0.5397322773933411,,
3,60,0.6628560423851013,,
3,61,0.9316933155059814,,
3,62,0.6099042296409607,,
3,63,0.6483725309371948,,
3,64,0.49243420362472534,,
3,65,0.6292182207107544,,
3,66,0.5594602823257446,,
3,67,0.5601662993431091,,
3,68,0.599176824092865,,
3,69,0.4519021511077881,,
3,70,0.6859513521194458,,
3,71,0.6983567476272583,,
3,72,0.5586872696876526,,
3,73,0.532810628414154,,
3,74,0.7491946220397949,,
3,75,0.7331417798995972,,
3,76,0.7286222577095032,,
3,77,0.6698579788208008,,
3,78,0.5964043140411377,,
3,79,0.5423657298088074,,
3,80,0.5281971096992493,,
3,81,0.6275696754455566,,
3,82,0.7829345464706421,,
3,83,0.7767246961593628,,
3,84,0.49400022625923157,,
3,85,0.5442290306091309,,
3,86,0.44418060779571533,,
3,87,0.43992432951927185,,
3,88,0.7381373047828674,,
3,89,0.5405944585800171,,
3,90,0.5934020280838013,,
3,91,0.7588538527488708,,
3,92,0.7023250460624695,,
3,93,0.6603463888168335,,
3,94,0.7206278443336487,,
3,95,0.6423138380050659,,
3,96,0.6865264177322388,,
3,97,0.57391357421875,,
3,98,0.5628836154937744,,
3,99,0.6724863052368164,,
3,100,0.5738407969474792,,
3,101,0.6894554495811462,,
3,102,0.7154500484466553,,
3,103,0.4853658974170685,,
3,104,0.6754862666130066,,
3,105,0.507037341594696,,
3,106,0.5383514165878296,,
3,107,0.6428200602531433,,
3,108,0.7495385408401489,,
3,109,0.6596538424491882,,
3,110,0.5604188442230225,,
3,111,0.5870029330253601,,
3,112,0.6226099729537964,,
3,113,0.7675732374191284,,
3,114,0.5675853490829468,,
3,115,0.7047587037086487,,
3,116,0.6342343688011169,,
3,117,0.4160556197166443,,
3,118,0.4440033733844757,,
3,119,0.454648494720459,,
3,120,0.43545040488243103,,
3,121,0.6697996854782104,,
3,122,0.7420090436935425,,
3,123,0.30627313256263733,,
3,124,0.5352727770805359,,
3,125,0.47417497634887695,,
3,126,0.4899336099624634,,
3,127,0.5382440686225891,,
3,128,0.766215443611145,,
3,129,0.7293965816497803,,
3,130,0.6036890745162964,,
3,131,0.6458258628845215,,
3,132,0.6932178735733032,,
3,133,0.5229718089103699,,
3,134,0.6471025943756104,,
3,135,0.504507303237915,,
3,136,0.6797667741775513,,
3,137,0.7063530683517456,,
3,138,0.5791721940040588,,
3,139,0.5987749695777893,,
3,140,0.4717095196247101,,
4,0,0.33130040764808655,,
4,1,0.6941574811935425,,
4,2,0.6244035363197327,,
4,3,0.5985849499702454,,
4,4,0.4673224687576294,,
4,5,0.49583515524864197,,
4,6,0.7505845427513123,,
4,7,0.3944401741027832,,
4,8,0.6620528101921082,,
4,9,0.5235329270362854,,
4,10,0.41488343477249146,,
4,11,0.8340101838111877,,
4,12,0.689589262008667,,
4,13,0.6291671991348267,,
4,14,0.908488392829895,,
4,15,0.5443212389945984,,
4,16,0.6106402277946472,,
4,17,0.5679050087928772,,
4,18,0.5970582365989685,,
4,19,0.5777610540390015,,
4,20,0.6797057390213013,,
4,21,0.6855589151382446,,
4,22,0.6352444887161255,,
4,23,0.7229885458946228,,
4,24,0.6121416687965393,,
4,25,0.6064462065696716,,
4,26,0.5440554618835449,,
4,27,0.7457605004310608,,
4,28,0.38449472188949585,,
4,29,0.4676104784011841,,
4,30,0.7740855813026428,,
4,31,0.5886077880859375,,
4,32,0.7010348439216614,,
4,33,0.7085822224617004,,
4,34,0.5875178575515747,,
4,35,0.519650936126709,,
4,36,0.7478874921798706,,
4,37,0.4917098879814148,,
4,38,0.6892480254173279,,
4,39,0.514457643032074,,
4,40,0.5341238975524902,,
4,41,0.6695345044136047,,
4,42,0.36738792061805725,,
4,43,0.6613293886184692,,
4,44,0.7399963736534119,,
4,45,0.6478712558746338,,
4,46,0.5110966563224792,,
4,47,0.7888151407241821,,
4,48,0.6244628429412842,,
4,49,0.6968473792076111,,
4,50,0.7846255302429199,,
4,51,0.6396948099136353,,
4,52,0.6740524172782898,,
4,53,0.7010558843612671,,
4,54,0.695195198059082,,
4,55,0.543724536895752,,
4,56,0.7308701276779175,,
4,57,0.6928532123565674,,
4,58,0.5513868927955627,,
4,59,0.6679433584213257,,
4,60,0.658552885055542,,
4,61,0.7375695109367371,,
4,62,0.7544951438903809,,
4,63,0.7591137886047363,,
4,64,0.3971775770187378,,
4,65,0.43913519382476807,,
4,66,0.6185575127601624,,
4,67,0.45171886682510376,,
4,68,0.5325198173522949,,
4,69,0.7584516406059265,,
4,70,0.5686032772064209,,
4,71,0.7114432454109192,,
4,72,0.4296746551990509,,
4,73,0.5634750127792358,,
4,74,0.4479673504829407,,
4,75,0.5362000465393066,,
4,76,0.651543915271759,,
4,77,0.6710163354873657,,
4,78,0.5146863460540771,,
4,79,0.5956932902336121,,
4,80,0.5089581608772278,,
4,81,0.7852376103401184,,
4,82,0.5031893849372864,,
4,83,0.5803150534629822,,
4,84,0.7014774084091187,,
4,85,0.5541465878486633,,
4,86,0.7347761988639832,,
4,87,0.8164454698562622,,
4,88,0.4079383313655853,,
4,89,0.4816911518573761,,
4,90,0.5402563810348511,,
4,91,0.47853586077690125,,
4,92,0.703600287437439,,
4,93,0.48405346274375916,,
4,94,0.39856696128845215,,
4,95,0.5323671102523804,,
4,96,0.726790189743042,,
4,97,0.721630334854126,,
4,98,0.5498997569084167,,
4,99,0.7539383172988892,,
4,100,0.32897838950157166,,
4,101,0.4111059010028839,,
4,102,0.6006312370300293,,
4,103,0.6048588156700134,,
4,104,0.7307192087173462,,
4,105,0.1978495866060257,,
4,106,0.5538395047187805,,
4,107,0.3607247471809387,,
4,108,0.16970863938331604,,
4,109,0.2921577990055084,,
4,110,0.6251423358917236,,
4,111,0.5991016626358032,,
4,112,0.6232641935348511,,
4,113,0.6074492335319519,,
4,114,0.5711566209793091,,
4,115,0.7316139936447144,,
4,116,0.8427658081054688,,
4,117,0.5417017936706543,,
4,118,0.6487879753112793,,
4,119,0.6355754733085632,,
4,120,0.5371661186218262,,
4,121,0.5010349154472351,,
4,122,0.699002742767334,,
4,123,0.8132385611534119,,
4,124,0.4825667440891266,,
4,125,0.3973977863788605,,
4,126,0.3875247538089752,,
4,127,0.7148537635803223,,
4,128,0.641426146030426,,
4,129,0.7247985601425171,,
4,130,0.7249369621276855,,
4,131,0.5689669251441956,,
4,132,0.5138131976127625,,
4,133,0.5581632852554321,,
4,134,0.5483388304710388,,
4,135,0.5602203011512756,,
4,136,0.7211316823959351,,
4,137,0.687053382396698,,
4,138,0.781673014163971,,
4,139,0.8477284908294678,,
4,140,0.7051732540130615,,
5,0,0.6613886952400208,,
5,1,0.4424417316913605,,
5,2,0.6137666702270508,,
5,3,0.7013438940048218,,
5,4,0.6287652254104614,,
5,5,0.4165642559528351,,
5,6,0.5636246800422668,,
5,7,0.6249095797538757,,
5,8,0.7365251779556274,,
5,9,0.727866530418396,,
5,10,0.48991793394088745,,
5,11,0.4817030727863312,,
5,12,0.709762692451477,,
5,13,0.6945304870605469,,
5,14,0.6313173174858093,,
5,15,0.4358082413673401,,
5,16,0.767726719379425,,
5,17,0.7122930288314819,,
5,18,0.6175962686538696,,
5,19,0.6879445910453796,,
5,20,0.4998820722103119,,
5,21,0.5938990712165833,,
5,22,0.584741473197937,,
5,23,0.7894076108932495,,
5,24,0.8119118213653564,,
5,25,0.35919973254203796,,
5,26,0.6615104675292969,,
5,27,0.531726062297821,,
5,28,0.7420171499252319,,
5,29,0.63106369972229,,
5,30,0.698715090751648,,
5,31,0.8137614727020264,,
5,32,0.6344269514083862,,
5,33,0.585170567035675,,
5,34,0.8072222471237183,,
5,35,0.7218954563140869,,
5,36,0.9281495213508606,,
5,37,0.5656213760375977,,
5,38,0.6899312138557434,,
5,39,0.6477549076080322,,
5,40,0.5849652886390686,,
5,41,0.7547731995582581,,
5,42,0.48090413212776184,,
5,43,0.44112882018089294,,
5,44,0.7937768697738647,,
5,45,0.6145322918891907,,
5,46,0.6956942081451416,,
5,47,0.7651174664497375,,
5,48,0.6278894543647766,,
5,49,0.36799928545951843,,
5,50,0.38188251852989197,,
5,51,0.4664914906024933,,
5,52,0.5299208164215088,,
5,53,0.5594338774681091,,
5,54,0.4357534348964691,,
5,55,0.46549952030181885,,
5,56,0.6699088215827942,,
5,57,0.5623853206634521,,
5,58,0.5733618140220642,,
5,59,0.566397488117218,,
5,60,0.7226645350456238,,
5,61,0.3743426501750946,,
5,62,0.8020783066749573,,
5,63,0.8736080527305603,,
5,64,0.7384464144706726,,
5,65,0.46065059304237366,,
5,66,0.5194486975669861,,
5,67,0.6111965179443359,,
5,68,0.3539922535419464,,
5,69,0.5672956705093384,,
5,70,0.5922564268112183,,
5,71,0.8163857460021973,,
5,72,0.7380791306495667,,
5,73,0.4937344491481781,,
5,74,0.5173566341400146,,
5,75,0.49931713938713074,,
5,76,0.38127803802490234,,
5,77,0.6160469651222229,,
5,78,0.5827399492263794,,
5,79,0.8560053706169128,,
5,80,0.5935429334640503,,
5,81,0.5652323961257935,,
5,82,0.22312824428081512,,
5,83,0.528255820274353,,
5,84,0.5968628525733948,,
5,85,0.5654102563858032,,
5,86,0.5927029252052307,,
5,87,0.43170949816703796,,
5,88,0.4403046667575836,,
5,89,0.515618085861206,,
5,90,0.5866664052009583,,
5,91,0.5935165882110596,,
5,92,0.6318609714508057,,
5,93,0.6228552460670471,,
5,94,0.7336462736129761,,
5,95,0.5841904282569885,,
5,96,0.31657153367996216,,
5,97,0.5232231020927429,,
5,98,0.7525830268859863,,
5,99,0.5182698965072632,,
5,100,0.6176274418830872,,
5,101,0.4051400125026703,,
5,102,0.749061107635498,,
5,103,0.7825103998184204,,
5,104,0.35727789998054504,,
5,105,0.7829936742782593,,
5,106,0.7714417576789856,,
5,107,0.48139727115631104,,
5,108,0.727652370929718,,
5,109,0.6873924136161804,,
5,110,0.7970436811447144,,
5,111,0.49575111269950867,,
5,112,0.5635678768157959,,
5,113,0.449324369430542,,
5,114,0.602828860282898,,
5,115,0.7634851336479187,,
5,116,0.7418855428695679,,
5,117,0.5746086239814758,,
5,118,0.7003554701805115,,
5,119,0.4766227900981903,,
5,120,0.6371703743934631,,
5,121,0.5844996571540833,,
5,122,0.5795676708221436,,
5,123,0.7108572125434875,,
5,124,0.4262376129627228,,
5,125,0.7917636632919312,,
5,126,0.759297251701355,,
5,127,0.8011025786399841,,
5,128,0.5553842186927795,,
5,129,0.9548871517181396,,
5,130,0.5123997330665588,,
5,131,0.5885960459709167,,
5,132,0.7106327414512634,,
5,133,0.665457010269165,,
5,134,0.727521538734436,,
5,135,0.9281684756278992,,
5,136,0.6264662742614746,,
5,137,0.6365061402320862,,
5,138,0.6506282091140747,,
5,139,0.6705318093299866,,
5,140,0.924449622631073,,
6,0,0.6898208856582642,,
6,1,0.613365650177002,,
6,2,0.541265070438385,,
6,3,0.7011057138442993,,
6,4,0.6180463433265686,,
6,5,0.7000446319580078,,
6,6,0.9417630434036255,,
6,7,0.7144502401351929,,
6,8,0.606168806552887,,
6,9,0.6669806241989136,,
6,10,0.7137529850006104,,
6,11,0.5862500071525574,,
6,12,0.6696586608886719,,
6,13,0.7268785238265991,,
6,14,0.5040700435638428,,
6,15,0.8567081093788147,,
6,16,0.46746063232421875,,
6,17,0.9474250078201294,,
6,18,0.6728768348693848,,
6,19,0.5694965124130249,,
6,20,0.6143538951873779,,
6,21,0.530902624130249,,
6,22,0.7297465801239014,,
6,23,0.6581453084945679,,
6,24,0.6236416101455688,,
6,25,0.6611546277999878,,
6,26,0.3945517838001251,,
6,27,0.7049447894096375,,
6,28,0.619659423828125,,
6,29,0.5648757815361023,,
6,30,0.5899435877799988,,
6,31,0.5080439448356628,,
6,32,0.40378639101982117,,
6,33,0.7738940119743347,,
6,34,0.7631725072860718,,
6,35,0.5596210956573486,,
6,36,0.6081562638282776,,
6,37,0.6106475591659546,,
6,38,0.5624969601631165,,
6,39,0.6444059610366821,,
6,40,0.5580013394355774,,
6,41,0.5829813480377197,,
6,42,0.5513277649879456,,
6,43,0.45960935950279236,,
6,44,0.6991735100746155,,
6,45,0.3888234794139862,,
6,46,0.6732406616210938,,
6,47,0.8680256009101868,,
6,48,0.4224894344806671,,
6,49,0.5806661248207092,,
6,50,0.8698360919952393,,
6,51,0.6593417525291443,,
6,52,0.5841963291168213,,
6,53,0.41970163583755493,,
6,54,0.48041316866874695,,
6,55,0.6348715424537659,,
6,56,0.8607195615768433,,
6,57,0.7013592720031738,,
6,58,0.534967839717865,,
6,59,0.6762906908988953,,
6,60,0.9612487554550171,,
6,61,0.770134449005127,,
6,62,0.5635449886322021,,
6,63,0.29907193779945374,,
6,64,0.7412563562393188,,
6,65,0.7323517799377441,,
6,66,0.6517691016197205,,
6,67,0.8015114068984985,,
6,68,0.560638964176178,,
6,69,0.42196619510650635,,
6,70,0.6903455257415771,,
6,71,0.6229230165481567,,
6,72,0.34654417634010315,,
6,73,0.5548081994056702,,
6,74,0.6957758069038391,,
6,75,0.7916291952133179,,
6,76,0.7594507932662964,,
6,77,0.7163704633712769,,
6,78,0.7399599552154541,,
6,79,0.65777188539505,,
6,80,0.5524924397468567,,
6,81,0.47083747386932373,,
6,82,0.7238519191741943,,
6,83,0.7333135604858398,,
6,84,0.3312307894229889,,
6,85,0.5712074041366577,,
6,86,0.8928477168083191,,
6,87,0.8225328326225281,,
6,88,0.7315564155578613,,
6,89,0.5509498119354248,,
6,90,0.7981064915657043,,
6,91,0.27711522579193115,,
6,92,0.7392637133598328,,
6,93,0.7431682348251343,,
6,94,0.6199101805686951,,
6,95,0.5467599630355835,,
6,96,0.801457405090332,,
6,97,0.5021804571151733,,
6,98,0.8684859871864319,,
6,99,0.4981934428215027,,
6,100,0.6280207633972168,,
6,101,0.7221225500106812,,
6,102,0.6905349493026733,,
6,103,0.6678028702735901,,
6,104,0.5792132019996643,,
6,105,0.8826826810836792,,
6,106,0.8608903288841248,,
6,107,0.77983558177948,,
6,108,0.7776967883110046,,
6,109,0.7185112237930298,,
6,110,0.4720511734485626,,
6,111,0.4679487943649292,,
6,112,0.5368506908416748,,
6,113,0.9526094198226929,,
6,114,0.6666783690452576,,
6,115,0.5864319205284119,,
6,116,0.43828898668289185,,
6,117,0.6462487578392029,,
6,118,0.6744159460067749,,
6,119,0.39536046981811523,,
6,120,0.4487922489643097,,
6,121,0.3429466187953949,,
6,122,0.7524644732475281,,
6,123,0.8884075880050659,,
6,124,0.7472501993179321,,
6,125,0.7203898429870605,,
6,126,0.5904008150100708,,
6,127,0.45991188287734985,,
6,128,0.5781785249710083,,
6,129,0.6381972432136536,,
6,130,0.7513630390167236,,
6,131,0.37806546688079834,,
6,132,0.6826242208480835,,
6,133,0.7537524700164795,,
6,134,0.52726811170578,,
6,135,0.6603795886039734,,
6,136,0.7849835157394409,,
6,137,0.6694491505622864,,
6,138,0.6796820163726807,,
6,139,0.6707041263580322,,
6,140,0.42009928822517395,,
7,0,0.668569028377533,,
7,1,0.6207942366600037,,
7,2,0.48194098472595215,,
7,3,0.6730204820632935,,
7,4,0.7047492265701294,,
7,5,0.47147995233535767,,
7,6,0.5472179055213928,,
7,7,0.7033562660217285,,
7,8,0.8225564956665039,,
7,9,0.7264877557754517,,
7,10,0.7185690999031067,,
7,11,0.5904192924499512,,
7,12,0.7084601521492004,,
7,13,0.6110360026359558,,
7,14,0.505333662033081,,
7,15,0.4612095355987549,,
7,16,0.8001534342765808,,
7,17,0.7555853724479675,,
7,18,0.5907680988311768,,
7,19,0.518028199672699,,
7,20,0.4587085545063019,,
7,21,0.794409453868866,,
7,22,0.7202314734458923,,
7,23,0.6773970723152161,,
7,24,0.8457955121994019,,
7,25,0.8233213424682617,,
7,26,0.7527011036872864,,
7,27,0.8226974606513977,,
7,28,0.769301176071167,,
7,29,0.8276489973068237,,
7,30,0.40879175066947937,,
7,31,0.6529889106750488,,
7,32,0.7863650918006897,,
7,33,0.7263247966766357,,
7,34,0.727111279964447,,
7,35,0.7502987384796143,,
7,36,0.8699998259544373,,
7,37,0.5287685394287109,,
7,38,0.8557896018028259,,
7,39,0.8087740540504456,,
7,40,0.5272502303123474,,
7,41,0.6240479350090027,,
7,42,0.7810406684875488,,
7,43,0.4964227080345154,,
7,44,0.5689104795455933,,
7,45,0.6924344301223755,,
7,46,0.4277588129043579,,
7,47,0.7427210211753845,,
7,48,0.7630772590637207,,
7,49,0.8274412155151367,,
7,50,0.38274112343788147,,
7,51,0.8510767817497253,,
7,52,0.6452542543411255,,
7,53,0.49112051725387573,,
7,54,0.7081311941146851,,
7,55,0.35726505517959595,,
7,56,0.5005244612693787,,
7,57,0.3350025713443756,,
7,58,0.3539935052394867,,
7,59,0.5562026500701904,,
7,60,0.7359546422958374,,
7,61,0.78181391954422,,
7,62,0.7231924533843994,,
7,63,0.7684424519538879,,
7,64,0.6579037308692932,,
7,65,0.643857479095459,,
7,66,0.503510057926178,,
7,67,0.3799835741519928,,
7,68,0.5934849977493286,,
7,69,0.5811692476272583,,
7,70,0.5696837902069092,,
7,71,0.9309970140457153,,
7,72,0.28949877619743347,,
7,73,0.8462108373641968,,
7,74,0.8249334692955017,,
7,75,0.8290967345237732,,
7,76,0.6883949637413025,,
7,77,0.6638899445533752,,
7,78,0.7756599187850952,,
7,79,0.8474607467651367,,
7,80,0.5981013178825378,,
7,81,0.6870366334915161,,
7,82,0.7276387214660645,,
7,83,0.7353214025497437,,
7,84,0.5277512073516846,,
7,85,0.6292939186096191,,
7,86,0.4407510459423065,,
7,87,0.9448673129081726,,
7,88,0.5602774024009705,,
7,89,0.5177809596061707,,
7,90,0.7364609837532043,,
7,91,0.6785211563110352,,
7,92,0.74119633436203,,
7,93,0.5270004272460938,,
7,94,0.1196504607796669,,
7,95,0.4157034158706665,,
7,96,0.8113774061203003,,
7,97,0.775118887424469,,
7,98,0.8810504674911499,,
7,99,0.7848816514015198,,
7,100,0.8087407946586609,,
7,101,0.8883004784584045,,
7,102,0.8520675897598267,,
7,103,0.8101106286048889,,
7,104,0.9177523851394653,,
7,105,0.720322847366333,,
7,106,0.7959113717079163,,
7,107,0.7461604475975037,,
7,108,0.8803616166114807,,
7,109,0.6545370221138,,
7,110,0.6954696774482727,,
7,111,0.632683515548706,,
7,112,0.49793142080307007,,
7,113,0.7932207584381104,,
7,114,0.7777292728424072,,
7,115,0.39696645736694336,,
7,116,0.7984853386878967,,
7,117,0.946480393409729,,
7,118,0.6582200527191162,,
7,119,0.7194992303848267,,
7,120,0.5209608674049377,,
7,121,0.6606577038764954,,
7,122,0.5858436822891235,,
7,123,0.5159355998039246,,
7,124,0.5705965757369995,,
7,125,0.6321373581886292,,
7,126,0.8001198768615723,,
7,127,0.7300891280174255,,
7,128,0.5691981315612793,,
7,129,0.8548339605331421,,
7,130,0.5932061672210693,,
7,131,0.6371118426322937,,
7,132,0.6753348112106323,,
7,133,0.6040412783622742,,
7,134,0.9279758930206299,,
7,135,0.2811560332775116,,
7,136,0.7440758347511292,,
7,137,0.5469306707382202,,
7,138,0.3530175983905792,,
7,139,0.6684169769287109,,
7,140,0.6964834332466125,,
8,0,0.807511568069458,,
8,1,0.6495981216430664,,
8,2,0.7791720628738403,,
8,3,0.7700088620185852,,
8,4,0.5066802501678467,,
8,5,0.7185336351394653,,
8,6,0.7621942758560181,,
8,7,0.9263619780540466,,
8,8,0.556747317314148,,
8,9,0.6844568252563477,,
8,10,0.5905920267105103,,
8,11,0.4736550748348236,,
8,12,0.5798048973083496,,
8,13,0.7713111042976379,,
8,14,0.9012491106987,,
8,15,0.5820330381393433,,
8,16,0.7330986261367798,,
8,17,0.6386702060699463,,
8,18,0.6534700989723206,,
8,19,0.34231147170066833,,
8,20,0.744942843914032,,
8,21,0.8622559309005737,,
8,22,0.3854116201400757,,
8,23,0.6075887084007263,,
8,24,0.614178478717804,,
8,25,0.5627197027206421,,
8,26,0.7960319519042969,,
8,27,0.8535385131835938,,
8,28,0.7225396037101746,,
8,29,0.3354455828666687,,
8,30,0.3623116910457611,,
8,31,0.4589287340641022,,
8,32,0.3481491208076477,,
8,33,0.37672415375709534,,
8,34,0.28488826751708984,,
8,35,0.8342987298965454,,
8,36,0.6752282977104187,,
8,37,0.39722660183906555,,
8,38,0.7213181257247925,,
8,39,0.7189822196960449,,
8,40,0.6713736653327942,,
8,41,0.8014621138572693,,
8,42,0.7607685923576355,,
8,43,0.8687146306037903,,
8,44,0.6444811224937439,,
8,45,0.7214481234550476,,
8,46,0.4109656810760498,,
8,47,0.819678783416748,,
8,48,0.480332612991333,,
8,49,0.7250359058380127,,
8,50,0.5264170169830322,,
8,51,0.4919772148132324,,
8,52,0.6233882308006287,,
8,53,0.3351922929286957,,
8,54,0.7976914048194885,,
8,55,0.35026732087135315,,
8,56,0.4746078848838806,,
8,57,0.5725301504135132,,
8,58,0.5955175161361694,,
8,59,0.9726886749267578,,
8,60,0.6918986439704895,,
8,61,0.43076610565185547,,
8,62,0.5941862463951111,,
8,63,0.8292385339736938,,
8,64,0.600378155708313,,
8,65,0.9158746600151062,,
8,66,0.7367745637893677,,
8,67,0.38803941011428833,,
8,68,0.4927772283554077,,
8,69,0.7406973242759705,,
8,70,0.6484553217887878,,
8,71,0.6833921670913696,,
8,72,0.605549693107605,,
8,73,0.6218183636665344,,
8,74,0.6806225180625916,,
8,75,0.5376692414283752,,
8,76,0.5411500930786133,,
8,77,0.5376379489898682,,
8,78,0.8529517650604248,,
8,79,0.8540400862693787,,
8,80,0.7754711508750916,,
8,81,0.7104796767234802,,
8,82,0.501797080039978,,
8,83,0.48441675305366516,,
8,84,0.7606392502784729,,
8,85,0.5794436931610107,,
8,86,0.6215009093284607,,
8,87,0.5131180882453918,,
8,88,0.2872332036495209,,
8,89,0.7845225930213928,,
8,90,0.9516173005104065,,
8,91,0.6738593578338623,,
8,92,0.46635815501213074,,
8,93,0.784005343914032,,
8,94,0.4900510311126709,,
8,95,0.9494240283966064,,
8,96,0.6235949993133545,,
8,97,0.9009319543838501,,
8,98,0.6422721743583679,,
8,99,0.5036600828170776,,
8,100,0.43066826462745667,,
8,101,0.8579109311103821,,
8,102,0.8968330025672913,,
8,103,0.43323999643325806,,
8,104,0.6869585514068604,,
8,105,0.8942992091178894,,
8,106,0.7341179251670837,,
8,107,0.3169659376144409,,
8,108,0.43328946828842163,,
8,109,0.7901445627212524,,
8,110,0.738539457321167,,
8,111,0.4113927483558655,,
8,112,0.575362503528595,,
8,113,0.8113242387771606,,
8,114,0.7381733059883118,,
8,115,0.8415320515632629,,
8,116,0.6231181025505066,,
8,117,0.7458422780036926,,
8,118,0.686030924320221,,
8,119,0.40802791714668274,,
8,120,0.5571681261062622,,
8,121,0.7900588512420654,,
8,122,0.8303319811820984,,
8,123,0.6201544404029846,,
8,124,0.4228340685367584,,
8,125,0.3393838405609131,,
8,126,0.9236562252044678,,
8,127,0.7941451072692871,,
8,128,0.8001232147216797,,
8,129,0.5852565765380859,,
8,130,0.6707704067230225,,
8,131,0.2530002295970917,,
8,132,0.7778643369674683,,
8,133,0.4887080788612366,,
8,134,0.508414089679718,,
8,135,0.6328648924827576,,
8,136,0.6138964295387268,,
8,137,0.7204243540763855,,
8,138,0.9437859058380127,,
8,139,0.6740451455116272,,
8,140,0.511667013168335,,
9,0,0.6378269195556641,,
9,1,0.5816327333450317,,
9,2,0.5351759195327759,,
9,3,0.6510842442512512,,
9,4,0.6950169205665588,,
9,5,0.7039176821708679,,
9,6,0.5754808187484741,,
9,7,0.7934329509735107,,
9,8,0.24193598330020905,,
9,9,0.5959327220916748,,
9,10,0.834567666053772,,
9,11,0.5291327834129333,,
9,12,0.5192854404449463,,
9,13,0.7865121960639954,,
9,14,0.8029098510742188,,
9,15,0.7411483526229858,,
9,16,0.47166308760643005,,
9,17,0.4971100986003876,,
9,18,0.3607233464717865,,
9,19,0.5413383841514587,,
9,20,0.42895078659057617,,
9,21,0.31941142678260803,,
9,22,0.9012244343757629,,
9,23,0.7628481388092041,,
9,24,0.6397438645362854,,
9,25,0.7641926407814026,,
9,26,0.5127055644989014,,
9,27,0.5631961822509766,,
9,28,0.8405012488365173,,
9,29,0.7648606300354004,,
9,30,0.7800745964050293,,
9,31,0.4231809079647064,,
9,32,0.5349187254905701,,
9,33,0.8787731528282166,,
9,34,0.7114201784133911,,
9,35,0.8308836817741394,,
9,36,0.5044687986373901,,
9,37,0.9267106056213379,,
9,38,0.910898745059967,,
9,39,0.704594612121582,,
9,40,0.964980959892273,,
9,41,0.7779467701911926,,
9,42,0.9055193662643433,,
9,43,0.7186548113822937,,
9,44,0.7639806866645813,,
9,45,0.8816991448402405,,
9,46,0.8412167429924011,,
9,47,0.7787908315658569,,
9,48,0.7195746302604675,,
9,49,0.7258161902427673,,
9,50,0.6216407418251038,,
9,51,0.4539266526699066,,
9,52,0.7906732559204102,,
9,53,0.5414549112319946,,
9,54,0.7845420241355896,,
9,55,0.9538945555686951,,
9,56,0.9541549682617188,,
9,57,0.7774133086204529,,
9,58,0.3438602387905121,,
9,59,0.8635588884353638,,
9,60,0.56863933801651,,
9,61,0.4262526035308838,,
9,62,0.6098026037216187,,
9,63,0.8582655191421509,,
9,64,0.8956570029258728,,
9,65,0.6378945112228394,,
9,66,0.7165339589118958,,
9,67,0.6838123202323914,,
9,68,0.88099205493927,,
9,69,0.6785593628883362,,
9,70,0.8551798462867737,,
9,71,0.9126333594322205,,
9,72,0.7490432858467102,,
9,73,0.6542507410049438,,
9,74,0.8006614446640015,,
9,75,0.791060745716095,,
9,76,0.6481802463531494,,
9,77,0.6894438862800598,,
9,78,0.8765547275543213,,
9,79,0.8497229814529419,,
9,80,0.8225935101509094,,
9,81,0.6725592613220215,,
9,82,0.883042573928833,,
9,83,0.3963819742202759,,
9,84,0.7677240371704102,,
9,85,0.7227622270584106,,
9,86,0.6475712656974792,,
9,87,0.7826744318008423,,
9,88,0.4419334828853607,,
9,89,0.7215883731842041,,
9,90,0.7472220659255981,,
9,91,0.7061449885368347,,
9,92,0.5652055740356445,,
9,93,0.5332404971122742,,
9,94,0.854066014289856,,
9,95,0.519503116607666,,
9,96,0.8292937874794006,,
9,97,0.644343912601471,,
9,98,0.6413336992263794,,
9,99,0.8486928939819336,,
9,100,0.828768253326416,,
9,101,0.9145112037658691,,
9,102,0.6611406207084656,,
9,103,0.619351863861084,,
9,104,0.43238621950149536,,
9,105,0.3806063234806061,,
9,106,0.8458882570266724,,
9,107,0.6176596879959106,,
9,108,0.6450773477554321,,
9,109,0.8598597049713135,,
9,110,0.8724457025527954,,
9,111,0.7724039554595947,,
9,112,0.8707538843154907,,
9,113,0.6917896270751953,,
9,114,0.317660391330719,,
9,115,0.6244927048683167,,
9,116,0.6472718715667725,,
9,117,0.8056719899177551,,
9,118,0.6734387278556824,,
9,119,0.5984939336776733,,
9,120,0.7291312217712402,,
9,121,0.6164426803588867,,
9,122,0.6786757111549377,,
9,123,0.4057920575141907,,
9,124,0.44629156589508057,,
9,125,0.6455475687980652,,
9,126,0.6940197348594666,,
9,127,0.8260343074798584,,
9,128,0.8413436412811279,,
9,129,0.8260406851768494,,
9,130,0.7909888625144958,,
9,131,0.7842731475830078,,
9,132,0.9140077233314514,,
9,133,0.7111997604370117,,
9,134,0.709524393081665,,
9,135,0.7879683971405029,,
9,136,0.7247931957244873,,
9,137,0.4173179566860199,,
9,138,0.4608438014984131,,
9,139,0.8705191612243652,,
9,140,0.5671906471252441,,
