epoch,batch,focal_loss,evidential_loss,total_loss
0,0,0.9540346264839172,0.8400489091873169,0.8970417976379395
0,1,0.9604138135910034,0.8155345916748047,0.887974202632904
0,2,0.9452047944068909,0.7929421663284302,0.8690735101699829
0,3,0.9535342454910278,0.7875065803527832,0.8705204129219055
0,4,0.9543414115905762,0.7795684337615967,0.8669549226760864
0,5,0.9399734139442444,0.7669658660888672,0.8534696102142334
0,6,0.9500997066497803,0.7581890821456909,0.8541443943977356
0,7,0.970308244228363,0.7542020082473755,0.8622550964355469
0,8,0.9384788274765015,0.7449039220809937,0.8416913747787476
0,9,0.9466478824615479,0.7380372285842896,0.8423425555229187
0,10,0.9434811472892761,0.7329286932945251,0.8382049202919006
0,11,0.962346076965332,0.7374418377876282,0.8498939275741577
0,12,0.944070041179657,0.7266126275062561,0.8353413343429565
0,13,0.9553001523017883,0.7249029278755188,0.8401015400886536
0,14,0.9492906928062439,0.7159740924835205,0.8326324224472046
0,15,0.9500740170478821,0.7149099707603455,0.8324919939041138
0,16,0.9394266605377197,0.7075276374816895,0.8234771490097046
0,17,0.958419919013977,0.7088693976402283,0.8336446285247803
0,18,0.9445199966430664,0.7035238742828369,0.8240219354629517
0,19,0.9568715691566467,0.6942098140716553,0.8255406618118286
0,20,0.9461669325828552,0.6917991042137146,0.8189830183982849
0,21,0.9477442502975464,0.689395010471344,0.8185696601867676
0,22,0.9685950875282288,0.6910629272460938,0.8298289775848389
0,23,0.9401839971542358,0.6822491884231567,0.8112165927886963
0,24,0.9351249933242798,0.6781054735183716,0.8066152334213257
0,25,0.9623637199401855,0.6827073693275452,0.822535514831543
0,26,0.9457870721817017,0.674571692943573,0.8101793527603149
0,27,0.9430215954780579,0.6710566878318787,0.8070391416549683
0,28,0.9513314962387085,0.6697259545326233,0.8105287551879883
0,29,0.9439255595207214,0.6660510301589966,0.8049882650375366
0,30,0.933936357498169,0.6649350523948669,0.7994357347488403
0,31,0.9244885444641113,0.6607942581176758,0.7926414012908936
0,32,0.9399166703224182,0.6682612299919128,0.8040889501571655
0,33,0.9577221870422363,0.6726434826850891,0.8151828050613403
0,34,0.9267980456352234,0.656281054019928,0.7915395498275757
0,35,0.9404396414756775,0.6599979400634766,0.8002188205718994
0,36,0.9448890686035156,0.6530507802963257,0.7989699244499207
0,37,0.9542517066001892,0.6584948897361755,0.8063732981681824
0,38,0.946479856967926,0.6507677435874939,0.79862380027771
0,39,0.9601713418960571,0.647413969039917,0.8037926554679871
0,40,0.9392503499984741,0.6442984938621521,0.7917743921279907
0,41,0.9492800235748291,0.6414678692817688,0.7953739166259766
0,42,0.9376975893974304,0.6417902708053589,0.7897439002990723
0,43,0.957014262676239,0.6400192379951477,0.7985167503356934
0,44,0.9543679356575012,0.6377613544464111,0.7960646152496338
0,45,0.941322922706604,0.6326433420181274,0.7869831323623657
0,46,0.9371986389160156,0.6306349039077759,0.7839167714118958
0,47,0.939085066318512,0.6236461400985718,0.7813656330108643
0,48,0.9634791612625122,0.6285396814346313,0.7960094213485718
0,49,0.9635066390037537,0.6250272393226624,0.794266939163208
0,50,0.9356730580329895,0.6155222654342651,0.7755976915359497
0,51,0.9353487491607666,0.6129979491233826,0.774173378944397
0,52,0.950995683670044,0.6153168082237244,0.7831562757492065
0,53,0.9509905576705933,0.6113633513450623,0.7811769247055054
0,54,0.9312112927436829,0.6105402112007141,0.7708757519721985
0,55,0.965212881565094,0.6142076849937439,0.789710283279419
0,56,0.9516112804412842,0.6061639189720154,0.7788876295089722
0,57,0.9367627501487732,0.6017588376998901,0.7692607641220093
0,58,0.940397322177887,0.6036006808280945,0.7719990015029907
0,59,0.9502583146095276,0.6031488180160522,0.7767035961151123
0,60,0.9703119397163391,0.6085931062698364,0.7894525527954102
0,61,0.9258262515068054,0.5975329279899597,0.7616795897483826
0,62,0.9443470239639282,0.5970539450645447,0.7707004547119141
0,63,0.9453743696212769,0.5954533219337463,0.770413875579834
0,64,0.9379345774650574,0.5937982797622681,0.7658663988113403
0,65,0.9320427179336548,0.5924363136291504,0.7622395157814026
0,66,0.9574747085571289,0.5985397696495056,0.7780072689056396
0,67,0.9203817248344421,0.5899838209152222,0.7551827430725098
0,68,0.940662145614624,0.58897465467453,0.7648184299468994
0,69,0.937717080116272,0.5861181020736694,0.7619175910949707
0,70,0.9472144246101379,0.5850672125816345,0.7661408185958862
0,71,0.9570005536079407,0.5876642465591431,0.7723324298858643
0,72,0.9251403212547302,0.5837754607200623,0.7544578909873962
0,73,0.9392192363739014,0.5828278064727783,0.7610235214233398
0,74,0.9305354356765747,0.579765796661377,0.7551506161689758
0,75,0.9195460081100464,0.5794089436531067,0.7494775056838989
0,76,0.936020016670227,0.5789760947227478,0.757498025894165
0,77,0.9469995498657227,0.5797512531280518,0.7633754014968872
0,78,0.9430451393127441,0.5769028067588806,0.7599740028381348
0,79,0.9494383335113525,0.5764926671981812,0.7629655003547668
0,80,0.9360128045082092,0.575426459312439,0.7557196617126465
0,81,0.9665113091468811,0.5762669444084167,0.7713891267776489
0,82,0.9333314895629883,0.5695092082023621,0.7514203786849976
0,83,0.9213853478431702,0.5673744082450867,0.7443798780441284
0,84,0.9479185342788696,0.5731502771377563,0.760534405708313
0,85,0.9112659096717834,0.5642327070236206,0.7377493381500244
0,86,0.9267131686210632,0.5656559467315674,0.7461845874786377
0,87,0.952623188495636,0.574113667011261,0.7633684277534485
0,88,0.9361975193023682,0.562240719795227,0.7492191195487976
0,89,0.9335787296295166,0.5597023367881775,0.7466405630111694
0,90,0.942227303981781,0.559389591217041,0.7508084774017334
0,91,0.9201989769935608,0.5571223497390747,0.7386606931686401
0,92,0.9093806743621826,0.55503910779953,0.7322099208831787
0,93,0.9491978883743286,0.5577753782272339,0.7534866333007812
0,94,0.9382354617118835,0.5561205744743347,0.7471780180931091
0,95,0.9198043346405029,0.5542024970054626,0.7370034456253052
0,96,0.9325292706489563,0.551331102848053,0.7419301867485046
0,97,0.9202989339828491,0.5482780933380127,0.7342885136604309
0,98,0.9346723556518555,0.5498793125152588,0.7422758340835571
0,99,0.9350531101226807,0.5485251545906067,0.7417891025543213
0,100,0.9362384080886841,0.5470014214515686,0.7416199445724487
0,101,0.9593381881713867,0.5494973659515381,0.7544177770614624
0,102,0.9373243451118469,0.5430559515953064,0.7401901483535767
0,103,0.9059605598449707,0.5399084091186523,0.7229344844818115
0,104,0.9425629377365112,0.5406928062438965,0.7416278719902039
0,105,0.9381297826766968,0.5411451458930969,0.7396374940872192
0,106,0.9490671157836914,0.5442236661911011,0.7466453909873962
0,107,0.9403092265129089,0.5378466844558716,0.7390779256820679
0,108,0.9504338502883911,0.5375588536262512,0.7439963817596436
0,109,0.9239334464073181,0.5342209935188293,0.7290772199630737
0,110,0.9378032684326172,0.5336652994155884,0.7357342839241028
0,111,0.9473426342010498,0.5343930721282959,0.7408678531646729
0,112,0.9605749249458313,0.5333351492881775,0.7469550371170044
0,113,0.9010439515113831,0.528228223323822,0.7146360874176025
0,114,0.9287013411521912,0.529105007648468,0.7289031744003296
0,115,0.912735104560852,0.5255024433135986,0.7191187739372253
0,116,0.9550699591636658,0.5309342741966248,0.7430021166801453
0,117,0.9417378306388855,0.5254493355751038,0.7335935831069946
0,118,0.9207180738449097,0.5230484008789062,0.721883237361908
0,119,0.9367250800132751,0.5229939818382263,0.7298595309257507
0,120,0.941936194896698,0.5218751430511475,0.7319056987762451
0,121,0.9360015392303467,0.5223024487495422,0.7291519641876221
0,122,0.9215269088745117,0.5192656517028809,0.7203962802886963
0,123,0.9500765800476074,0.5234789252281189,0.7367777824401855
0,124,0.9096512198448181,0.5159276723861694,0.7127894163131714
0,125,0.94040447473526,0.5170894861221313,0.7287470102310181
0,126,0.9403049945831299,0.5164479613304138,0.7283765077590942
0,127,0.9197231531143188,0.5140218734741211,0.71687251329422
0,128,0.9196867942810059,0.5127788782119751,0.7162328362464905
0,129,0.9147785902023315,0.511942982673645,0.7133607864379883
0,130,0.9091721177101135,0.5086128115653992,0.7088924646377563
0,131,0.8873891234397888,0.5086692571640015,0.6980291604995728
0,132,0.960231363773346,0.5133073925971985,0.7367693781852722
0,133,0.9307613372802734,0.5065722465515137,0.7186667919158936
0,134,0.9126582741737366,0.505831241607666,0.7092447280883789
0,135,0.8995492458343506,0.5028572678565979,0.7012032270431519
0,136,0.9080807566642761,0.5020129084587097,0.7050468325614929
0,137,0.919572651386261,0.5025773644447327,0.7110750079154968
0,138,0.9192004203796387,0.5008764266967773,0.710038423538208
0,139,0.9015198945999146,0.5006794929504395,0.701099693775177
0,140,0.8940362930297852,0.4982563257217407,0.6961463093757629
1,0,0.9371140003204346,0.49848467111587524,0.7177993059158325
1,1,0.9222659468650818,0.49664685130119324,0.7094563841819763
1,2,0.9101247191429138,0.4930531978607178,0.7015889883041382
1,3,0.8945494890213013,0.4930681884288788,0.6938088536262512
1,4,0.9236533641815186,0.49368008971214294,0.7086667418479919
1,5,0.9036521911621094,0.49162721633911133,0.6976397037506104
1,6,0.8863162994384766,0.4891399145126343,0.6877281069755554
1,7,0.9142947793006897,0.4903743863105774,0.7023345828056335
1,8,0.8810846209526062,0.48645955324172974,0.683772087097168
1,9,0.899053156375885,0.48576638102531433,0.6924097537994385
1,10,0.9406072497367859,0.48924657702445984,0.7149268984794617
1,11,0.9356245994567871,0.48690104484558105,0.7112628221511841
1,12,0.9139465093612671,0.48450976610183716,0.6992281675338745
1,13,0.9358327388763428,0.4843824505805969,0.7101075649261475
1,14,0.9252938628196716,0.4812828004360199,0.7032883167266846
1,15,0.9196516871452332,0.4802592098712921,0.6999554634094238
1,16,0.9084590673446655,0.47992968559265137,0.6941943764686584
1,17,0.9053933024406433,0.47744089365005493,0.6914170980453491
1,18,0.8990417122840881,0.4759390354156494,0.6874903440475464
1,19,0.9137638211250305,0.47819000482559204,0.6959769129753113
1,20,0.9304146766662598,0.47674158215522766,0.7035781145095825
1,21,0.9115979075431824,0.4733118712902069,0.6924548745155334
1,22,0.9260777235031128,0.47337454557418823,0.6997261047363281
1,23,0.896013617515564,0.47166967391967773,0.6838416457176208
1,24,0.8970208764076233,0.469784677028656,0.6834027767181396
1,25,0.9043148756027222,0.4695506691932678,0.6869328022003174
1,26,0.898321270942688,0.4676593244075775,0.682990312576294
1,27,0.938606321811676,0.47450557351112366,0.706555962562561
1,28,0.9079135656356812,0.46698808670043945,0.6874508261680603
1,29,0.9163119196891785,0.4655327796936035,0.6909223794937134
1,30,0.8960927128791809,0.46302658319473267,0.6795596480369568
1,31,0.9143827557563782,0.46394336223602295,0.689163088798523
1,32,0.8909658193588257,0.46079325675964355,0.6758795380592346
1,33,0.8868780136108398,0.4592278301715851,0.6730529069900513
1,34,0.8989143371582031,0.4593352675437927,0.6791248321533203
1,35,0.9380060434341431,0.46063128113746643,0.6993186473846436
1,36,0.8854714035987854,0.4585742652416229,0.672022819519043
1,37,0.9244924783706665,0.4602270722389221,0.6923598051071167
1,38,0.9016944169998169,0.4552358090877533,0.6784651279449463
1,39,0.9208292961120605,0.4559098482131958,0.6883695721626282
1,40,0.9127092361450195,0.45538783073425293,0.6840485334396362
1,41,0.9066157937049866,0.45242348313331604,0.6795196533203125
1,42,0.9066289067268372,0.4523586332798004,0.67949378490448
1,43,0.8791760206222534,0.4512885808944702,0.6652323007583618
1,44,0.915591835975647,0.45261141657829285,0.6841016411781311
1,45,0.887651264667511,0.4508320987224579,0.6692416667938232
1,46,0.9067028164863586,0.4489269554615021,0.6778149008750916
1,47,0.8722708821296692,0.4472004473209381,0.6597356796264648
1,48,0.8794805407524109,0.44658163189888,0.6630311012268066
1,49,0.906913161277771,0.4468176066875458,0.6768653988838196
1,50,0.9065422415733337,0.44339579343795776,0.6749690175056458
1,51,0.9048672914505005,0.4427582621574402,0.673812747001648
1,52,0.8965927362442017,0.4424189031124115,0.6695058345794678
1,53,0.8770530223846436,0.43953999876976013,0.658296525478363
1,54,0.9032978415489197,0.43957147002220154,0.6714346408843994
1,55,0.9248490929603577,0.439892441034317,0.6823707818984985
1,56,0.8510604500770569,0.43822264671325684,0.6446415185928345
1,57,0.8847517371177673,0.4370937645435333,0.6609227657318115
1,58,0.8653451800346375,0.43624991178512573,0.6507975459098816
1,59,0.9143052697181702,0.43693339824676514,0.67561936378479
1,60,0.8978090882301331,0.43424665927886963,0.6660279035568237
1,61,0.8723567128181458,0.4346339702606201,0.6534953117370605
1,62,0.8906617760658264,0.4325712025165558,0.6616165041923523
1,63,0.8714513182640076,0.43242311477661133,0.6519372463226318
1,64,0.8798102736473083,0.4325866401195526,0.6561984419822693
1,65,0.9030703902244568,0.429677814245224,0.6663740873336792
1,66,0.8803462386131287,0.4289976954460144,0.6546719670295715
1,67,0.879769504070282,0.4278724193572998,0.6538209915161133
1,68,0.9039416909217834,0.42760106921195984,0.6657713651657104
1,69,0.8536835312843323,0.42590656876564026,0.6397950649261475
1,70,0.8862188458442688,0.42532774806022644,0.6557732820510864
1,71,0.8808584213256836,0.4240754544734955,0.6524669528007507
1,72,0.8848236203193665,0.4237866699695587,0.6543051600456238
1,73,0.8596755862236023,0.42200297117233276,0.6408392786979675
1,74,0.8527327179908752,0.4230644702911377,0.6378985643386841
1,75,0.8965147137641907,0.42182376980781555,0.6591692566871643
1,76,0.8557953834533691,0.42134544253349304,0.6385704278945923
1,77,0.8613104224205017,0.4198383092880249,0.6405743360519409
1,78,0.8954419493675232,0.4210730493068695,0.6582574844360352
1,79,0.8592026829719543,0.41838496923446655,0.6387938261032104
1,80,0.846505880355835,0.41656309366226196,0.6315344572067261
1,81,0.8954518437385559,0.41745394468307495,0.6564528942108154
1,82,0.8931640982627869,0.4181537926197052,0.6556589603424072
1,83,0.8561151027679443,0.41678962111473083,0.6364523768424988
1,84,0.8692132234573364,0.41394734382629395,0.6415802836418152
1,85,0.8463161587715149,0.4137279987335205,0.6300220489501953
1,86,0.8754496574401855,0.4152803122997284,0.6453649997711182
1,87,0.9106698036193848,0.41346898674964905,0.6620693802833557
1,88,0.8587350249290466,0.4136542081832886,0.6361945867538452
1,89,0.8889268040657043,0.41137558221817017,0.6501511931419373
1,90,0.8120408654212952,0.4101921617984772,0.6111165285110474
1,91,0.8795101642608643,0.4098241627216339,0.6446671485900879
1,92,0.8301354050636292,0.4081089198589325,0.6191221475601196
1,93,0.8534437417984009,0.409252405166626,0.6313480734825134
1,94,0.8965862393379211,0.4107988476753235,0.6536925435066223
1,95,0.8883863091468811,0.4083767533302307,0.6483815312385559
1,96,0.8795439004898071,0.40538790822029114,0.6424658894538879
1,97,0.8373866081237793,0.4040968418121338,0.6207417249679565
1,98,0.8439863324165344,0.40238457918167114,0.6231854557991028
1,99,0.8773106932640076,0.4051002860069275,0.6412054896354675
1,100,0.9058539867401123,0.40539276599884033,0.6556233763694763
1,101,0.8762996792793274,0.40139642357826233,0.638848066329956
1,102,0.839433491230011,0.400071918964386,0.6197527050971985
1,103,0.8352246284484863,0.3987733721733093,0.6169990301132202
1,104,0.8762377500534058,0.3979348838329315,0.6370863318443298
1,105,0.8279969096183777,0.3965614438056946,0.6122791767120361
1,106,0.8546879887580872,0.39791592955589294,0.6263019442558289
1,107,0.8110266327857971,0.3951561748981476,0.6030914187431335
1,108,0.8487333655357361,0.3964230716228485,0.6225782036781311
1,109,0.8320274353027344,0.3994264602661133,0.6157269477844238
1,110,0.860499382019043,0.39477089047431946,0.62763512134552
1,111,0.8422260880470276,0.39074772596359253,0.6164869070053101
1,112,0.8424124121665955,0.39271047711372375,0.6175614595413208
1,113,0.8401522636413574,0.38937559723854065,0.6147639155387878
1,114,0.8613412380218506,0.389852374792099,0.625596821308136
1,115,0.7977848649024963,0.3877146244049072,0.5927497148513794
1,116,0.8100725412368774,0.3874819874763489,0.5987772941589355
1,117,0.8341544270515442,0.38665932416915894,0.6104068756103516
1,118,0.8378053903579712,0.38410088419914246,0.610953152179718
1,119,0.8724093437194824,0.38442331552505493,0.6284162998199463
1,120,0.8511311411857605,0.38432037830352783,0.6177257299423218
1,121,0.8726498484611511,0.38248953223228455,0.6275696754455566
1,122,0.7977948784828186,0.3812626302242279,0.5895287394523621
1,123,0.8100526332855225,0.3789042830467224,0.5944784879684448
1,124,0.8552398085594177,0.37943974137306213,0.6173397898674011
1,125,0.8118787407875061,0.3785383403301239,0.5952085256576538
1,126,0.8273496627807617,0.37616634368896484,0.6017580032348633
1,127,0.8310580849647522,0.375643789768219,0.6033509373664856
1,128,0.8165494799613953,0.3754984736442566,0.5960239768028259
1,129,0.8562254309654236,0.3743024170398712,0.6152639389038086
1,130,0.7970198392868042,0.37456440925598145,0.5857921242713928
1,131,0.775256872177124,0.37183722853660583,0.5735470652580261
1,132,0.8031095862388611,0.3713560104370117,0.5872328281402588
1,133,0.8077353239059448,0.3702745735645294,0.5890049338340759
1,134,0.7347277998924255,0.36956509947776794,0.5521464347839355
1,135,0.832281231880188,0.36955463886260986,0.6009179353713989
1,136,0.8324521780014038,0.37015822529792786,0.6013051867485046
1,137,0.8352401852607727,0.3683898448944092,0.6018149852752686
1,138,0.7989293336868286,0.3659178912639618,0.5824236273765564
1,139,0.8565657138824463,0.36550337076187134,0.6110345125198364
1,140,0.8148152232170105,0.36387842893600464,0.5893468260765076
2,0,0.7751098871231079,0.365890771150589,0.5705003142356873
2,1,0.8081493377685547,0.3629459738731384,0.585547685623169
2,2,0.7772596478462219,0.36204275488853455,0.569651186466217
2,3,0.825492799282074,0.36340850591659546,0.5944506525993347
2,4,0.7703803181648254,0.3610127866268158,0.5656965374946594
2,5,0.7722107172012329,0.35923489928245544,0.5657228231430054
2,6,0.7140545845031738,0.3588171601295471,0.5364358425140381
2,7,0.8008798956871033,0.35862603783607483,0.5797529816627502
2,8,0.7060711979866028,0.35656052827835083,0.5313158631324768
2,9,0.7765256762504578,0.35896605253219604,0.5677458643913269
2,10,0.7713032364845276,0.3549126982688904,0.563107967376709
2,11,0.7483407855033875,0.3554753065109253,0.551908016204834
2,12,0.7231600284576416,0.3529582917690277,0.5380591750144958
2,13,0.7339583039283752,0.35247743129730225,0.5432178974151611
2,14,0.8074163198471069,0.3524039387702942,0.579910159111023
2,15,0.7441282272338867,0.35017895698547363,0.5471535921096802
2,16,0.784456729888916,0.35082191228866577,0.5676393508911133
2,17,0.7338219285011292,0.3507826328277588,0.5423022508621216
2,18,0.8084205389022827,0.3491893708705902,0.5788049697875977
2,19,0.7855402231216431,0.3491712510585785,0.567355751991272
2,20,0.7182056903839111,0.3475343883037567,0.5328700542449951
2,21,0.7905600666999817,0.3482314348220825,0.5693957805633545
2,22,0.7638580799102783,0.3453329801559448,0.5545955300331116
2,23,0.7255054116249084,0.3460591733455658,0.5357822775840759
2,24,0.7812003493309021,0.3443918526172638,0.5627961158752441
2,25,0.8048363924026489,0.3461369574069977,0.5754866600036621
2,26,0.718932569026947,0.3452787697315216,0.5321056842803955
2,27,0.7755846977233887,0.3419792354106903,0.5587819814682007
2,28,0.7193986177444458,0.34111258387565613,0.5302556157112122
2,29,0.6370524168014526,0.3383016884326935,0.48767703771591187
2,30,0.7999205589294434,0.3420065939426422,0.5709635615348816
2,31,0.7172499299049377,0.3378717005252838,0.527560830116272
2,32,0.7254477143287659,0.3379564583301544,0.5317021012306213
2,33,0.7290714979171753,0.33716535568237305,0.5331184267997742
2,34,0.784147322177887,0.33835598826408386,0.5612516403198242
2,35,0.7019637823104858,0.33861082792282104,0.520287275314331
2,36,0.7771142721176147,0.3366720676422119,0.5568931698799133
2,37,0.7104504704475403,0.3378257751464844,0.5241380929946899
2,38,0.6983258128166199,0.33407264947891235,0.5161992311477661
2,39,0.7351000905036926,0.33592021465301514,0.5355101823806763
2,40,0.7278383374214172,0.338567316532135,0.5332028269767761
2,41,0.657989501953125,0.33577364683151245,0.4968815743923187
2,42,0.6969148516654968,0.3348362147808075,0.515875518321991
2,43,0.6943917274475098,0.33432674407958984,0.5143592357635498
2,44,0.6657876968383789,0.3344954550266266,0.5001415610313416
2,45,0.7027409672737122,0.3339803218841553,0.5183606147766113
2,46,0.6780091524124146,0.33200550079345703,0.5050073266029358
2,47,0.6649723052978516,0.33188703656196594,0.49842965602874756
2,48,0.70101398229599,0.33102962374687195,0.5160217881202698
2,49,0.6466594338417053,0.32990241050720215,0.48828092217445374
2,50,0.6402086019515991,0.33065375685691833,0.4854311943054199
2,51,0.696167528629303,0.32990118861198425,0.5130343437194824
2,52,0.671145498752594,0.3281009793281555,0.49962323904037476
2,53,0.645011842250824,0.32531213760375977,0.48516198992729187
2,54,0.6788037419319153,0.3277023732662201,0.5032530426979065
2,55,0.6391719579696655,0.32585230469703674,0.48251211643218994
2,56,0.7048956751823425,0.3262178599834442,0.5155567526817322
2,57,0.7201200127601624,0.33028537034988403,0.5252026915550232
2,58,0.7348854541778564,0.32786279916763306,0.5313740968704224
2,59,0.6064755916595459,0.32282698154449463,0.46465128660202026
2,60,0.689642071723938,0.32191792130470276,0.5057799816131592
2,61,0.6683961749076843,0.32131388783454895,0.49485504627227783
2,62,0.7026819586753845,0.32021409273147583,0.5114480257034302
2,63,0.6592442393302917,0.3211171627044678,0.49018070101737976
2,64,0.675967812538147,0.32142436504364014,0.49869608879089355
2,65,0.7583717703819275,0.3247167468070984,0.5415442585945129
2,66,0.5937973856925964,0.3184644877910614,0.4561309218406677
2,67,0.5862051248550415,0.3160397708415985,0.4511224627494812
2,68,0.6739076375961304,0.31587398052215576,0.49489080905914307
2,69,0.6682296395301819,0.3142326772212982,0.49123114347457886
2,70,0.5781927704811096,0.3149932324886322,0.4465929865837097
2,71,0.7152271866798401,0.3141219913959503,0.5146746039390564
2,72,0.6941472887992859,0.31313568353652954,0.5036414861679077
2,73,0.6243202686309814,0.31161996722221375,0.4679701328277588
2,74,0.659614086151123,0.31015127897262573,0.4848826825618744
2,75,0.6128177046775818,0.3118503987789154,0.4623340368270874
2,76,0.6140012145042419,0.3091281056404114,0.46156466007232666
2,77,0.6317206025123596,0.3086632788181305,0.47019195556640625
2,78,0.5859817862510681,0.3075183928012848,0.44675010442733765
2,79,0.683837890625,0.3069177567958832,0.4953778386116028
2,80,0.6317775845527649,0.3066423833370209,0.4692099690437317
2,81,0.5619739890098572,0.30600500106811523,0.4339894950389862
2,82,0.5295520424842834,0.30455583333969116,0.4170539379119873
2,83,0.6108585000038147,0.3041611313819885,0.4575098156929016
2,84,0.5343936085700989,0.3039475977420807,0.419170618057251
2,85,0.5341445207595825,0.30396753549575806,0.4190560281276703
2,86,0.6156677007675171,0.30299854278564453,0.4593331217765808
2,87,0.5606335401535034,0.30166396498680115,0.4311487674713135
2,88,0.7121780514717102,0.3010736405849457,0.5066258311271667
2,89,0.6382222175598145,0.29978737235069275,0.4690048098564148
2,90,0.519980788230896,0.3003571927547455,0.41016900539398193
2,91,0.5569682121276855,0.2979842722415924,0.4274762272834778
2,92,0.6526152491569519,0.299267053604126,0.47594115138053894
2,93,0.5771335959434509,0.29776737093925476,0.43745046854019165
2,94,0.5127992033958435,0.29812827706336975,0.4054637551307678
2,95,0.5475241541862488,0.2953520715236664,0.4214380979537964
2,96,0.49820536375045776,0.2961045503616333,0.39715495705604553
2,97,0.6047037243843079,0.29651567339897156,0.4506096839904785
2,98,0.5385375618934631,0.29368534684181213,0.41611146926879883
2,99,0.48961716890335083,0.2936764359474182,0.3916468024253845
2,100,0.5037981867790222,0.2938418388366699,0.39882001280784607
2,101,0.524021327495575,0.2934710681438446,0.4087461829185486
2,102,0.5724947452545166,0.2910412549972534,0.431768000125885
2,103,0.5759406685829163,0.289852499961853,0.43289658427238464
2,104,0.4760383665561676,0.2890513837337494,0.3825448751449585
2,105,0.5351210236549377,0.28848201036453247,0.4118015170097351
2,106,0.4893074631690979,0.2875630557537079,0.3884352445602417
2,107,0.5301777720451355,0.2877419888973236,0.40895986557006836
2,108,0.5666756629943848,0.2865018844604492,0.426588773727417
2,109,0.5198221206665039,0.28577712178230286,0.4027996063232422
2,110,0.44158968329429626,0.28714942932128906,0.36436957120895386
2,111,0.4685414731502533,0.28583183884620667,0.37718665599823
2,112,0.6427236199378967,0.28670498728752136,0.46471428871154785
2,113,0.38492530584335327,0.28362801671028137,0.3342766761779785
2,114,0.436950147151947,0.2826806604862213,0.35981541872024536
2,115,0.6317988038063049,0.28382357954978943,0.457811176776886
2,116,0.49743393063545227,0.28237393498420715,0.3899039328098297
2,117,0.44521498680114746,0.28107622265815735,0.3631455898284912
2,118,0.4679866135120392,0.27978286147117615,0.37388473749160767
2,119,0.38670143485069275,0.2793390154838562,0.3330202102661133
2,120,0.49915096163749695,0.28032928705215454,0.38974010944366455
2,121,0.4195786416530609,0.2783609926700592,0.34896981716156006
2,122,0.41897544264793396,0.27724501490592957,0.34811022877693176
2,123,0.39336276054382324,0.27696987986564636,0.335166335105896
2,124,0.4041357934474945,0.2772251069545746,0.34068045020103455
2,125,0.3922034800052643,0.2761681377887726,0.33418580889701843
2,126,0.4576020836830139,0.27707380056381226,0.3673379421234131
2,127,0.5314574837684631,0.27527469396591187,0.4033660888671875
2,128,0.39062196016311646,0.27741116285324097,0.3340165615081787
2,129,0.42622244358062744,0.27371323108673096,0.3499678373336792
2,130,0.42307960987091064,0.2747432589530945,0.34891143441200256
2,131,0.45674267411231995,0.2732568085193634,0.3649997413158417
2,132,0.47364556789398193,0.2728503346443176,0.3732479512691498
2,133,0.5160569548606873,0.272981733083725,0.3945193290710449
2,134,0.36373454332351685,0.2718399167060852,0.317787230014801
2,135,0.43739053606987,0.27152132987976074,0.35445594787597656
2,136,0.36878758668899536,0.2704312205314636,0.3196094036102295
2,137,0.4286182224750519,0.2703492045402527,0.3494837284088135
2,138,0.43367037177085876,0.2704220712184906,0.3520462214946747
2,139,0.3579714000225067,0.27004924416542053,0.3140103220939636
2,140,0.4779874086380005,0.26886606216430664,0.37342673540115356
3,0,0.39566659927368164,0.2692975699901581,0.33248209953308105
3,1,0.3448065221309662,0.26740115880966187,0.30610382556915283
3,2,0.40764716267585754,0.2663707435131073,0.3370089530944824
3,3,0.3847518563270569,0.2661478519439697,0.3254498541355133
3,4,0.37584373354911804,0.26492631435394287,0.32038503885269165
3,5,0.3893915116786957,0.2646913230419159,0.3270414173603058
3,6,0.4273362159729004,0.2656307518482208,0.3464834690093994
3,7,0.38828322291374207,0.2642483413219452,0.32626578211784363
3,8,0.3603009581565857,0.26315855979919434,0.31172975897789
3,9,0.4174925982952118,0.2620927691459656,0.3397926688194275
3,10,0.3584364056587219,0.2635580599308014,0.31099724769592285
3,11,0.3219894766807556,0.2631765305995941,0.29258298873901367
3,12,0.3565714657306671,0.26163268089294434,0.30910205841064453
3,13,0.31841251254081726,0.26020464301109314,0.2893085777759552
3,14,0.627415657043457,0.26250162720680237,0.4449586272239685
3,15,0.5737677812576294,0.2603178024291992,0.4170427918434143
3,16,0.35084661841392517,0.26043587923049927,0.305641233921051
3,17,0.33408549427986145,0.2603802978992462,0.29723289608955383
3,18,0.3664078116416931,0.2598978877067566,0.31315284967422485
3,19,0.3804987370967865,0.259321004152298,0.31990987062454224
3,20,0.334345281124115,0.25917524099349976,0.2967602610588074
3,21,0.28304988145828247,0.25694364309310913,0.2699967622756958
3,22,0.2510567605495453,0.256960391998291,0.25400859117507935
3,23,0.2569486200809479,0.2576112151145935,0.2572799324989319
3,24,0.31120648980140686,0.2560572028160095,0.2836318612098694
3,25,0.37606844305992126,0.25799858570098877,0.3170335292816162
3,26,0.3670092225074768,0.25384342670440674,0.3104263246059418
3,27,0.2828267812728882,0.25605931878089905,0.2694430351257324
3,28,0.3423928916454315,0.25423774123191833,0.2983153164386749
3,29,0.27369922399520874,0.25470593571662903,0.2642025947570801
3,30,0.4258667528629303,0.25233158469200134,0.3390991687774658
3,31,0.4096602201461792,0.2521717846393585,0.33091598749160767
3,32,0.30794066190719604,0.25176942348480225,0.27985504269599915
3,33,0.2926420569419861,0.25084608793258667,0.2717440724372864
3,34,0.2360449880361557,0.25068768858909607,0.2433663308620453
3,35,0.3220973610877991,0.24996532499790192,0.2860313355922699
3,36,0.37409794330596924,0.24958638846874237,0.3118421733379364
3,37,0.2802567481994629,0.2507024109363556,0.26547956466674805
3,38,0.3217295706272125,0.24798543751239777,0.28485751152038574
3,39,0.2999071180820465,0.24846795201301575,0.27418753504753113
3,40,0.42627593874931335,0.24760164320468903,0.3369387984275818
3,41,0.3657405376434326,0.2484099268913269,0.30707523226737976
3,42,0.2838628888130188,0.24818678200244904,0.2660248279571533
3,43,0.3586031198501587,0.2466215044260025,0.3026123046875
3,44,0.260616660118103,0.2461531162261963,0.25338488817214966
3,45,0.20676444470882416,0.2455790936946869,0.22617176175117493
3,46,0.2538143992424011,0.24811187386512756,0.25096315145492554
3,47,0.2553927004337311,0.24415752291679382,0.24977511167526245
3,48,0.24622805416584015,0.24497851729393005,0.2456032931804657
3,49,0.3506542146205902,0.24460741877555847,0.29763081669807434
3,50,0.24223898351192474,0.24305127561092377,0.24264512956142426
3,51,0.2493109554052353,0.24550403654575348,0.24740749597549438
3,52,0.32287392020225525,0.24467115104198456,0.2837725281715393
3,53,0.2959653437137604,0.24338515102863312,0.26967525482177734
3,54,0.25609180331230164,0.2432565987110138,0.24967420101165771
3,55,0.20242571830749512,0.24154521524906158,0.22198545932769775
3,56,0.3949856460094452,0.2421400547027588,0.3185628652572632
3,57,0.25577017664909363,0.2434239238500595,0.24959704279899597
3,58,0.34321388602256775,0.24053019285202026,0.2918720245361328
3,59,0.286856472492218,0.23995524644851685,0.26340585947036743
3,60,0.2565660774707794,0.2390233427286148,0.2477947175502777
3,61,0.21375498175621033,0.2405894249677658,0.22717219591140747
3,62,0.3362676203250885,0.23987120389938354,0.2880694270133972
3,63,0.221921905875206,0.23813262581825256,0.23002725839614868
3,64,0.31193673610687256,0.24001151323318481,0.2759741246700287
3,65,0.3413657546043396,0.23786097764968872,0.28961336612701416
3,66,0.20209820568561554,0.23688006401062012,0.21948912739753723
3,67,0.2549811601638794,0.2394489347934723,0.24721504747867584
3,68,0.24101710319519043,0.23654785752296448,0.23878248035907745
3,69,0.33935487270355225,0.23590582609176636,0.2876303493976593
3,70,0.2644137442111969,0.23749695718288422,0.25095534324645996
3,71,0.22395674884319305,0.23673087358474731,0.23034381866455078
3,72,0.24204525351524353,0.23414340615272522,0.23809432983398438
3,73,0.30004480481147766,0.23421616852283478,0.2671304941177368
3,74,0.2128637135028839,0.2339298129081726,0.22339676320552826
3,75,0.18966276943683624,0.2344745248556137,0.21206864714622498
3,76,0.20881417393684387,0.2351832091808319,0.2219986915588379
3,77,0.2791084349155426,0.23226584494113922,0.2556871473789215
3,78,0.19456534087657928,0.23339153826236725,0.21397843956947327
3,79,0.24088887870311737,0.23373237252235413,0.23731061816215515
3,80,0.245335653424263,0.2337895929813385,0.23956263065338135
3,81,0.24735815823078156,0.23035767674446106,0.2388579249382019
3,82,0.19320054352283478,0.23213842511177063,0.2126694917678833
3,83,0.15412627160549164,0.2304033488035202,0.19226481020450592
3,84,0.22426477074623108,0.2300671488046646,0.22716596722602844
3,85,0.18620982766151428,0.23018649220466614,0.2081981599330902
3,86,0.2288433015346527,0.22948384284973145,0.22916357219219208
3,87,0.24007990956306458,0.2302260398864746,0.2351529747247696
3,88,0.21477727591991425,0.22842775285243988,0.22160251438617706
3,89,0.23144832253456116,0.22789175808429718,0.22967004776000977
3,90,0.3353542685508728,0.23040010035037994,0.2828771770000458
3,91,0.18569399416446686,0.22925244271755219,0.20747321844100952
3,92,0.1974145770072937,0.22924789786338806,0.21333123743534088
3,93,0.2050306797027588,0.22947967052459717,0.21725517511367798
3,94,0.3920360505580902,0.2325964719057083,0.31231626868247986
3,95,0.1427500694990158,0.22709472477436066,0.18492239713668823
3,96,0.2521253824234009,0.22777479887008667,0.23995009064674377
3,97,0.23054485023021698,0.22619524598121643,0.2283700406551361
3,98,0.23305726051330566,0.22642815113067627,0.22974270582199097
3,99,0.25008031725883484,0.22567713260650635,0.2378787249326706
3,100,0.30704858899116516,0.22650086879730225,0.2667747139930725
3,101,0.16374093294143677,0.2255706638097763,0.19465580582618713
3,102,0.19307830929756165,0.22574664652347565,0.20941248536109924
3,103,0.1769142895936966,0.22468788921833038,0.2008010894060135
3,104,0.3487151861190796,0.22484318912029266,0.2867791950702667
3,105,0.2032543122768402,0.22365784645080566,0.21345607936382294
3,106,0.2784388065338135,0.2243761122226715,0.2514074444770813
3,107,0.22070880234241486,0.2262430042028427,0.22347590327262878
3,108,0.3512333333492279,0.22647660970687866,0.2888549566268921
3,109,0.23415371775627136,0.22606512904167175,0.23010942339897156
3,110,0.2204006463289261,0.22254662215709686,0.22147363424301147
3,111,0.17307201027870178,0.22193926572799683,0.1975056380033493
3,112,0.2144235223531723,0.22270096838474274,0.21856224536895752
3,113,0.21992246806621552,0.22341541945934296,0.22166894376277924
3,114,0.23024599254131317,0.22106052935123444,0.2256532609462738
3,115,0.15774349868297577,0.2225048989057541,0.19012419879436493
3,116,0.12106296420097351,0.22000233829021454,0.17053264379501343
3,117,0.17178291082382202,0.220414936542511,0.1960989236831665
3,118,0.1286415457725525,0.21898390352725983,0.17381271719932556
3,119,0.18505707383155823,0.21954898536205292,0.20230302214622498
3,120,0.2204534113407135,0.2199791967868805,0.220216304063797
3,121,0.1266985982656479,0.21881479024887085,0.17275670170783997
3,122,0.1604692041873932,0.22019727528095245,0.19033324718475342
3,123,0.20900680124759674,0.2179964780807495,0.21350163221359253
3,124,0.22859077155590057,0.2184639871120453,0.22352737188339233
3,125,0.2553544044494629,0.2181491106748581,0.2367517650127411
3,126,0.1633787602186203,0.21710313856601715,0.19024094939231873
3,127,0.19452020525932312,0.21619972586631775,0.20535996556282043
3,128,0.31656259298324585,0.22123396396636963,0.26889827847480774
3,129,0.180249884724617,0.2181302160024643,0.19919005036354065
3,130,0.16466516256332397,0.2151043713092804,0.18988476693630219
3,131,0.12504048645496368,0.21508541703224182,0.17006295919418335
3,132,0.21548549830913544,0.21652352809906006,0.21600452065467834
3,133,0.15970535576343536,0.21538223326206207,0.18754379451274872
3,134,0.23571139574050903,0.21780535578727722,0.22675837576389313
3,135,0.17915239930152893,0.2146834284067154,0.19691792130470276
3,136,0.15286222100257874,0.21734970808029175,0.18510596454143524
3,137,0.23252394795417786,0.21689820289611816,0.224711075425148
3,138,0.22582067549228668,0.21525707840919495,0.2205388844013214
3,139,0.15561948716640472,0.2140079289674759,0.1848137080669403
3,140,0.1732589304447174,0.21265654265880585,0.19295772910118103
4,0,0.16309934854507446,0.21269938349723816,0.1878993660211563
4,1,0.1372087150812149,0.21355269849300385,0.17538070678710938
4,2,0.20809213817119598,0.21501514315605164,0.2115536332130432
4,3,0.1335780769586563,0.2125658243894577,0.173071950674057
4,4,0.15040135383605957,0.21189843118190765,0.1811498999595642
4,5,0.21333466470241547,0.2132072150707245,0.21327093243598938
4,6,0.28102347254753113,0.2164643108844757,0.24874389171600342
4,7,0.15657904744148254,0.21075835824012756,0.18366870284080505
4,8,0.1402224600315094,0.20989085733890533,0.17505666613578796
4,9,0.2066178321838379,0.21071581542491913,0.2086668312549591
4,10,0.19479060173034668,0.20995952188968658,0.20237505435943604
4,11,0.17991089820861816,0.2138175666332245,0.19686423242092133
4,12,0.12690356373786926,0.21052813529968262,0.16871584951877594
4,13,0.1770138293504715,0.210367351770401,0.19369059801101685
4,14,0.17904280126094818,0.20929445326328278,0.19416862726211548
4,15,0.23484070599079132,0.2096049040555954,0.22222280502319336
4,16,0.21006368100643158,0.2097731977701187,0.20991843938827515
4,17,0.21437084674835205,0.20914927124977112,0.21176005899906158
4,18,0.20488062500953674,0.21139559149742126,0.208138108253479
4,19,0.15747660398483276,0.208979070186615,0.18322783708572388
4,20,0.14812900125980377,0.2104382961988449,0.17928364872932434
4,21,0.15567314624786377,0.2103753387928009,0.18302424252033234
4,22,0.11722419410943985,0.2076631635427475,0.16244368255138397
4,23,0.18522435426712036,0.20820392668247223,0.1967141330242157
4,24,0.19451329112052917,0.2075895220041275,0.20105141401290894
4,25,0.16091154515743256,0.2063453644514084,0.18362845480442047
4,26,0.13845285773277283,0.20625987648963928,0.17235636711120605
4,27,0.13304594159126282,0.20756806433200836,0.1703070104122162
4,28,0.12411186099052429,0.2048109620809555,0.1644614040851593
4,29,0.1193784773349762,0.20481692254543304,0.16209769248962402
4,30,0.1653185486793518,0.2050756812095642,0.185197114944458
4,31,0.16638587415218353,0.20541556179523468,0.1859007179737091
4,32,0.1194731816649437,0.2042958289384842,0.16188450157642365
4,33,0.1350523978471756,0.20485197007656097,0.1699521839618683
4,34,0.15833432972431183,0.20376552641391754,0.18104992806911469
4,35,0.22231177985668182,0.20423920452594757,0.2132754921913147
4,36,0.1826503872871399,0.2055627852678299,0.1941065788269043
4,37,0.12094920128583908,0.20226933062076569,0.16160926222801208
4,38,0.1077561229467392,0.2030186802148819,0.15538740158081055
4,39,0.10304299741983414,0.20281700789928436,0.15293000638484955
4,40,0.1199641227722168,0.20349712669849396,0.16173061728477478
4,41,0.1822206825017929,0.20291045308113098,0.19256556034088135
4,42,0.1331120878458023,0.2016519159078598,0.16738200187683105
4,43,0.15832695364952087,0.20415392518043518,0.18124043941497803
4,44,0.13788940012454987,0.20332258939743042,0.17060598731040955
4,45,0.2651478052139282,0.2034119814634323,0.23427990078926086
4,46,0.20735998451709747,0.20263245701789856,0.2049962282180786
4,47,0.13958053290843964,0.2027088850736618,0.17114470899105072
4,48,0.18493135273456573,0.20296737551689148,0.1939493715763092
4,49,0.11514146625995636,0.2008545696735382,0.15799802541732788
4,50,0.16400431096553802,0.20371803641319275,0.1838611662387848
4,51,0.145868182182312,0.20299899578094482,0.17443358898162842
4,52,0.13454321026802063,0.2000412940979004,0.1672922521829605
4,53,0.1345594823360443,0.20073212683200836,0.16764581203460693
4,54,0.13940253853797913,0.20011712610721588,0.1697598397731781
4,55,0.1658705323934555,0.20043432712554932,0.183152437210083
4,56,0.12323879450559616,0.19941549003124237,0.16132713854312897
4,57,0.1606205254793167,0.19832643866539001,0.17947348952293396
4,58,0.1490136831998825,0.19944939017295837,0.17423152923583984
4,59,0.18515042960643768,0.20117829740047455,0.19316436350345612
4,60,0.13502594828605652,0.1986793875694275,0.166852667927742
4,61,0.11988648772239685,0.20176531374454498,0.1608259081840515
4,62,0.10662420094013214,0.1988273561000824,0.15272578597068787
4,63,0.19520880281925201,0.19715796411037445,0.19618338346481323
4,64,0.15922047197818756,0.19689147174358368,0.17805597186088562
4,65,0.1495443731546402,0.1963987797498703,0.17297157645225525
4,66,0.10233514755964279,0.19810622930526733,0.15022069215774536
4,67,0.14918746054172516,0.19577237963676453,0.17247992753982544
4,68,0.1700885146856308,0.19769108295440674,0.18388980627059937
4,69,0.11978034675121307,0.19677892327308655,0.1582796275615692
4,70,0.17234626412391663,0.19773724675178528,0.18504175543785095
4,71,0.17525053024291992,0.19983510673046112,0.18754282593727112
4,72,0.15921761095523834,0.1984712928533554,0.17884445190429688
4,73,0.13272839784622192,0.19718223810195923,0.16495531797409058
4,74,0.11450818181037903,0.1948956996202469,0.15470194816589355
4,75,0.08404525369405746,0.19448629021644592,0.139265775680542
4,76,0.12042303383350372,0.19540183246135712,0.15791243314743042
4,77,0.14236678183078766,0.19718720018863678,0.16977699100971222
4,78,0.10034946352243423,0.1953793168067932,0.14786438643932343
4,79,0.15324120223522186,0.1954626441001892,0.17435193061828613
4,80,0.08908297121524811,0.19349049031734467,0.1412867307662964
4,81,0.17309021949768066,0.19455376267433167,0.18382199108600616
4,82,0.12873022258281708,0.19356319308280945,0.16114670038223267
4,83,0.14457188546657562,0.19359023869037628,0.16908106207847595
4,84,0.21678003668785095,0.1968439668416977,0.20681199431419373
4,85,0.15630391240119934,0.1934804618358612,0.17489218711853027
4,86,0.15192702412605286,0.19709886610507965,0.17451295256614685
4,87,0.1276031732559204,0.19645154476165771,0.16202735900878906
4,88,0.13681764900684357,0.19198213517665863,0.1643998920917511
4,89,0.11316273361444473,0.19150124490261078,0.15233199298381805
4,90,0.09115095436573029,0.19155950844287872,0.1413552314043045
4,91,0.08595889061689377,0.1911815106868744,0.13857020437717438
4,92,0.17219024896621704,0.19206468760967255,0.1821274757385254
4,93,0.09179539978504181,0.1923569142818451,0.14207616448402405
4,94,0.14961673319339752,0.19265848398208618,0.17113760113716125
4,95,0.11049816757440567,0.19158899784088135,0.1510435789823532
4,96,0.12782180309295654,0.19138407707214355,0.15960294008255005
4,97,0.15581953525543213,0.19517937302589417,0.17549945414066315
4,98,0.09764260053634644,0.1899053007364273,0.14377394318580627
4,99,0.0964474081993103,0.19222812354564667,0.14433777332305908
4,100,0.11385919153690338,0.1898714303970337,0.15186530351638794
4,101,0.10563778877258301,0.1903911679983139,0.14801448583602905
4,102,0.12205676734447479,0.19097425043582916,0.15651550889015198
4,103,0.09226424247026443,0.19042785465717316,0.1413460522890091
4,104,0.09369973093271255,0.19090889394283295,0.14230431616306305
4,105,0.09294697642326355,0.18924041092395782,0.14109370112419128
4,106,0.13806188106536865,0.1897146850824356,0.16388827562332153
4,107,0.11806290596723557,0.1888250708580017,0.15344399213790894
4,108,0.10553726553916931,0.18764689564704895,0.14659208059310913
4,109,0.09386478364467621,0.18748396635055542,0.1406743824481964
4,110,0.11283572018146515,0.18897227942943573,0.15090399980545044
4,111,0.09114772081375122,0.18765872716903687,0.13940322399139404
4,112,0.12112507969141006,0.18788397312164307,0.15450452268123627
4,113,0.10632707923650742,0.18756116926670074,0.14694412052631378
4,114,0.1737862229347229,0.1872331202030182,0.18050967156887054
4,115,0.09165408462285995,0.1871355026960373,0.13939478993415833
4,116,0.09495261311531067,0.1893756091594696,0.14216411113739014
4,117,0.08740546554327011,0.18608227372169495,0.13674387335777283
4,118,0.0973614901304245,0.18650254607200623,0.14193201065063477
4,119,0.14387182891368866,0.1859382838010788,0.16490505635738373
4,120,0.11939151585102081,0.18609663844108582,0.1527440845966339
4,121,0.14392386376857758,0.18986622989177704,0.1668950468301773
4,122,0.12517617642879486,0.1891145259141922,0.15714535117149353
4,123,0.08595123142004013,0.1880364567041397,0.13699384033679962
4,124,0.10212960094213486,0.18513190746307373,0.1436307579278946
4,125,0.09233134984970093,0.18457283079624176,0.13845208287239075
4,126,0.10926471650600433,0.1846940517425537,0.14697939157485962
4,127,0.17388013005256653,0.18584977090358734,0.17986494302749634
4,128,0.0893765464425087,0.1853855848312378,0.13738106191158295
4,129,0.07739988714456558,0.18518514931201935,0.13129252195358276
4,130,0.12282883375883102,0.18612220883369446,0.15447552502155304
4,131,0.10480992496013641,0.18503180146217346,0.14492085576057434
4,132,0.12518559396266937,0.18473316729068756,0.15495938062667847
4,133,0.1521845906972885,0.18364425003528595,0.16791442036628723
4,134,0.15072035789489746,0.18272878229618073,0.1667245626449585
4,135,0.11685390025377274,0.1843651533126831,0.15060952305793762
4,136,0.1011350080370903,0.1850060373544693,0.1430705189704895
4,137,0.22786524891853333,0.19055089354515076,0.20920807123184204
4,138,0.10183251649141312,0.18553413450717926,0.1436833292245865
4,139,0.0981113463640213,0.18256250023841858,0.14033693075180054
4,140,0.11765662580728531,0.18220047652721405,0.14992855489253998
5,0,0.08898460119962692,0.18264417350292206,0.1358143836259842
5,1,0.10061175376176834,0.18273670971393585,0.1416742354631424
5,2,0.06755630671977997,0.1811072677373886,0.12433178722858429
5,3,0.08342015743255615,0.1822531521320343,0.13283665478229523
5,4,0.12676957249641418,0.18429023027420044,0.1555299013853073
5,5,0.11941314488649368,0.18179358541965485,0.15060336887836456
5,6,0.12876906991004944,0.18064671754837036,0.1547078937292099
5,7,0.1250353306531906,0.18152564764022827,0.15328049659729004
5,8,0.09787697345018387,0.1821347028017044,0.14000584185123444
5,9,0.08706770837306976,0.182824969291687,0.13494634628295898
5,10,0.11403802782297134,0.18057522177696228,0.1473066210746765
5,11,0.14457271993160248,0.18249300122261047,0.16353285312652588
5,12,0.11650633066892624,0.18289630115032196,0.1497013121843338
5,13,0.08201730251312256,0.1813279539346695,0.13167262077331543
5,14,0.05674684792757034,0.1797390878200531,0.11824296414852142
5,15,0.1099342480301857,0.17986419796943665,0.14489921927452087
5,16,0.09341394901275635,0.18148210644721985,0.1374480277299881
5,17,0.0826164186000824,0.1794910430908203,0.13105373084545135
5,18,0.1248212531208992,0.17867349088191986,0.15174737572669983
5,19,0.0764119103550911,0.18016847968101501,0.12829019129276276
5,20,0.06864722073078156,0.1786099076271057,0.12362856417894363
5,21,0.11943800002336502,0.17926008999347687,0.14934904873371124
5,22,0.11566507071256638,0.1795855164527893,0.14762529730796814
5,23,0.08767949044704437,0.1798589676618576,0.133769229054451
5,24,0.09730054438114166,0.18002277612686157,0.13866165280342102
5,25,0.0865725576877594,0.1791481077671051,0.13286033272743225
5,26,0.09384129196405411,0.17917579412460327,0.1365085393190384
5,27,0.13435721397399902,0.1780233085155487,0.15619026124477386
5,28,0.08233992010354996,0.179463729262352,0.13090182840824127
5,29,0.083257295191288,0.17675276100635529,0.13000503182411194
5,30,0.06847260147333145,0.17736421525478363,0.12291841208934784
5,31,0.11358893662691116,0.17743472754955292,0.14551183581352234
5,32,0.08467662334442139,0.17673426866531372,0.13070544600486755
5,33,0.1257060468196869,0.17738333344459534,0.1515446901321411
5,34,0.10213059186935425,0.17905521392822266,0.14059290289878845
5,35,0.08548358827829361,0.1765902042388916,0.1310368925333023
5,36,0.10305249691009521,0.18067003786563873,0.14186125993728638
5,37,0.07887378334999084,0.17754387855529785,0.12820883095264435
5,38,0.11218907684087753,0.17832934856414795,0.14525921642780304
5,39,0.09886129945516586,0.17637060582637787,0.13761594891548157
5,40,0.11153225600719452,0.17608073353767395,0.14380648732185364
5,41,0.10548223555088043,0.177826926112175,0.1416545808315277
5,42,0.13078558444976807,0.17774023115634918,0.15426290035247803
5,43,0.100849449634552,0.17507314682006836,0.13796129822731018
5,44,0.1649473011493683,0.17830751836299896,0.17162740230560303
5,45,0.10566923767328262,0.17576080560684204,0.14071501791477203
5,46,0.1645544022321701,0.17962363362312317,0.17208901047706604
5,47,0.10925663262605667,0.17952722311019897,0.14439192414283752
5,48,0.08233685791492462,0.17449437081813812,0.12841561436653137
5,49,0.09697271883487701,0.1750669777393341,0.13601985573768616
5,50,0.10238684713840485,0.17351636290550232,0.13795161247253418
5,51,0.09385655075311661,0.17487066984176636,0.13436360657215118
5,52,0.09627560526132584,0.17475385963916779,0.1355147361755371
5,53,0.07110931724309921,0.17378635704517365,0.12244783341884613
5,54,0.08464524149894714,0.17374883592128754,0.12919703125953674
5,55,0.1267118752002716,0.17523068189620972,0.15097127854824066
5,56,0.0955214723944664,0.17544938623905182,0.1354854255914688
5,57,0.10315805673599243,0.17411105334758759,0.1386345624923706
5,58,0.11109790205955505,0.17523440718650818,0.14316615462303162
5,59,0.08028034120798111,0.17291651666164398,0.12659843266010284
5,60,0.07083625346422195,0.17342440783977509,0.12213033437728882
5,61,0.11515669524669647,0.1723613142967224,0.14375901222229004
5,62,0.07197759300470352,0.17341317236423492,0.12269538640975952
5,63,0.07587499916553497,0.17401108145713806,0.12494304031133652
5,64,0.08098320662975311,0.17475223541259766,0.12786772847175598
5,65,0.08883687853813171,0.1720777004957199,0.13045728206634521
5,66,0.0967390239238739,0.17372819781303406,0.13523361086845398
5,67,0.13615606725215912,0.17197605967521667,0.1540660560131073
5,68,0.06167975813150406,0.17099779844284058,0.11633877456188202
5,69,0.060247309505939484,0.17084142565727234,0.11554436385631561
5,70,0.09484238922595978,0.17192846536636353,0.13338541984558105
5,71,0.0720129981637001,0.17210179567337036,0.12205739319324493
5,72,0.15323762595653534,0.17705589532852173,0.16514676809310913
5,73,0.08792699128389359,0.1705808788537979,0.12925393879413605
5,74,0.0833633542060852,0.17220012843608856,0.12778174877166748
5,75,0.08142823725938797,0.17049317061901093,0.12596070766448975
5,76,0.08247946202754974,0.1705365777015686,0.12650802731513977
5,77,0.11440467834472656,0.17079178988933563,0.1425982415676117
5,78,0.061644550412893295,0.1701985001564026,0.11592152714729309
5,79,0.06230020150542259,0.17273180186748505,0.11751600354909897
5,80,0.08499924838542938,0.17121495306491852,0.12810710072517395
5,81,0.06979591399431229,0.17119254171848297,0.12049423158168793
5,82,0.09515392780303955,0.17000433802604675,0.13257913291454315
5,83,0.11374831944704056,0.1718379110097885,0.14279311895370483
5,84,0.0721103772521019,0.169142484664917,0.12062643468379974
5,85,0.06395164877176285,0.16991011798381805,0.11693088710308075
5,86,0.0861663669347763,0.16916301846504211,0.1276646852493286
5,87,0.08728168904781342,0.16840356588363647,0.12784263491630554
5,88,0.09805068373680115,0.16947615146636963,0.1337634176015854
5,89,0.11003008484840393,0.1683834344148636,0.13920676708221436
5,90,0.07770499587059021,0.16853289306163788,0.12311894446611404
5,91,0.10746931284666061,0.16947132349014282,0.13847032189369202
5,92,0.08958536386489868,0.1694718897342682,0.12952862679958344
5,93,0.06756550818681717,0.1678668111562729,0.11771616339683533
5,94,0.11187463253736496,0.17151735723018646,0.1416959911584854
5,95,0.06485184282064438,0.16839365661144257,0.11662274599075317
5,96,0.05782796069979668,0.1671530306339264,0.11249049752950668
5,97,0.0842490866780281,0.1684264987707138,0.12633779644966125
5,98,0.11161231249570847,0.16785725951194763,0.13973478972911835
5,99,0.1010805144906044,0.16835927963256836,0.13471989333629608
5,100,0.10216621309518814,0.16920174658298492,0.13568398356437683
5,101,0.060860659927129745,0.16616201400756836,0.1135113388299942
5,102,0.08589193969964981,0.16851606965065002,0.12720400094985962
5,103,0.09044235199689865,0.16886521875858307,0.12965378165245056
5,104,0.08893976360559464,0.16609716415405273,0.1275184601545334
5,105,0.06461957842111588,0.16742150485515594,0.11602054536342621
5,106,0.0672243982553482,0.16800345480442047,0.11761392652988434
5,107,0.08226019889116287,0.16652370989322662,0.12439195811748505
5,108,0.06909102946519852,0.16719216108322144,0.11814159154891968
5,109,0.09322032332420349,0.16787530481815338,0.13054782152175903
5,110,0.16334021091461182,0.1676044464111328,0.16547232866287231
5,111,0.07590144127607346,0.16622203588485718,0.12106174230575562
5,112,0.07519766688346863,0.16621240973472595,0.12070503830909729
5,113,0.11055585741996765,0.16540297865867615,0.1379794180393219
5,114,0.05573989823460579,0.16501788794994354,0.11037889122962952
5,115,0.08567194640636444,0.16681669652462006,0.12624432146549225
5,116,0.12420772016048431,0.16686372458934784,0.14553572237491608
5,117,0.10699043422937393,0.164749875664711,0.13587015867233276
5,118,0.06974714249372482,0.16561293601989746,0.11768004298210144
5,119,0.08957657963037491,0.16476164758205414,0.12716911733150482
5,120,0.11186056584119797,0.16543921828269958,0.13864989578723907
5,121,0.06611716747283936,0.1646045595407486,0.11536086350679398
5,122,0.11338131874799728,0.16518327593803406,0.13928230106830597
5,123,0.1001904308795929,0.16413220763206482,0.13216131925582886
5,124,0.09963527321815491,0.1634075939655304,0.13152143359184265
5,125,0.09225474298000336,0.16687029600143433,0.12956252694129944
5,126,0.09472372382879257,0.16558289527893066,0.13015331327915192
5,127,0.06485985964536667,0.1662583351135254,0.11555910110473633
5,128,0.07450268417596817,0.1629641354084015,0.11873340606689453
5,129,0.2557540535926819,0.16434453427791595,0.21004930138587952
5,130,0.06791231781244278,0.16366086900234222,0.1157865971326828
5,131,0.11269944906234741,0.16630171239376068,0.13950058817863464
5,132,0.08108709752559662,0.16406477987766266,0.12257593870162964
5,133,0.15635597705841064,0.1636420339345932,0.15999901294708252
5,134,0.1242397129535675,0.1669916957616806,0.14561569690704346
5,135,0.08564919978380203,0.1651209592819214,0.1253850758075714
5,136,0.05581976845860481,0.1622762531042099,0.10904800891876221
5,137,0.09744389355182648,0.16449372470378876,0.13096880912780762
5,138,0.22119836509227753,0.16635625064373016,0.19377730786800385
5,139,0.08570918440818787,0.16353215277194977,0.12462066859006882
5,140,0.10232435911893845,0.1643509715795517,0.13333766162395477
6,0,0.09104721248149872,0.1640009880065918,0.12752410769462585
6,1,0.0926959291100502,0.1615418791770935,0.12711890041828156
6,2,0.0530584491789341,0.16082777082920074,0.10694310814142227
6,3,0.05308767035603523,0.16149748861789703,0.10729257762432098
6,4,0.057524215430021286,0.16080178320407867,0.10916300117969513
6,5,0.0695568099617958,0.161932110786438,0.1157444566488266
6,6,0.07039260864257812,0.16187934577465057,0.11613597720861435
6,7,0.05110319331288338,0.16131675243377686,0.10620997101068497
6,8,0.11736027896404266,0.16261419653892517,0.13998723030090332
6,9,0.10051973909139633,0.1621500700712204,0.13133490085601807
6,10,0.06983431428670883,0.16229228675365448,0.11606329679489136
6,11,0.10280486941337585,0.162115216255188,0.13246004283428192
6,12,0.05221596732735634,0.15995602309703827,0.10608599334955215
6,13,0.062362585216760635,0.16146713495254517,0.11191485822200775
6,14,0.055054642260074615,0.1605527698993683,0.10780370235443115
6,15,0.12431492656469345,0.16121457517147064,0.14276474714279175
6,16,0.05837710201740265,0.1598023623228073,0.10908973217010498
6,17,0.06443500518798828,0.16060276329517365,0.11251888424158096
6,18,0.06379303336143494,0.1598590761423111,0.11182605475187302
6,19,0.0482366606593132,0.15924537181854248,0.10374101996421814
6,20,0.11653605103492737,0.16247406601905823,0.1395050585269928
6,21,0.07885424047708511,0.1591690182685852,0.11901162564754486
6,22,0.06293465197086334,0.1606709063053131,0.11180277913808823
6,23,0.08308269828557968,0.16160856187343597,0.12234562635421753
6,24,0.11388255655765533,0.16093964874744415,0.13741110265254974
6,25,0.06497471034526825,0.15968458354473114,0.1123296469449997
6,26,0.08267667144536972,0.1597898155450821,0.12123323976993561
6,27,0.05129149183630943,0.1584843099117279,0.10488790273666382
6,28,0.0696425661444664,0.15984061360359192,0.11474159359931946
6,29,0.11056026071310043,0.15855775773525238,0.1345590054988861
6,30,0.08258680254220963,0.15938369929790497,0.1209852546453476
6,31,0.0752205178141594,0.15778736770153046,0.11650393903255463
6,32,0.06332408636808395,0.15787643194198608,0.11060026288032532
6,33,0.061155546456575394,0.1586119383573532,0.10988374054431915
6,34,0.0446319617331028,0.15827521681785583,0.10145358741283417
6,35,0.08563174307346344,0.15907502174377441,0.12235338240861893
6,36,0.07314570993185043,0.15953674912452698,0.116341233253479
6,37,0.1937880963087082,0.16234074532985687,0.17806442081928253
6,38,0.06420735269784927,0.15715081989765167,0.11067909002304077
6,39,0.10366686433553696,0.15999124944210052,0.13182905316352844
6,40,0.06502190232276917,0.15788798034191132,0.11145494133234024
6,41,0.06255356222391129,0.1573449671268463,0.1099492609500885
6,42,0.10982754826545715,0.1570444256067276,0.13343599438667297
6,43,0.06133333593606949,0.15729385614395142,0.10931359231472015
6,44,0.06687308847904205,0.1578974723815918,0.11238528043031693
6,45,0.07512730360031128,0.15664947032928467,0.11588838696479797
6,46,0.10085894167423248,0.15939204394817352,0.130125492811203
6,47,0.1033875048160553,0.15727020800113678,0.13032886385917664
6,48,0.06255833804607391,0.156794473528862,0.10967640578746796
6,49,0.04525325074791908,0.1557648926973343,0.10050906985998154
6,50,0.06639723479747772,0.15734656155109406,0.11187189817428589
6,51,0.087392158806324,0.1579185128211975,0.12265533208847046
6,52,0.07405298203229904,0.15631017088890076,0.1151815801858902
6,53,0.04878907650709152,0.15572108328342438,0.10225507616996765
6,54,0.05419851094484329,0.15616914629936218,0.10518382489681244
6,55,0.06881365180015564,0.1555040031671524,0.11215882748365402
6,56,0.09766868501901627,0.1584910899400711,0.12807989120483398
6,57,0.06282568722963333,0.15607436001300812,0.10945002734661102
6,58,0.07862042635679245,0.1561661660671234,0.11739329993724823
6,59,0.08919773995876312,0.15556558966636658,0.12238166481256485
6,60,0.1133957952260971,0.16017688810825348,0.1367863416671753
6,61,0.062123339623212814,0.15496790409088135,0.10854562371969223
6,62,0.09044405072927475,0.15539248287677765,0.1229182630777359
6,63,0.06141312047839165,0.15400181710720062,0.10770747065544128
6,64,0.1210976094007492,0.1575852483510971,0.13934142887592316
6,65,0.046439509838819504,0.1542944312095642,0.100366972386837
6,66,0.06697357445955276,0.1544768065214157,0.11072519421577454
6,67,0.06564769893884659,0.156263530254364,0.110955610871315
6,68,0.05993799492716789,0.1546984761953354,0.10731823742389679
6,69,0.056129712611436844,0.15409652888774872,0.10511311888694763
6,70,0.06255992501974106,0.15357328951358795,0.1080666035413742
6,71,0.053531866520643234,0.153288334608078,0.10341010242700577
6,72,0.06165765970945358,0.1534668356180191,0.10756224393844604
6,73,0.09707552939653397,0.15467171370983124,0.1258736252784729
6,74,0.1109878420829773,0.15578903257846832,0.1333884298801422
6,75,0.06732400506734848,0.15480844676494598,0.11106622219085693
6,76,0.09003229439258575,0.15479455888271332,0.12241342663764954
6,77,0.1064828559756279,0.15529102087020874,0.13088694214820862
6,78,0.05382354557514191,0.15376895666122437,0.10379625111818314
6,79,0.06964457035064697,0.15438638627529144,0.11201547831296921
6,80,0.06596947461366653,0.1539584845304489,0.10996398329734802
6,81,0.07760187238454819,0.1531676948070526,0.1153847873210907
6,82,0.12245282530784607,0.15388336777687073,0.1381680965423584
6,83,0.0920366421341896,0.1549462378025055,0.12349143624305725
6,84,0.0658109113574028,0.15316887199878693,0.10948988795280457
6,85,0.07182331383228302,0.15279749035835266,0.11231040209531784
6,86,0.04925135150551796,0.15295273065567017,0.10110203921794891
6,87,0.0720127522945404,0.15435057878494263,0.11318166553974152
6,88,0.054330918937921524,0.15162009000778198,0.1029755026102066
6,89,0.06987553834915161,0.15214399993419647,0.11100976914167404
6,90,0.07125090062618256,0.15301191806793213,0.11213140934705734
6,91,0.07148145884275436,0.15176355838775635,0.11162251234054565
6,92,0.05822760984301567,0.15199021995067596,0.10510891675949097
6,93,0.06537734717130661,0.15333816409111023,0.10935775935649872
6,94,0.11173690855503082,0.15423157811164856,0.1329842507839203
6,95,0.06168344244360924,0.15231174230575562,0.10699759423732758
6,96,0.08686801791191101,0.15474943816661835,0.12080872803926468
6,97,0.06841081380844116,0.151473730802536,0.10994227230548859
6,98,0.09606821835041046,0.15299078822135925,0.12452950328588486
6,99,0.07537176460027695,0.1516847312450409,0.11352825164794922
6,100,0.05991392955183983,0.152225524187088,0.10606972873210907
6,101,0.05046508088707924,0.15090371668338776,0.10068439692258835
6,102,0.09752729535102844,0.1534002721309662,0.12546378374099731
6,103,0.04676758870482445,0.15056782960891724,0.09866771101951599
6,104,0.09087751805782318,0.15148431062698364,0.12118091434240341
6,105,0.12346397340297699,0.15349739789962769,0.13848069310188293
6,106,0.0981915071606636,0.15542034804821014,0.12680593132972717
6,107,0.05674362927675247,0.15114396810531616,0.10394379496574402
6,108,0.053437426686286926,0.15010353922843933,0.10177048295736313
6,109,0.09450593590736389,0.15300840139389038,0.12375716865062714
6,110,0.07172071933746338,0.15012644231319427,0.11092358082532883
6,111,0.08554031699895859,0.151286780834198,0.11841355264186859
6,112,0.10118642449378967,0.15057288110256195,0.12587964534759521
6,113,0.09093651920557022,0.1547815054655075,0.12285901606082916
6,114,0.10184517502784729,0.15242794156074524,0.12713655829429626
6,115,0.08058802783489227,0.14995330572128296,0.11527066677808762
6,116,0.06215079873800278,0.15015862882137299,0.10615471005439758
6,117,0.10673216730356216,0.14976726472377777,0.12824971973896027
6,118,0.06346143037080765,0.15028291940689087,0.10687217116355896
6,119,0.07798898220062256,0.1495632529258728,0.11377611756324768
6,120,0.10177698731422424,0.15032486617565155,0.1260509192943573
6,121,0.09296580404043198,0.15008041262626648,0.12152311205863953
6,122,0.06987353414297104,0.15119649469852448,0.11053501069545746
6,123,0.11490149050951004,0.15341933071613312,0.13416041433811188
6,124,0.09640130400657654,0.15427148342132568,0.1253363937139511
6,125,0.08961106091737747,0.15132853388786316,0.12046979367733002
6,126,0.08240664005279541,0.15235653519630432,0.11738158762454987
6,127,0.058291174471378326,0.14913542568683624,0.10371330380439758
6,128,0.08112670481204987,0.1495329737663269,0.11532983928918839
6,129,0.08636238425970078,0.1483134627342224,0.11733792722225189
6,130,0.13481561839580536,0.15071383118629456,0.14276471734046936
6,131,0.09806358069181442,0.1509091854095459,0.12448638677597046
6,132,0.08017904311418533,0.1498078852891922,0.11499346792697906
6,133,0.05408104881644249,0.1500786542892456,0.1020798534154892
6,134,0.06552997976541519,0.14877550303936005,0.10715274512767792
6,135,0.1214442327618599,0.15145094692707062,0.13644759356975555
6,136,0.11996538937091827,0.15185564756393433,0.1359105110168457
6,137,0.06793078035116196,0.14863085746765137,0.10828082263469696
6,138,0.07880379259586334,0.14925561845302582,0.11402970552444458
6,139,0.08570802211761475,0.14838767051696777,0.11704784631729126
6,140,0.07089045643806458,0.14755666255950928,0.10922355949878693
7,0,0.0826801210641861,0.1499885767698288,0.11633434891700745
7,1,0.09610653668642044,0.14832641184329987,0.12221647799015045
7,2,0.05559806898236275,0.14796042442321777,0.10177924484014511
7,3,0.09305546432733536,0.14796754717826843,0.1205115020275116
7,4,0.05662054941058159,0.1466606855392456,0.10164061933755875
7,5,0.055405814200639725,0.14829136431217194,0.10184858739376068
7,6,0.0638066977262497,0.14797285199165344,0.10588977485895157
7,7,0.07156394422054291,0.1476849913597107,0.1096244677901268
7,8,0.05465330183506012,0.14860600233078003,0.10162965208292007
7,9,0.06871821731328964,0.14873060584068298,0.10872441530227661
7,10,0.061388593167066574,0.14670142531394958,0.10404501110315323
7,11,0.055893637239933014,0.1469285637140274,0.10141110420227051
7,12,0.04434088617563248,0.14623941481113434,0.0952901542186737
7,13,0.07520411908626556,0.1468959003686905,0.11105000972747803
7,14,0.04609672352671623,0.1463485211133957,0.09622262418270111
7,15,0.06672638654708862,0.14650484919548035,0.10661561787128448
7,16,0.07957098633050919,0.15092824399471283,0.1152496188879013
7,17,0.08211373537778854,0.14640231430530548,0.11425802111625671
7,18,0.05265616253018379,0.1453339010477066,0.09899502992630005
7,19,0.08570148795843124,0.1459469348192215,0.11582420766353607
7,20,0.06265906989574432,0.1450435221195221,0.10385129600763321
7,21,0.0733264610171318,0.14813350141048431,0.11072997748851776
7,22,0.07423669844865799,0.14663563668727875,0.11043617129325867
7,23,0.054929219186306,0.1451822817325592,0.1000557541847229
7,24,0.08451028168201447,0.14875763654708862,0.11663395911455154
7,25,0.08898286521434784,0.14608803391456604,0.11753544956445694
7,26,0.048433300107717514,0.14529184997081757,0.09686257690191269
7,27,0.05295667424798012,0.14601276814937592,0.09948471933603287
7,28,0.058063898235559464,0.14550741016864777,0.10178565233945847
7,29,0.09858857840299606,0.14602641761302948,0.12230749428272247
7,30,0.05069965869188309,0.14477355778217316,0.09773661196231842
7,31,0.06268789619207382,0.1450544148683548,0.10387115180492401
7,32,0.11444276571273804,0.14602230489253998,0.1302325427532196
7,33,0.0356341116130352,0.14414027333259583,0.08988719433546066
7,34,0.08891510963439941,0.14557376503944397,0.11724443733692169
7,35,0.13225266337394714,0.1473097950220108,0.13978123664855957
7,36,0.06691411137580872,0.14573916792869568,0.1063266396522522
7,37,0.07574551552534103,0.14334355294704437,0.1095445305109024
7,38,0.044352591037750244,0.14418746531009674,0.09427002817392349
7,39,0.05410761013627052,0.144736647605896,0.09942212700843811
7,40,0.07883874326944351,0.14476580917835236,0.11180227994918823
7,41,0.05698179826140404,0.14370302855968475,0.10034241527318954
7,42,0.06958851963281631,0.14480844140052795,0.10719847679138184
7,43,0.07518751919269562,0.1437256932258606,0.1094566062092781
7,44,0.07422810792922974,0.14409463107585907,0.1091613695025444
7,45,0.1532265841960907,0.14794205129146576,0.15058431029319763
7,46,0.06874332576990128,0.14309029281139374,0.1059168130159378
7,47,0.06884030997753143,0.1438184380531311,0.10632937401533127
7,48,0.048392705619335175,0.14305329322814941,0.09572300314903259
7,49,0.07284481823444366,0.14549808204174042,0.10917145013809204
7,50,0.08873245865106583,0.14384663105010986,0.11628954112529755
7,51,0.06939886510372162,0.145270437002182,0.10733465105295181
7,52,0.06549350917339325,0.14309003949165344,0.10429177433252335
7,53,0.06129995733499527,0.1436958611011505,0.10249790549278259
7,54,0.06394321471452713,0.1436951905488968,0.10381920635700226
7,55,0.06726344674825668,0.14241057634353638,0.10483701527118683
7,56,0.0632573589682579,0.1415959894657135,0.102426677942276
7,57,0.05344491824507713,0.14184488356113434,0.09764490276575089
7,58,0.061744797974824905,0.1416168212890625,0.10168080776929855
7,59,0.05527021363377571,0.14194858074188232,0.09860939532518387
7,60,0.06239618360996246,0.14273524284362793,0.1025657132267952
7,61,0.08052519708871841,0.1440972089767456,0.11231119930744171
7,62,0.07718722522258759,0.14383521676063538,0.11051122099161148
7,63,0.07082231342792511,0.14240890741348267,0.10661561042070389
7,64,0.07005485147237778,0.14364489912986755,0.10684987902641296
7,65,0.07533816248178482,0.14133307337760925,0.10833561420440674
7,66,0.06525588780641556,0.14139918982982635,0.10332754254341125
7,67,0.04767286032438278,0.14098989963531494,0.09433138370513916
7,68,0.052411746233701706,0.1411382108926773,0.09677498042583466
7,69,0.060297753661870956,0.1414046436548233,0.10085120052099228
7,70,0.05360837280750275,0.14123021066188812,0.09741929173469543
7,71,0.07028595358133316,0.14173337817192078,0.10600966215133667
7,72,0.0611388273537159,0.13999423384666443,0.10056652873754501
7,73,0.07434648275375366,0.1421542912721634,0.10825038701295853
7,74,0.05170994624495506,0.14207936823368073,0.09689465910196304
7,75,0.049953192472457886,0.14218315482139587,0.09606817364692688
7,76,0.05612220615148544,0.1405666619539261,0.09834443032741547
7,77,0.10780029743909836,0.1424252688884735,0.12511278688907623
7,78,0.06405477970838547,0.14140406250953674,0.1027294248342514
7,79,0.1277935802936554,0.1420801728963852,0.1349368691444397
7,80,0.06533656269311905,0.13974036276340485,0.10253846645355225
7,81,0.07378901541233063,0.14067910611629486,0.10723406076431274
7,82,0.06976066529750824,0.1422889530658722,0.10602480918169022
7,83,0.04654708132147789,0.1402871161699295,0.09341710060834885
7,84,0.07564184069633484,0.14216603338718414,0.10890393704175949
7,85,0.05625132471323013,0.1406404823064804,0.09844590723514557
7,86,0.055315107107162476,0.13925056159496307,0.09728283435106277
7,87,0.050629038363695145,0.14161787927150726,0.09612345695495605
7,88,0.06573645025491714,0.14007776975631714,0.10290710628032684
7,89,0.068524070084095,0.13970862329006195,0.10411635041236877
7,90,0.05022513121366501,0.1403680294752121,0.09529657661914825
7,91,0.07808281481266022,0.14132905006408691,0.10970593243837357
7,92,0.04448966681957245,0.14022529125213623,0.09235747903585434
7,93,0.055383335798978806,0.13987652957439423,0.09762993454933167
7,94,0.04324118793010712,0.1390693187713623,0.09115525335073471
7,95,0.04468972235918045,0.13890698552131653,0.09179835021495819
7,96,0.07404079288244247,0.13882765173912048,0.10643422603607178
7,97,0.06978222727775574,0.14071333408355713,0.10524778068065643
7,98,0.08008250594139099,0.14110881090164185,0.11059565842151642
7,99,0.07815705984830856,0.1424141228199005,0.11028559505939484
7,100,0.05687019228935242,0.13970014452934265,0.09828516840934753
7,101,0.07078598439693451,0.1400054544210434,0.10539571940898895
7,102,0.06359624862670898,0.13876576721668243,0.10118100792169571
7,103,0.10458104312419891,0.13941366970539093,0.12199735641479492
7,104,0.07639172673225403,0.1430651694536209,0.10972844809293747
7,105,0.08246293663978577,0.13775421679019928,0.11010857671499252
7,106,0.05631372332572937,0.1397431492805481,0.09802843630313873
7,107,0.08664395660161972,0.1409425288438797,0.11379323899745941
7,108,0.06334753334522247,0.13965778052806854,0.10150265693664551
7,109,0.046849653124809265,0.13735881447792053,0.0921042338013649
7,110,0.06539667397737503,0.13864445686340332,0.10202056169509888
7,111,0.04417947679758072,0.13737718760967255,0.09077833592891693
7,112,0.05252387374639511,0.13817918300628662,0.09535153210163116
7,113,0.051432229578495026,0.13911107182502747,0.09527164697647095
7,114,0.07834973931312561,0.13789796829223633,0.10812385380268097
7,115,0.054160818457603455,0.13720861077308655,0.095684714615345
7,116,0.040611088275909424,0.13744361698627472,0.08902735263109207
7,117,0.05889151617884636,0.1384691745042801,0.09868034720420837
7,118,0.06472469866275787,0.13647489249706268,0.10059979557991028
7,119,0.12243252247571945,0.1406790167093277,0.13155576586723328
7,120,0.05943044275045395,0.13906003534793854,0.09924523532390594
7,121,0.037427905946969986,0.13649262487888336,0.08696026355028152
7,122,0.043999429792165756,0.13717705011367798,0.09058824181556702
7,123,0.06452042609453201,0.13689178228378296,0.10070610046386719
7,124,0.05094700679183006,0.13626927137374878,0.09360814094543457
7,125,0.05648978799581528,0.13750126957893372,0.0969955325126648
7,126,0.07742797583341599,0.1391735076904297,0.10830074548721313
7,127,0.055668316781520844,0.13754266500473022,0.09660549461841583
7,128,0.05446859076619148,0.13723954558372498,0.09585406631231308
7,129,0.055796898901462555,0.13708563148975372,0.09644126892089844
7,130,0.05833202600479126,0.13664118945598602,0.09748660773038864
7,131,0.052015818655490875,0.13603095710277557,0.09402339160442352
7,132,0.05822671204805374,0.13684029877185822,0.09753350913524628
7,133,0.11212165653705597,0.1410692036151886,0.12659543752670288
7,134,0.07101891934871674,0.13800612092018127,0.104512520134449
7,135,0.037273552268743515,0.13508056104183197,0.08617705851793289
7,136,0.03724579140543938,0.1358448565006256,0.08654532581567764
7,137,0.07513999193906784,0.13699263334274292,0.10606631636619568
7,138,0.06080915033817291,0.13596393167972565,0.09838654100894928
7,139,0.07434523850679398,0.13595335185527802,0.1051492989063263
7,140,0.060201048851013184,0.1367342174053192,0.0984676331281662
8,0,0.049003999680280685,0.13633011281490326,0.09266705811023712
8,1,0.04914958402514458,0.135464608669281,0.09230709820985794
8,2,0.07350364327430725,0.13710997998714447,0.10530681163072586
8,3,0.05299796536564827,0.13584770262241364,0.0944228321313858
8,4,0.041269998997449875,0.13509224355220795,0.08818112313747406
8,5,0.04508069157600403,0.13584399223327637,0.0904623419046402
8,6,0.13067811727523804,0.1381681114435196,0.13442310690879822
8,7,0.07078992575407028,0.13478301465511322,0.10278646647930145
8,8,0.04562016949057579,0.1345067173242569,0.09006344527006149
8,9,0.04060841351747513,0.13529877364635468,0.0879535973072052
8,10,0.08047359436750412,0.13667815923690796,0.10857588052749634
8,11,0.048462457954883575,0.13401736319065094,0.09123991429805756
8,12,0.05477380007505417,0.13521966338157654,0.09499673545360565
8,13,0.060850828886032104,0.13550464808940887,0.09817773848772049
8,14,0.07093245536088943,0.13971824944019318,0.1053253561258316
8,15,0.05504501983523369,0.13494989275932312,0.09499745815992355
8,16,0.042165908962488174,0.13451452553272247,0.08834021538496017
8,17,0.07839073985815048,0.13646738231182098,0.10742905735969543
8,18,0.07233408838510513,0.13477449119091034,0.10355429351329803
8,19,0.04713486507534981,0.13388702273368835,0.09051094204187393
8,20,0.07653728127479553,0.13405942916870117,0.10529835522174835
8,21,0.07948818057775497,0.13703732192516327,0.10826274752616882
8,22,0.04758799076080322,0.13325707614421844,0.09042253345251083
8,23,0.0531776025891304,0.13384713232517242,0.09351237118244171
8,24,0.0608878955245018,0.13431285321712494,0.09760037064552307
8,25,0.07603716850280762,0.13403312861919403,0.10503514856100082
8,26,0.058504369109869,0.1344243735074997,0.0964643731713295
8,27,0.07631957530975342,0.13849355280399323,0.10740656405687332
8,28,0.06382990628480911,0.13405992090702057,0.09894491732120514
8,29,0.057341594249010086,0.13259531557559967,0.09496845304965973
8,30,0.046404462307691574,0.13360536098480225,0.09000491350889206
8,31,0.049359582364559174,0.13363444805145264,0.0914970189332962
8,32,0.05072236433625221,0.13386793434619904,0.09229514747858047
8,33,0.04925749450922012,0.13299641013145447,0.091126948595047
8,34,0.046866774559020996,0.13331660628318787,0.09009169042110443
8,35,0.11958855390548706,0.1377328336238861,0.12866069376468658
8,36,0.06510598957538605,0.13261204957962036,0.0988590195775032
8,37,0.05432623624801636,0.13240288197994232,0.09336455911397934
8,38,0.058655090630054474,0.13385438919067383,0.09625473618507385
8,39,0.0633319839835167,0.1337958723306656,0.09856392443180084
8,40,0.05717155337333679,0.13274464011192322,0.09495809674263
8,41,0.05574654042720795,0.13373339176177979,0.09473996609449387
8,42,0.058160748332738876,0.1332070529460907,0.09568390250205994
8,43,0.06355653703212738,0.13379500806331635,0.09867577254772186
8,44,0.05132042616605759,0.13244538009166718,0.09188289940357208
8,45,0.04848703369498253,0.13350151479244232,0.09099427610635757
8,46,0.04876793920993805,0.13299424946308136,0.0908810943365097
8,47,0.09266360849142075,0.13261884450912476,0.11264123022556305
8,48,0.030335593968629837,0.13185350596904755,0.08109454810619354
8,49,0.059367354959249496,0.1346304565668106,0.0969989076256752
8,50,0.042051855474710464,0.1321089118719101,0.08708038181066513
8,51,0.06064736098051071,0.13298176229000092,0.09681455790996552
8,52,0.06444849818944931,0.13301622867584229,0.0987323671579361
8,53,0.0541950948536396,0.13172893226146698,0.09296201169490814
8,54,0.05688082426786423,0.13419556617736816,0.0955381989479065
8,55,0.050473857671022415,0.13234418630599976,0.09140902012586594
8,56,0.05832839384675026,0.13191862404346466,0.09512350708246231
8,57,0.03835919499397278,0.1319826990365982,0.08517094701528549
8,58,0.04972432181239128,0.13167862594127655,0.09070147573947906
8,59,0.08343446254730225,0.13248305022716522,0.10795875638723373
8,60,0.04779507592320442,0.13131536543369293,0.08955521881580353
8,61,0.08257853984832764,0.1314871460199356,0.10703284293413162
8,62,0.06612841039896011,0.13151662051677704,0.09882251918315887
8,63,0.07706698775291443,0.13308779895305634,0.10507739335298538
8,64,0.06350542604923248,0.13171987235546112,0.0976126492023468
8,65,0.04556475579738617,0.1319521963596344,0.08875847607851028
8,66,0.047367408871650696,0.13165393471717834,0.08951067179441452
8,67,0.057913754135370255,0.1317896693944931,0.09485170990228653
8,68,0.10156489908695221,0.13479045033454895,0.11817767471075058
8,69,0.04507032781839371,0.13130255043506622,0.08818644285202026
8,70,0.07406596094369888,0.13092800974845886,0.10249698162078857
8,71,0.05454808101058006,0.13195759057998657,0.09325283765792847
8,72,0.07330276817083359,0.1342552900314331,0.10377903282642365
8,73,0.08176013827323914,0.13249307870864868,0.10712660849094391
8,74,0.051051732152700424,0.13045962154865265,0.09075567871332169
8,75,0.04118477180600166,0.12971675395965576,0.08545076102018356
8,76,0.052039045840501785,0.13006119430065155,0.09105011820793152
8,77,0.05839147791266441,0.13074646890163422,0.09456897526979446
8,78,0.08644256740808487,0.13320763409137726,0.10982510447502136
8,79,0.05245240032672882,0.13299132883548737,0.0927218645811081
8,80,0.057465724647045135,0.13025379180908203,0.09385976195335388
8,81,0.07184881716966629,0.13142821192741394,0.10163851082324982
8,82,0.0948403999209404,0.13224104046821594,0.11354072391986847
8,83,0.08110503107309341,0.13106153905391693,0.10608328878879547
8,84,0.046041201800107956,0.13118386268615723,0.08861253410577774
8,85,0.043884485960006714,0.12938235700130463,0.08663342148065567
8,86,0.041110891848802567,0.12954746186733246,0.08532917499542236
8,87,0.07295507937669754,0.13043862581253052,0.10169684886932373
8,88,0.053727179765701294,0.12988518178462982,0.09180618077516556
8,89,0.05550720542669296,0.1311480849981308,0.09332764148712158
8,90,0.04823081195354462,0.13027064502239227,0.08925072848796844
8,91,0.046942148357629776,0.12884271144866943,0.08789242804050446
8,92,0.04867605119943619,0.12929372489452362,0.0889848917722702
8,93,0.06796795129776001,0.13253046572208405,0.10024920850992203
8,94,0.040107905864715576,0.12904199957847595,0.08457495272159576
8,95,0.05107572302222252,0.12894615530967712,0.09001094102859497
8,96,0.04127666354179382,0.12876325845718384,0.08501996099948883
8,97,0.06061730906367302,0.12967844307422638,0.09514787793159485
8,98,0.06086626276373863,0.12932106852531433,0.09509366750717163
8,99,0.0432564839720726,0.12822791934013367,0.08574220538139343
8,100,0.10246835649013519,0.13025996088981628,0.11636415868997574
8,101,0.07665681838989258,0.13039618730545044,0.10352650284767151
8,102,0.09806931763887405,0.13302241265773773,0.11554586887359619
8,103,0.04484497383236885,0.12781710922718048,0.08633103966712952
8,104,0.06583917140960693,0.1296880692243576,0.09776362031698227
8,105,0.050257112830877304,0.13079382479190826,0.09052547067403793
8,106,0.047859854996204376,0.12945124506950378,0.08865554630756378
8,107,0.04871838539838791,0.12867890298366547,0.08869864046573639
8,108,0.03819187358021736,0.12878753244876862,0.08348970115184784
8,109,0.07097236067056656,0.12810879945755005,0.099540576338768
8,110,0.0849311500787735,0.1292576789855957,0.1070944145321846
8,111,0.0907522663474083,0.12936902046203613,0.11006064713001251
8,112,0.05925377458333969,0.12871138751506805,0.09398257732391357
8,113,0.06516661494970322,0.1302555650472641,0.09771108627319336
8,114,0.04296887665987015,0.12740585207939148,0.08518736064434052
8,115,0.04765670746564865,0.128929004073143,0.08829285204410553
8,116,0.06268777698278427,0.12872205674648285,0.09570491313934326
8,117,0.05317535251379013,0.12814387679100037,0.09065961837768555
8,118,0.07193182408809662,0.12896093726158142,0.10044638067483902
8,119,0.05846552178263664,0.1277700811624527,0.09311780333518982
8,120,0.05105426535010338,0.1276416778564453,0.0893479734659195
8,121,0.04295147582888603,0.1283099502325058,0.08563071489334106
8,122,0.05798978731036186,0.12757591903209686,0.09278285503387451
8,123,0.07762952148914337,0.12943537533283234,0.10353244841098785
8,124,0.0453496053814888,0.1273999661207199,0.08637478947639465
8,125,0.04336267337203026,0.12681367993354797,0.08508817851543427
8,126,0.07581894099712372,0.13136741518974304,0.10359317809343338
8,127,0.07837358117103577,0.12839022278785706,0.10338190197944641
8,128,0.07038524001836777,0.13022840023040771,0.10030682384967804
8,129,0.05064709484577179,0.12716899812221527,0.08890804648399353
8,130,0.06212484836578369,0.1282300055027008,0.09517742693424225
8,131,0.05865661799907684,0.12760046124458313,0.09312853962182999
8,132,0.060187507420778275,0.1278202384710312,0.09400387108325958
8,133,0.05424514040350914,0.12691541016101837,0.0905802771449089
8,134,0.05532308667898178,0.12689422070980072,0.09110864996910095
8,135,0.041503533720970154,0.12653157114982605,0.0840175524353981
8,136,0.061475954949855804,0.1268468052148819,0.09416137635707855
8,137,0.057909075170755386,0.12698295712471008,0.09244601428508759
8,138,0.08037659525871277,0.1329551637172699,0.10666587948799133
8,139,0.03975534811615944,0.1260167509317398,0.08288604766130447
8,140,0.08546790480613708,0.12753115594387054,0.10649953037500381
9,0,0.04317890480160713,0.12630508840084076,0.0847419947385788
9,1,0.06929388642311096,0.12635594606399536,0.09782491624355316
9,2,0.06314980983734131,0.12647753953933716,0.09481367468833923
9,3,0.046707507222890854,0.12638749182224274,0.08654750138521194
9,4,0.050043985247612,0.12573692202568054,0.08789045363664627
9,5,0.05758626386523247,0.12769357860088348,0.09263992309570312
9,6,0.04721701517701149,0.1262972503900528,0.086757130920887
9,7,0.03507845476269722,0.1264401078224182,0.08075927942991257
9,8,0.04525526985526085,0.12599775195121765,0.0856265127658844
9,9,0.04986705631017685,0.12631836533546448,0.08809271454811096
9,10,0.04891091585159302,0.12741893529891968,0.08816492557525635
9,11,0.05374110862612724,0.12661971151828766,0.0901804119348526
9,12,0.047424402087926865,0.12478156387805939,0.08610298484563828
9,13,0.06908401846885681,0.12996378540992737,0.09952390193939209
9,14,0.06525596976280212,0.1259889453649521,0.0956224575638771
9,15,0.058267511427402496,0.12719932198524475,0.09273341298103333
9,16,0.041881464421749115,0.12487301230430603,0.08337724208831787
9,17,0.04770078882575035,0.12473990023136139,0.08622034639120102
9,18,0.06955697387456894,0.12634159624576569,0.09794928133487701
9,19,0.039231929928064346,0.12478429824113846,0.08200811594724655
9,20,0.06677898019552231,0.1258619725704193,0.09632048010826111
9,21,0.051352694630622864,0.12531360983848572,0.08833315223455429
9,22,0.06616545468568802,0.12646423280239105,0.09631484746932983
9,23,0.06523078680038452,0.1269911825656891,0.0961109846830368
9,24,0.04447707533836365,0.12489330023527145,0.08468519151210785
9,25,0.043523404747247696,0.1259039044380188,0.0847136527299881
9,26,0.036262258887290955,0.12440694868564606,0.0803346037864685
9,27,0.05034296214580536,0.12470965832471848,0.08752630650997162
9,28,0.07603416591882706,0.12529663741588593,0.10066540539264679
9,29,0.04199770465493202,0.12628982961177826,0.08414376527070999
9,30,0.05611404404044151,0.12638576328754425,0.09124990552663803
9,31,0.04965636879205704,0.12507455050945282,0.08736546337604523
9,32,0.03499919921159744,0.12444829195737839,0.07972374558448792
9,33,0.12719298899173737,0.12516212463378906,0.12617754936218262
9,34,0.04047828167676926,0.12546905875205994,0.0829736739397049
9,35,0.06531152874231339,0.1249685063958168,0.0951400175690651
9,36,0.031221864745020866,0.12302789837121964,0.07712487876415253
9,37,0.03641548752784729,0.12354700267314911,0.0799812451004982
9,38,0.09071684628725052,0.12680447101593018,0.10876065492630005
9,39,0.046792056411504745,0.12401638180017471,0.08540421724319458
9,40,0.09390679746866226,0.13019049167633057,0.11204864084720612
9,41,0.045903388410806656,0.12451113760471344,0.0852072611451149
9,42,0.0734439343214035,0.12428537756204605,0.09886465966701508
9,43,0.05049178749322891,0.12486954778432846,0.08768066763877869
9,44,0.044774625450372696,0.12559323012828827,0.08518392592668533
9,45,0.11436359584331512,0.12649162113666534,0.12042760848999023
9,46,0.060760416090488434,0.12782804667949677,0.0942942351102829
9,47,0.07251272350549698,0.12601198256015778,0.09926235675811768
9,48,0.07030747830867767,0.1249605193734169,0.09763400256633759
9,49,0.05542980134487152,0.12367229908704758,0.08955104649066925
9,50,0.041940975934267044,0.12244421988725662,0.08219259977340698
9,51,0.06096848472952843,0.12443020194768906,0.09269934147596359
9,52,0.048879675567150116,0.1229158565402031,0.0858977660536766
9,53,0.04091379791498184,0.12322478741407394,0.0820692926645279
9,54,0.047304946929216385,0.12254074960947037,0.08492285013198853
9,55,0.0902428850531578,0.1255761831998825,0.10790953040122986
9,56,0.060122016817331314,0.12588417530059814,0.09300309419631958
9,57,0.055488113313913345,0.1251179575920105,0.09030303359031677
9,58,0.029513148590922356,0.12230438739061356,0.07590876519680023
9,59,0.06542275846004486,0.12300233542919159,0.09421254694461823
9,60,0.04091901704668999,0.12189087271690369,0.08140494674444199
9,61,0.040362149477005005,0.12242811173200607,0.08139513432979584
9,62,0.055221009999513626,0.12388187646865845,0.08955144137144089
9,63,0.07799145579338074,0.12450474500656128,0.10124810039997101
9,64,0.11826425045728683,0.12595036625862122,0.12210731208324432
9,65,0.0518992580473423,0.12229248136281967,0.08709587156772614
9,66,0.039473582059144974,0.12237179279327393,0.0809226855635643
9,67,0.05389441177248955,0.12309058010578156,0.0884924978017807
9,68,0.05884575471282005,0.12466317415237427,0.09175446629524231
9,69,0.1200757771730423,0.12331033498048782,0.12169305980205536
9,70,0.046341877430677414,0.12408452481031418,0.08521319925785065
9,71,0.045611247420310974,0.12621243298053741,0.0859118402004242
9,72,0.06962411850690842,0.1248483657836914,0.09723624587059021
9,73,0.05489448085427284,0.12297183275222778,0.08893315494060516
9,74,0.08737029135227203,0.12384594976902008,0.10560812056064606
9,75,0.07073954492807388,0.12276454269886017,0.09675204753875732
9,76,0.0567321851849556,0.12398374825716019,0.09035796672105789
9,77,0.06739991903305054,0.12344753742218018,0.09542372822761536
9,78,0.14482058584690094,0.12500536441802979,0.13491296768188477
9,79,0.09158845990896225,0.12506930530071259,0.10832887887954712
9,80,0.04480179026722908,0.1231887936592102,0.0839952901005745
9,81,0.07369252294301987,0.12435118854045868,0.09902185201644897
9,82,0.06964191794395447,0.12666893005371094,0.0981554239988327
9,83,0.049359582364559174,0.12154190242290497,0.08545073866844177
9,84,0.04180752858519554,0.12217997014522552,0.08199375122785568
9,85,0.0770767405629158,0.12432246655225754,0.10069960355758667
9,86,0.07007680833339691,0.12286559492349625,0.09647120535373688
9,87,0.08254190534353256,0.12289939820766449,0.10272064805030823
9,88,0.05501299351453781,0.12153015285730362,0.08827157318592072
9,89,0.07999378442764282,0.12269334495067596,0.1013435646891594
9,90,0.05043954402208328,0.12120210379362106,0.08582082390785217
9,91,0.06470473855733871,0.1225634515285492,0.09363409876823425
9,92,0.044725168496370316,0.12060980498790741,0.08266748487949371
9,93,0.06068786606192589,0.12141425907611847,0.09105106443166733
9,94,0.12124624848365784,0.122795470058918,0.12202085554599762
9,95,0.04890957102179527,0.12039268761873245,0.08465112745761871
9,96,0.0575232058763504,0.12288554757833481,0.09020437300205231
9,97,0.051757097244262695,0.12143327295780182,0.08659518510103226
9,98,0.0497121661901474,0.12063244730234146,0.08517231047153473
9,99,0.056831035763025284,0.12267878651618958,0.08975490927696228
9,100,0.06379064172506332,0.1210070550441742,0.09239885210990906
9,101,0.05266404524445534,0.12145714461803436,0.0870605930685997
9,102,0.05096607282757759,0.12117591500282288,0.08607099205255508
9,103,0.06992469727993011,0.12071441113948822,0.09531955420970917
9,104,0.04706348478794098,0.12024135887622833,0.08365242183208466
9,105,0.05442275479435921,0.12087791413068771,0.08765033632516861
9,106,0.0792921930551529,0.12133641541004181,0.10031430423259735
9,107,0.05541853979229927,0.1211242824792862,0.08827140927314758
9,108,0.06978876888751984,0.12250170856714249,0.09614524245262146
9,109,0.0546116903424263,0.1224784329533577,0.088545061647892
9,110,0.06355082988739014,0.12181291729211807,0.0926818698644638
9,111,0.06102701649069786,0.12116164714097977,0.09109432995319366
9,112,0.052788764238357544,0.12216192483901978,0.08747534453868866
9,113,0.0795535147190094,0.1206689327955246,0.100111223757267
9,114,0.05872432887554169,0.12094814330339432,0.0898362398147583
9,115,0.04802292212843895,0.12070851027965546,0.08436571806669235
9,116,0.041199199855327606,0.11995313316583633,0.08057616651058197
9,117,0.09973989427089691,0.12302789092063904,0.11138389259576797
9,118,0.03478864207863808,0.11971016228199005,0.07724940031766891
9,119,0.05785060301423073,0.12034791707992554,0.08909925818443298
9,120,0.0698622614145279,0.11933039873838425,0.09459632635116577
9,121,0.07139723002910614,0.12092629820108414,0.09616176784038544
9,122,0.04907158017158508,0.12002545595169067,0.08454851806163788
9,123,0.03782854229211807,0.11886289715766907,0.07834571599960327
9,124,0.04939902946352959,0.11931086331605911,0.0843549445271492
9,125,0.05120190978050232,0.12054960429668427,0.08587575703859329
9,126,0.04816025123000145,0.12077213823795319,0.08446619659662247
9,127,0.06123768165707588,0.12124262750148773,0.09124015271663666
9,128,0.04723342880606651,0.12108166515827179,0.0841575488448143
9,129,0.07500071823596954,0.12319280952215195,0.09909676015377045
9,130,0.061990220099687576,0.11990699917078018,0.09094861149787903
9,131,0.05003184452652931,0.11969555914402008,0.08486369997262955
9,132,0.07888902723789215,0.1209879070520401,0.09993846714496613
9,133,0.05222310870885849,0.1202172264456749,0.0862201675772667
9,134,0.03812338039278984,0.11876872181892395,0.07844605296850204
9,135,0.04855678230524063,0.11932985484600067,0.08394332230091095
9,136,0.06475376337766647,0.11825857311487198,0.09150616824626923
9,137,0.0565861277282238,0.11867129057645798,0.08762870728969574
9,138,0.04011263698339462,0.11764298379421234,0.07887780666351318
9,139,0.05541090667247772,0.12053581327199936,0.08797335624694824
9,140,0.0507713221013546,0.1174456775188446,0.08410850167274475
