epoch,batch,focal_trunk,evidential_trunk
0,0,0.5375816707192584,0.6531878486228445
0,1,0.18097854333731056,0.5768623276374885
0,2,0.16198161884400455,0.4750500042508019
0,3,0.09727347464869365,0.5153645198773159
0,4,0.07655001412588812,0.5992516293099928
0,5,0.08334824428136953,0.5744847845679198
0,6,0.06222964223844174,0.5479092323972053
0,7,0.04484544325031857,0.6370275951466277
0,8,0.0926210334670788,0.5371457720313713
0,9,0.06011991651424178,0.4438568135897528
0,10,0.07881284257732614,0.5320034887416315
0,11,0.050249688799796514,0.45912604406431373
0,12,0.0668883601411427,0.399089493201299
0,13,0.044412057786760405,0.46943127904419435
0,14,0.06114795362579062,0.4118347391279613
0,15,0.06342727394420987,0.5035710334704474
0,16,0.0629580170366591,0.2787916615505703
0,17,0.04782026987042301,0.39408758746953704
0,18,0.06294898049333361,0.3152171264393033
0,19,0.04030438610693317,0.3964409579194813
0,20,0.043194921883952506,0.40004061805139857
0,21,0.05499877009230973,0.38930183734720775
0,22,0.028271243762111396,0.3783395722487258
0,23,0.08872724772398474,0.3720512411888185
0,24,0.12034655564945482,0.43227503333939615
0,25,0.04068352433890827,0.3174740902018568
0,26,0.04513461368684034,0.22523310352114587
0,27,0.030827706888656853,0.26283644639829606
0,28,0.0528175055269607,0.2458759634897649
0,29,0.06448707025161529,0.2961957766868862
0,30,0.04789200815695165,0.2556289446852183
0,31,0.0915337835632061,0.26516024840594365
0,32,0.05258355325951828,0.3999366995869541
0,33,0.04241134472740137,0.3776183624404749
0,34,0.10508077451237567,0.30167033893915135
0,35,0.11012008180613496,0.2749738689109464
0,36,0.05820060563471451,0.23180011492265798
0,37,0.05266061484227463,0.389594047934501
0,38,0.14411929757180533,0.31557292646949836
0,39,0.03522681876034678,0.22401126934281537
0,40,0.06335048212218086,0.23500124054048516
0,41,0.050997287232766454,0.25284547044487066
0,42,0.05832509538587741,0.36967392095857665
0,43,0.04166749024222801,0.38202257208770846
0,44,0.028193140550298243,0.24274507634710094
0,45,0.07523698365838345,0.23681861802163237
0,46,0.05447294108304721,0.2287818055482804
0,47,0.05568370868986327,0.24785266931042788
0,48,0.026563468722310826,0.21739754397795494
0,49,0.04289452043999773,0.18241471668379347
0,50,0.06094584977973952,0.26366210093059056
0,51,0.046118040450421574,0.19203676257860897
0,52,0.04675886660605449,0.17810557138889016
0,53,0.052930769450267146,0.1936546679799266
0,54,0.053251088356969185,0.22919426690688507
0,55,0.024235627845071318,0.24739671276334455
0,56,0.03420477510038275,0.21565403199447
0,57,0.04179565926011104,0.15325009909715168
0,58,0.06267059139033523,0.1464135794680613
0,59,0.04882614044235577,0.1994737583023962
0,60,0.024714386247449822,0.23607337893433858
0,61,0.13836083961054993,0.1624368623618354
0,62,0.05765583873836008,0.16106078918433506
0,63,0.039753261249626325,0.2007017991829602
0,64,0.043279267564105904,0.19280913716136
0,65,0.050548880042863106,0.20109337907252564
0,66,0.04844231533130744,0.30961499755854593
0,67,0.097209185073365,0.22578313347168452
0,68,0.05015413597165498,0.23284909068809675
0,69,0.05793279597405514,0.20440080780467487
0,70,0.07396679172347163,0.17476467657808498
0,71,0.046108911865661115,0.269329813479608
0,72,0.07460744983691976,0.1797000307230122
0,73,0.04470135008224833,0.18253595367041028
0,74,0.053007655944126944,0.16826088119858584
0,75,0.08064607941167289,0.16864504654764084
0,76,0.060750746900061464,0.1842965062659548
0,77,0.06192593091386129,0.20369848089708587
0,78,0.04157590016814824,0.19591000706266026
0,79,0.0469696257780689,0.22992278009507422
0,80,0.25145908666994127,0.1540901167411179
0,81,0.025330257701564204,0.24437726419434377
0,82,0.046582990233005425,0.20894526439366246
0,83,0.09684245406314995,0.19020052825524134
0,84,0.04338588337265917,0.28387323803694225
0,85,0.052547056837876104,0.1709048699147652
0,86,0.11247745437797584,0.17064746590923693
0,87,0.0879217163032688,0.2887405014932063
0,88,0.0701649710587564,0.19524683822934102
0,89,0.06074944876079941,0.20737813942462355
0,90,0.07865867322565248,0.21827668150348464
0,91,0.04831108749617788,0.12957172182583998
0,92,0.07189093539579348,0.14657003468533042
0,93,0.039535307795672055,0.17435213662086968
0,94,0.04943115164735207,0.1709429836453243
0,95,0.0463063655046529,0.13039001655048843
0,96,0.05815920535079792,0.1914944459983966
0,97,0.06224442769875829,0.18589714497910778
0,98,0.05817805299032743,0.17416856500743427
0,99,0.050279022092236475,0.16959564159202623
0,100,0.062138601984610096,0.16890718930078952
0,101,0.032517433759064865,0.1971062641418559
0,102,0.06495038012780914,0.17308029455856486
0,103,0.1188147708993408,0.1737837778799598
0,104,0.04324664842546779,0.17881884804814865
0,105,0.05349495768768829,0.18442596287676533
0,106,0.058226434354772864,0.22968683474647286
0,107,0.07156412551010939,0.18422438808754416
0,108,0.035410826151606276,0.16322096864920968
0,109,0.08729133902199046,0.15839288623932343
0,110,0.08949265795837899,0.1524290254915611
0,111,0.038338690889879304,0.16316206951810108
0,112,0.039349701915046574,0.22538052769767283
0,113,0.09098225585301944,0.14113110245257254
0,114,0.05701154236941453,0.16214568939972204
0,115,0.06167692516618232,0.14734586698856772
0,116,0.04087158575657758,0.23148503008808047
0,117,0.07132070032503661,0.20351332312788406
0,118,0.23322890891973003,0.15810619016397523
0,119,0.05457270971459868,0.15798219101583041
0,120,0.04871156527908324,0.18285711233355806
0,121,0.056650525280485295,0.21269042865664653
0,122,0.08152005140966975,0.19580668240449867
0,123,0.05137181103242287,0.2013294624527698
0,124,0.082200197335881,0.14651941698136137
0,125,0.04999668704462616,0.1524311234601955
0,126,0.05432737742268757,0.14714949817654518
0,127,0.12338761969690362,0.148552378341708
0,128,0.09643609274542403,0.1645676097291417
0,129,0.07624933261871404,0.16279855841099783
0,130,0.07979930841332136,0.14760510817194522
0,131,0.093439765313148,0.13559949723294762
0,132,0.0315359505750181,0.19523718998537287
0,133,0.05689241822077234,0.18075357712757403
0,134,0.11995957985844785,0.14561077093456995
0,135,0.10889297531867662,0.12775160242321093
0,136,0.09100085377571404,0.16610204665245196
0,137,0.07082267866675357,0.14574133969740835
0,138,0.06704835493078294,0.12745978457200688
0,139,0.09582092187320058,0.16870410125692517
0,140,0.10169094467391578,0.1208350885162467
1,0,0.057725409929104105,0.13348512607182225
1,1,0.13538819580285538,0.13731149077849694
1,2,0.0542333852294795,0.11487708062654148
1,3,0.06564426143928491,0.09710678706225367
1,4,0.07518877233666181,0.11425303826127757
1,5,0.09476901134617902,0.0936624968843416
1,6,0.06963573254416684,0.09687218224606853
1,7,0.07146028162808808,0.11373361147813837
1,8,0.28053598564859406,0.14404173269060186
1,9,0.0681500073334927,0.1289141470889398
1,10,0.07089056343317125,0.20765284765090603
1,11,0.07191493118413302,0.19721697137662053
1,12,0.11432253146518885,0.14393482321405132
1,13,0.04265617742123719,0.15861918831465394
1,14,0.1065483885674681,0.21533212397316867
1,15,0.07099394268930374,0.13544150572452407
1,16,0.18699571707781273,0.10990824807500688
1,17,0.09595367998677531,0.11454880331246466
1,18,0.1385861171374167,0.14084789376426332
1,19,0.10864803685347336,0.20318728098671285
1,20,0.06776633520380441,0.17304364524358856
1,21,0.11100050153452114,0.16859037212716746
1,22,0.15989538271059786,0.18701132399271536
1,23,0.10470081308369798,0.16290751416393687
1,24,0.07258150303404962,0.10107338076579739
1,25,0.1941781946662316,0.11068519330328948
1,26,0.11071403686401506,0.13749528454844986
1,27,0.07287700956740295,0.17690155097811164
1,28,0.07885608484925744,0.10042337394996356
1,29,0.09673829929501826,0.11321219940654455
1,30,0.0809835674027048,0.11998780545038473
1,31,0.06715657667346146,0.09861310133301485
1,32,0.06814115371728847,0.09338840205907231
1,33,0.16425158090419184,0.09921526016818356
1,34,0.10045870727828303,0.09198626088544493
1,35,0.05416788217286922,0.11900829586964772
1,36,0.10826992286049093,0.10746178809478195
1,37,0.06409827545041494,0.13131661114470025
1,38,0.06631053537099879,0.10685218828132699
1,39,0.04573780883454494,0.09811076148925964
1,40,0.1010615520757965,0.12866529145981684
1,41,0.06304864510534315,0.11488928877766627
1,42,0.07643251132006648,0.11816033400797046
1,43,0.23829275532715605,0.12384833767339401
1,44,0.08193681434512762,0.09841010980477526
1,45,0.1125244667678662,0.1135758052459617
1,46,0.08769872236395126,0.1285088578052053
1,47,0.09352353052090895,0.10056951915081332
1,48,0.10315399488750883,0.11358974793782428
1,49,0.12390050210381624,0.14260694136997612
1,50,0.08278836587993028,0.14261059266110065
1,51,0.11299248473257958,0.14295095430326604
1,52,0.1843364881036066,0.1110215235596967
1,53,0.08666067974326194,0.09133414122499325
1,54,0.09766723663379179,0.11499834705600215
1,55,0.07999461859976874,0.11426795549225997
1,56,0.22035934496968768,0.08896971223121274
1,57,0.1210889701225021,0.1297624184172695
1,58,0.10614768487055502,0.1383365317675946
1,59,0.07818556922472507,0.12000846225630622
1,60,0.09425063068695366,0.10622123972079411
1,61,0.2109461970248995,0.10039654235488826
1,62,0.06831454906842564,0.10764154786127961
1,63,0.16469842004229437,0.11379125230267195
1,64,0.1914362330211672,0.11818170181853085
1,65,0.10594865925230007,0.13382800723344077
1,66,0.15448103098704455,0.10084040632331635
1,67,0.10541669079463242,0.10524923388874778
1,68,0.0980580523641086,0.1427319885420558
1,69,0.20561491251669936,0.1403996565291703
1,70,0.10518223930329933,0.1141367142318885
1,71,0.11162595319539971,0.12048943524936315
1,72,0.07488364449716518,0.09732464757491154
1,73,0.14068291309441977,0.104812167193039
1,74,0.2976696396419805,0.1382674074754336
1,75,0.09833100068720246,0.10787869913119404
1,76,0.335989884582004,0.14586262574718262
1,77,0.13864950783503693,0.10018401976583922
1,78,0.10897212655043692,0.11315063004798967
1,79,0.12877467548773325,0.10452510788851749
1,80,0.2620138368665441,0.14091555693836777
1,81,0.24022907340142374,0.10858855621812577
1,82,0.10125955167541344,0.1108556366284731
1,83,0.2286399855798173,0.09152401800493627
1,84,0.11017060822238087,0.08985849052046796
1,85,0.15807115202565603,0.0944852530284229
1,86,0.12146922560028689,0.1387225540279725
1,87,0.09992311594286396,0.1626381757428098
1,88,0.2218624478008721,0.1547125572232277
1,89,0.12577839589163692,0.10398655193565547
1,90,0.13586142501811654,0.10062142414805675
1,91,0.16575857634013239,0.10354023006884372
1,92,0.13523040740562664,0.10337282496240054
1,93,0.1638401025357017,0.10013396292823257
1,94,0.20305316868226816,0.11916203803237475
1,95,0.10478260635611708,0.1055214789238804
1,96,0.1445299137933343,0.13976161708523419
1,97,0.1881946635013758,0.1304922534790422
1,98,0.11214167598431923,0.12407221190350395
1,99,0.3233070520773154,0.12134601352165356
1,100,0.15860831439821305,0.12722583445520297
1,101,0.21940580743259253,0.15486252660052474
1,102,0.16530087667829627,0.10230387702083885
1,103,0.2801586662596345,0.1109546597943023
1,104,0.10351122333241301,0.12418470985829089
1,105,0.3669304589194785,0.16994501095180067
1,106,0.4312438445806488,0.12355245003681857
1,107,0.23796393895788942,0.16206604998154414
1,108,0.20451435972765383,0.16871667726249773
1,109,0.21526526954639952,0.17452985401541007
1,110,0.17371805993521483,0.17330334384398077
1,111,0.1561270610730469,0.17185320555868708
1,112,0.46787574915111524,0.17915646212784328
1,113,0.14021958137725435,0.11160344474242359
1,114,0.1493186883487392,0.11144568001457847
1,115,0.1763594736896148,0.10191633676744274
1,116,0.184079783743497,0.0948966931935773
1,117,0.19983323146288937,0.09960619177103865
1,118,0.15148496855962784,0.09476552901474934
1,119,0.11548147470680546,0.09478811482773473
1,120,0.13213684972443426,0.121046925488005
1,121,0.22520556111652376,0.1488146818635783
1,122,0.23283763638722305,0.0922028642516326
1,123,0.16881874868641086,0.09749473769933772
1,124,0.22137334059170627,0.09083990917059191
1,125,0.1649464843914718,0.08732782361506275
1,126,0.19982648645786796,0.093934595294153
1,127,0.1401435460087402,0.08348946058492386
1,128,0.14613624094304506,0.0824140547108924
1,129,0.109948477739581,0.08834750015958029
1,130,0.3536851035148221,0.08522151770205452
1,131,0.2231757741767735,0.08562920651083017
1,132,0.3308362182429951,0.13566378696882564
1,133,0.1750655698627735,0.08501332875380053
1,134,0.2539178854604354,0.12461399747277854
1,135,0.2467707896947427,0.11323643968041235
1,136,0.2517756623244459,0.12875954011436103
1,137,0.21224745233484166,0.1287540282874419
1,138,0.3907401598788322,0.13311976191801078
1,139,0.14133898069558845,0.10875965113514693
1,140,0.23900778134727105,0.1067882082426074
2,0,0.549169951164816,0.09267436372222233
2,1,0.25605052424586466,0.09133838500243036
2,2,0.2850742469620147,0.11006638086474346
2,3,0.49632093146095446,0.1019141437073086
2,4,0.25544715556513,0.0950719942475991
2,5,0.294260865845716,0.11134558245126336
2,6,0.42383105130963095,0.10329072126112705
2,7,0.19795354889903974,0.09205323425612634
2,8,0.24440547462112222,0.08365934267985117
2,9,0.36053254474997515,0.09102705782433745
2,10,0.2551740444334905,0.08440895597307503
2,11,0.5170567326135036,0.07958157801400827
2,12,0.1861730818483801,0.07461952869142997
2,13,0.23733737490481155,0.07830952907923745
2,14,0.3618930651551325,0.08767853422258576
2,15,0.30518274580552635,0.07921454739366807
2,16,0.6462288642651828,0.0877450522144154
2,17,0.30442485769843775,0.08921641367910542
2,18,0.39402111006950413,0.10256470912106871
2,19,0.30249666601491654,0.10365574786498734
2,20,0.3481959869263155,0.0859339473900051
2,21,0.39742423410346295,0.10221851068511491
2,22,0.552066826074217,0.07921260791262213
2,23,0.735135785784149,0.08863475595499053
2,24,0.28225385188249646,0.08812171336173492
2,25,0.28590298857280627,0.0876493562633442
2,26,0.6978379617439224,0.08423146538915595
2,27,0.3755704399097404,0.08744100543482201
2,28,0.565278973912488,0.08313544833505465
2,29,0.34849695849324797,0.09913791460609732
2,30,0.3757451064397926,0.10125985522280076
2,31,0.3946158569808267,0.07986375335575419
2,32,0.35421500832776875,0.08798007029170812
2,33,0.4202803627336461,0.09218438155569117
2,34,0.3735569894483639,0.08654717412147214
2,35,1.3940614914277016,0.09039633976662269
2,36,0.4884146132299238,0.12099703095659753
2,37,0.5101163931399892,0.09202430964629334
2,38,0.4128208655221074,0.08021665549653602
2,39,0.5059885989367736,0.08828842261081755
2,40,0.4356167895917172,0.09466484946343734
2,41,0.45688673833760973,0.09049818196203961
2,42,0.4362438953940319,0.08452685357049729
2,43,0.25865466925218916,0.07709671657691836
2,44,0.40466550529509,0.07098110936019325
2,45,0.27852126254009635,0.08305324693936762
2,46,0.5498350465551558,0.07741095439170041
2,47,0.5306095315677634,0.07167533914906389
2,48,0.33493556093898585,0.07176571280154873
2,49,0.5777757431819585,0.07419651209343778
2,50,0.9373351879003636,0.08178515201702895
2,51,0.4843678796867082,0.08127425106749041
2,52,0.5510907028195673,0.08004212806755409
2,53,0.4026344834746326,0.07216994035423549
2,54,0.5763019232406756,0.07185667039113207
2,55,0.448544300370663,0.07211466696511133
2,56,0.36883057610475894,0.07707899079528263
2,57,0.42636022700282394,0.07416267865364555
2,58,1.1987731034225104,0.08052678827348865
2,59,0.5686713858528012,0.07238620431654265
2,60,0.46937007868305786,0.09686938580729226
2,61,0.6214754953612877,0.07798207267713744
2,62,0.3401048463145379,0.07577103330638654
2,63,1.158408014006322,0.1216385128020158
2,64,0.37127823388054554,0.0828550633194324
2,65,0.5869656345821626,0.11198938649886184
2,66,0.7090610956144866,0.0776362992968198
2,67,0.34776911404480904,0.06922814287295173
2,68,0.27423179486869476,0.0664219704535055
2,69,0.33161498031326336,0.06966048975827674
2,70,0.4713586078793152,0.06799980850031598
2,71,0.41533786894144037,0.07979623856692025
2,72,0.3609844977450245,0.07203916591057447
2,73,0.2748535802262502,0.06595776361770507
2,74,0.30323639297939814,0.06653369313776492
2,75,0.6822499375196083,0.06979930759593589
2,76,0.3961743323300166,0.0787819167977383
2,77,0.37781379912736257,0.07589952085131967
2,78,0.3583124955073891,0.06744831837480629
2,79,0.33310209272454794,0.06440713782579352
2,80,0.6352536171540845,0.07620332156744422
2,81,0.5371794324469511,0.06942454769227689
2,82,0.4725634248762051,0.07458557931601545
2,83,0.8978351131236345,0.07060915643364711
2,84,0.34440426032109167,0.09615289503648593
2,85,0.8826184686794111,0.1123510146892687
2,86,0.5304060835018328,0.07240235883601871
2,87,0.44966942982345337,0.07728553305431274
2,88,0.6881677661440939,0.08556139168590333
2,89,0.584298930917997,0.07052258799417004
2,90,0.6774104955876149,0.1314280652171445
2,91,0.5313429382320692,0.0925886377696113
2,92,0.4729377973439211,0.06742261881993085
2,93,0.3882579538730009,0.07193791348210025
2,94,0.9130571588009998,0.07421301004301183
2,95,0.5076519703147093,0.08780743988504291
2,96,0.8048622663857254,0.07430620200046144
2,97,0.9416359466822339,0.07334338218140217
2,98,0.4933413452250048,0.0713619544632118
2,99,0.36576820824753803,0.08077966374413871
2,100,0.359721917131641,0.0673669167905614
2,101,0.6281119135773288,0.07220119628453459
2,102,0.5724786333852986,0.07969624244305193
2,103,0.6748859601174324,0.0824654258985763
2,104,0.5272266282872666,0.06282418238723374
2,105,0.3755415516055658,0.05965373724447648
2,106,0.5336961457582065,0.0679203780437825
2,107,0.621475982044916,0.062346378848541606
2,108,0.6538182972963269,0.0675844434362289
2,109,0.410803463116636,0.0642651891721672
2,110,0.7926365520937589,0.07993001416596852
2,111,0.8721481684747733,0.06543972271007262
2,112,0.8022508489235128,0.09194226330125033
2,113,0.44196476388621453,0.07692663729048918
2,114,0.5695594503117504,0.057844377708754384
2,115,0.6453518400996671,0.07386481354838435
2,116,0.7562778780830582,0.08954720461223838
2,117,0.6372827260648044,0.07610331762338313
2,118,0.3252018714935422,0.0573562459400769
2,119,0.5354517602671495,0.06435040660799728
2,120,0.5939466839701888,0.07897043528335893
2,121,0.4726811220119802,0.06343676932995726
2,122,0.3701406828871644,0.054319710910475535
2,123,0.4838185393190296,0.0792742731904219
2,124,1.811895109973941,0.09208150652878093
2,125,0.5068238020502481,0.06724199253238954
2,126,2.0296586531013663,0.10370095456944396
2,127,1.2163798970916664,0.08160960220402316
2,128,1.122887561487104,0.11370366055342625
2,129,0.7404095100519085,0.06389061703893908
2,130,0.45357675828204674,0.07149830975385821
2,131,0.6317376605768785,0.0884004139207052
2,132,0.7380800812483569,0.07990031662174409
2,133,0.7960711444367661,0.07078212823912368
2,134,0.63554346598345,0.1592532682195645
2,135,0.5985325063900427,0.13959183591279115
2,136,0.7618893327506434,0.10335645343178812
2,137,0.482949925731933,0.05831795453054293
2,138,0.7341064062050295,0.06722599923055364
2,139,0.8330562155373963,0.07042108798297268
2,140,0.6357547076929749,0.07089229824347083
3,0,0.43405919644736507,0.05921286922015187
3,1,0.3218847265909129,0.055251949704430016
3,2,0.4321753257068844,0.06238601671712466
3,3,0.544866202739066,0.056555390960222426
3,4,0.507116148045386,0.05477224876290829
3,5,0.8229828183478195,0.06329134837847089
3,6,0.5128192043708921,0.05912345436807089
3,7,0.3740637189319873,0.05985386461957653
3,8,0.5840437876881861,0.05778351084945053
3,9,0.798574263911018,0.06445478548361162
3,10,0.6253820434457501,0.05699035458949047
3,11,0.9563618792226547,0.07095243293371067
3,12,1.172045182156296,0.07842010072623559
3,13,0.5542797413991617,0.05770313777642213
3,14,0.7770533647993536,0.06772753628955457
3,15,0.7121500389722687,0.06690549929242505
3,16,1.0085205702573319,0.09115945691833623
3,17,1.8965359705420455,0.10503620711392431
3,18,0.7365673951606888,0.0655397756797693
3,19,0.8450110440254311,0.07694909954678684
3,20,0.8328941083457008,0.08785114333506026
3,21,0.6141389922463634,0.06612409102571772
3,22,0.452634183275973,0.05773609165923909
3,23,0.39873589865649434,0.07975814457002134
3,24,0.48485026576985,0.07317823880253851
3,25,0.8370800780257356,0.08162453993219324
3,26,0.4241910213478641,0.07745816094681024
3,27,1.0381558253206273,0.09925459016995979
3,28,0.7824234089815624,0.05786002627700873
3,29,0.6993297021527524,0.06446061060490509
3,30,0.9491229091187613,0.06535674388012482
3,31,0.6218561579056905,0.0611939207555538
3,32,0.6189330667999006,0.053543657670603324
3,33,0.4157509240454473,0.05688603037717507
3,34,0.5906272866993547,0.06368298022191467
3,35,0.26621380389517674,0.05150549476952731
3,36,0.6441398894799732,0.05378143075162036
3,37,0.5744688737399735,0.05485099273112073
3,38,0.3533789594364793,0.04833156021140671
3,39,0.5323302266556876,0.05429869871727563
3,40,1.2494881808473335,0.060078407581600074
3,41,1.4090687033986327,0.07068891021045373
3,42,0.8128282389268887,0.09565671667761651
3,43,0.9162280273785587,0.055630325190891276
3,44,0.5359282113054883,0.05257834516851397
3,45,0.6779976792570822,0.05601540816378236
3,46,0.4087654921710214,0.051783867467651915
3,47,0.6899037779858411,0.06937923367011174
3,48,0.4206780954999169,0.05866845768194312
3,49,1.7196360067586114,0.07966387835711217
3,50,0.6221311407545472,0.05290978896019491
3,51,1.0363091004958283,0.06244821904682631
3,52,0.6598256277857014,0.05190144332842934
3,53,0.8415186104410551,0.056032648404947594
3,54,0.7515408336047495,0.05846383872378581
3,55,0.48985217708200685,0.06426419016488012
3,56,2.144657648708199,0.0792751708022373
3,57,0.6939800139698766,0.07172222509136758
3,58,0.7917271942402653,0.050996055503102586
3,59,0.629753635081598,0.05642730539938137
3,60,0.340512326760354,0.05132441711643376
3,61,2.7919879270272943,0.11099208411215256
3,62,0.5487422812924341,0.04786607861166033
3,63,0.5130542910512416,0.0515197853364455
3,64,0.5567274971086908,0.054434390295057825
3,65,2.4790717942361296,0.0863887858465247
3,66,0.4702601703156099,0.0539959174141624
3,67,0.6254153076988738,0.05185931553699889
3,68,0.41421357263598124,0.04721931827695182
3,69,0.8115670847762694,0.04975292647932584
3,70,0.9342064942321486,0.06718549695049603
3,71,1.1161532319427512,0.07379836532844347
3,72,0.8756297546248601,0.05893235371035816
3,73,0.7170755877287439,0.04779895457334539
3,74,0.28760486076792396,0.05267845955113136
3,75,0.5140470136896066,0.058941711055591615
3,76,0.6556783493885319,0.05372550669156813
3,77,0.7584692662837444,0.05505252843920167
3,78,0.9058311686468192,0.05527311070018758
3,79,0.4564030660812567,0.04908582917215592
3,80,0.5934855951854396,0.05205404638873956
3,81,0.40588935823615974,0.04902176833804446
3,82,0.7464121593158386,0.05551782186303561
3,83,0.5839482362014431,0.05181083240007152
3,84,0.5817259125804314,0.04987973731530146
3,85,0.8416209526152535,0.05578325270133659
3,86,0.5521235826080186,0.04573324108864895
3,87,0.8378517504360117,0.05118295939436791
3,88,0.8178068296342741,0.06568202400133406
3,89,0.5778729735558044,0.05368923855830233
3,90,1.3908157357607804,0.05792233904471364
3,91,0.611510130264724,0.07944642734020768
3,92,0.6482023804161168,0.0668100283229247
3,93,1.7556561864392315,0.09164977977150125
3,94,2.453357358655964,0.13456087618971305
3,95,0.9055020526453834,0.06655520012526205
3,96,1.440160724986516,0.07399475132503266
3,97,1.941927831587054,0.08474429869759587
3,98,0.43100686360363444,0.044603399665600174
3,99,0.796598406083061,0.053550018923566804
3,100,0.9737358350781705,0.05180008469152828
3,101,0.9945125716377167,0.05951621659856991
3,102,0.9414014667299229,0.05697120040964105
3,103,0.3281502831140408,0.04883155443233663
3,104,0.9263089068492567,0.06075281614202957
3,105,0.5756159424947718,0.04951045344579978
3,106,0.7303645517882472,0.05067362998086423
3,107,0.4981019124937289,0.0855859311708476
3,108,0.8445742443695768,0.05655394552588521
3,109,0.9687290292424487,0.09931333636226838
3,110,0.8142550490291939,0.06944192369795917
3,111,0.47752351357271877,0.06745774508330675
3,112,0.539016801557982,0.05025074870566949
3,113,0.7545076645108876,0.05032373812729737
3,114,0.5774443462675537,0.046515156723662805
3,115,0.552025071418212,0.04934171935246049
3,116,0.658335531813969,0.05209768419830304
3,117,0.5292891444039228,0.05025061329713797
3,118,0.2662920678104834,0.04777125394319768
3,119,0.9243831455806901,0.05718839971944985
3,120,0.7464843776442107,0.05370056307760531
3,121,0.27646849802722234,0.04818473979769289
3,122,0.9627954748858071,0.06542726294372517
3,123,0.4253236592412807,0.04851118757971507
3,124,0.4958502483320625,0.04690447785334082
3,125,1.1340818912708122,0.048713419183768834
3,126,0.3877875535851801,0.04329820006187298
3,127,0.3148057001167874,0.040351738025461104
3,128,1.0359410041844976,0.05807299756689921
3,129,0.7375922830699919,0.056649914666091726
3,130,1.1592125995509275,0.047283737538037364
3,131,0.5650370565377392,0.05278423443498009
3,132,0.735142374204038,0.05421767039177528
3,133,0.44951801175171147,0.0496834133117029
3,134,1.6108184493139714,0.06917898262656572
3,135,0.3688977566117296,0.04915413069950559
3,136,0.4307369666036828,0.05461476280707622
3,137,0.7585143649129034,0.04975029440838331
3,138,1.071673381052699,0.06056404136688562
3,139,0.4062832852523863,0.04112504194192797
3,140,0.28063850362332743,0.04132113583114192
4,0,0.542197544097375,0.04482339148045708
4,1,0.6839468169896598,0.06343669029381449
4,2,0.5678998861265765,0.05135127225246126
4,3,0.24934033378532008,0.044118092588457086
4,4,0.4318685243842374,0.042366960378894085
4,5,0.4950993571619843,0.042864707040193045
4,6,1.8110248966134657,0.08070798203599738
4,7,0.6851411236765217,0.045060107049310884
4,8,0.21066174288560535,0.040702788013140735
4,9,0.6788019711319688,0.050043700888942715
4,10,0.4528113491927245,0.054493148968554096
4,11,1.0666100038828727,0.06624476840889398
4,12,0.5506801875960133,0.048480981225447646
4,13,0.6090352472887209,0.04517990914107334
4,14,2.2929027465515475,0.08399309088223324
4,15,1.2598661137241343,0.053085527818591764
4,16,0.7464079212131961,0.048511180837789665
4,17,0.8063055277534884,0.04587075241749879
4,18,0.4773902969652651,0.04708989433732967
4,19,0.35838046884623537,0.051575495976558645
4,20,0.9088984179013607,0.08421481704983834
4,21,0.7288977656519355,0.07712329817366395
4,22,0.5604761892721554,0.07266950407275981
4,23,0.6965319558955839,0.04606751762975056
4,24,0.6854969232122606,0.0428809003984483
4,25,0.5976468836847303,0.04290688303766277
4,26,0.5154509535797637,0.04334302929808155
4,27,0.7021249701431376,0.05815717482245216
4,28,0.4566883887550443,0.041289304975135915
4,29,0.27399233784534166,0.03907380143882029
4,30,1.1687188413699512,0.05381210021788787
4,31,0.6648430522389319,0.049048747296022585
4,32,0.39220822208951095,0.057796554575564964
4,33,0.5656970649388214,0.04829135590814979
4,34,0.46786498045622293,0.0490696127702116
4,35,1.1216100495749368,0.055060677605618516
4,36,0.4758593890050863,0.04331794728074186
4,37,0.4666871780708535,0.04167689643424338
4,38,1.1188220074603012,0.0673454707429731
4,39,0.3451578492242321,0.040685608372281086
4,40,0.5295705172505436,0.04527327118994369
4,41,0.8854064962195093,0.04943672213902512
4,42,0.5790664203030892,0.04242893710809148
4,43,0.7885019151532399,0.05461432511570807
4,44,0.6347054979558749,0.05893784760967082
4,45,1.2209869049525677,0.05301335995728191
4,46,0.3989518492109543,0.03897373213984063
4,47,0.5877400042981704,0.05694576011647952
4,48,0.8217624966910319,0.056673947275361486
4,49,0.5361156062094498,0.05153049204240393
4,50,0.9837888097398221,0.05757957807013348
4,51,0.8371640818773727,0.058669313153333694
4,52,1.1006413096448198,0.05023581298565777
4,53,0.5617824409132481,0.046587107753574664
4,54,0.626097242996938,0.051608387056771454
4,55,0.6979516969463809,0.05026464970287289
4,56,0.4549396516471851,0.04359012770980464
4,57,0.9745544971753507,0.046004514591469196
4,58,0.304891127701608,0.038323542419616434
4,59,0.578839337144069,0.044299295404162164
4,60,0.8618002855405633,0.05051091306991169
4,61,1.0069490816026547,0.07120131464133152
4,62,0.6260719194139145,0.055224333017675764
4,63,0.6715251149788756,0.042102679407758366
4,64,0.3566884729831402,0.03657616149629629
4,65,0.5438000498403243,0.0367342644373263
4,66,0.6606394965134864,0.058092472711355814
4,67,0.6103296929740936,0.03822209896170298
4,68,0.8915619397783715,0.04595972985861808
4,69,0.536279921070063,0.04876307009850757
4,70,1.2487852182071038,0.07331566645428077
4,71,0.466897743859334,0.048482193697213495
4,72,0.3461667301159757,0.04183489267466034
4,73,0.5326285302702047,0.04658359705537492
4,74,0.36131732320806637,0.038796058503468366
4,75,0.5434099650251681,0.04664984889003164
4,76,1.0859661316795026,0.06213968725487444
4,77,0.879296692582693,0.05815569643965899
4,78,0.8485489407349678,0.06516559525139771
4,79,0.7951794119777588,0.04811493086637127
4,80,0.3138393741960703,0.03732528000475758
4,81,2.6484438985217027,0.08759156849399458
4,82,0.5635871970693169,0.041048631995521195
4,83,0.8548802843866351,0.061762822949022085
4,84,1.045264621457901,0.05828942805760008
4,85,0.6799460457200226,0.03996504825550919
4,86,0.7265981426267655,0.0519973676025413
4,87,0.9864851295286349,0.071387994619174
4,88,0.39799739425112834,0.0544732467229445
4,89,0.4121891717657008,0.050590618101045225
4,90,0.5181072990510228,0.05119367201736921
4,91,0.32603966399702594,0.04650712952025465
4,92,0.6959796453393089,0.05515385010773777
4,93,0.5813510475529258,0.05416378248477136
4,94,0.3695175961018525,0.04540680148322384
4,95,0.29454190356494797,0.043765193778160544
4,96,0.871866408815093,0.05989639415574849
4,97,0.8846312523900522,0.07298615439351715
4,98,0.38685595686101565,0.053963972281890184
4,99,0.5309189589620116,0.06771060539318581
4,100,0.4585851580127341,0.04749125430840491
4,101,0.6278081935536174,0.05816466921340043
4,102,0.7171446833884958,0.05557117279889652
4,103,0.42015446303899256,0.05176761166264669
4,104,0.3865275162750929,0.046887833747112403
4,105,0.3437700569704453,0.0411591889205677
4,106,0.6433061191301958,0.04898294719024526
4,107,1.1621393232993473,0.06335816333376092
4,108,0.4842819599634113,0.04297834477123697
4,109,0.5083232900094219,0.041128326454616074
4,110,0.4982651447982508,0.0419792132161495
4,111,0.2846903771549048,0.03833579038998905
4,112,0.6397738991714363,0.04327997711674432
4,113,0.43338646730009805,0.041076011981587675
4,114,0.5783658721216621,0.04079665990978676
4,115,0.8293383093310799,0.05070967992581204
4,116,0.8664390660685825,0.06714908143970921
4,117,0.24076145392464793,0.03944812760386228
4,118,0.2702636631261645,0.040203319176819796
4,119,0.8726098404352701,0.0486896903911844
4,120,0.7446072311204364,0.04939427378555079
4,121,0.24952638809346755,0.04011707365390869
4,122,0.5631698097142694,0.04893344595887818
4,123,0.40338689405897643,0.05403769118871726
4,124,0.464091964165866,0.04027845745485743
4,125,0.2811675690239285,0.038137352567655644
4,126,0.2883567124378926,0.037324341363258406
4,127,0.8063120484108073,0.044618481473360554
4,128,0.47308502614153414,0.04851415840147829
4,129,0.6318805212470784,0.05785190092905764
4,130,0.8146709762757686,0.052306381739606334
4,131,0.3136666941020709,0.037182861804734915
4,132,0.540233368864797,0.03824004327519704
4,133,1.0195995962256472,0.049297555594303176
4,134,1.2477639477254712,0.04502266443789397
4,135,0.33758084395222804,0.034973097663828036
4,136,0.46943498993665067,0.03975499432271516
4,137,0.7944563443805885,0.04490301622314959
4,138,0.5094029162692405,0.046531124298771265
4,139,0.9007827636854793,0.050054887460280646
4,140,0.4127894229025119,0.03647082593140987
5,0,0.40593767249078494,0.03776391518282128
5,1,0.3317142532331164,0.035135926051158166
5,2,0.48805809715095655,0.04053744404163983
5,3,0.26570637720184903,0.03435658228332321
5,4,0.5267675823913456,0.03991147749975816
5,5,1.5464203135300376,0.051099642755357014
5,6,0.6937232952348075,0.03964345568128098
5,7,0.6306633488599368,0.039650430817237445
5,8,0.4370506497149339,0.04073702505716637
5,9,0.32904894007531266,0.04501152532786645
5,10,0.7128996646242224,0.04221050210926761
5,11,0.6759151763757206,0.04047951946717354
5,12,0.5504702376655478,0.047187366365521566
5,13,0.32732492342765823,0.042065674924948164
5,14,0.2803106695340366,0.03952542783360171
5,15,4.507316972217176,0.12458666181673658
5,16,0.6393529804805361,0.05148409843610808
5,17,0.5752302223634977,0.04485615642213245
5,18,0.7819324540669151,0.04156494676151439
5,19,0.7111127708994215,0.05454420674671061
5,20,0.23340737998831798,0.03387729911493409
5,21,0.35206460733770645,0.03356904004021479
5,22,0.1707279649150799,0.03186072884013769
5,23,0.5747529628429628,0.04405134958947303
5,24,0.7613475632711618,0.05241991466077765
5,25,0.21185274231660914,0.033974054807448285
5,26,0.30181467522857086,0.03448847641539272
5,27,2.314401928764949,0.09549518608346842
5,28,0.3168295303664771,0.036982831516583145
5,29,0.5042427794935377,0.037949950783233724
5,30,0.41421484743979453,0.04022142299419719
5,31,0.6554742418331265,0.04153686235699039
5,32,0.36116195480533686,0.0345245695681417
5,33,0.5312405880220459,0.0373488936399809
5,34,0.7339465716583818,0.051635949855272006
5,35,0.3848948708022435,0.03783371595724759
5,36,0.9028904058515128,0.06580043017450403
5,37,0.4229108051430981,0.0405615262267704
5,38,0.460807728884336,0.040066563487976624
5,39,0.42828754675781594,0.035403792532255805
5,40,0.5600046554410413,0.03788120072028417
5,41,1.2083370383514138,0.08526159949854933
5,42,0.3730814467955376,0.03317771417587007
5,43,0.7193622370426155,0.03659421674919126
5,44,1.7339543689681476,0.08258140980977292
5,45,0.23315936187629271,0.041366228797746867
5,46,0.6625533221962732,0.052266882342314594
5,47,0.9569221272584166,0.07329420992014225
5,48,0.3876758144802199,0.03717673371180614
5,49,0.381685204315254,0.03511744262979098
5,50,0.451193967752469,0.0339750940429633
5,51,0.3566840191224415,0.03983879644257345
5,52,0.440490593555391,0.03778722235550335
5,53,0.3247745736574682,0.03771989689939061
5,54,0.3749798286166724,0.034664745879937744
5,55,0.566390993331229,0.037674586721250625
5,56,0.6758908340191215,0.050670144483785026
5,57,0.6245332483036552,0.04333301897650807
5,58,0.5096456952193431,0.03753443179182951
5,59,0.5190366755226886,0.03822071578359148
5,60,0.2265699657892069,0.03213558121350835
5,61,0.3166211124783501,0.03530298829302261
5,62,0.36343229399416016,0.03768652254172565
5,63,0.4431921682824786,0.040887654318277886
5,64,0.39098044409854854,0.04140004899922218
5,65,0.15466002929465222,0.029812397587855054
5,66,0.310132827481049,0.034270870225344696
5,67,1.0870250390742038,0.043896777022105114
5,68,0.16920572916861645,0.030758218314513343
5,69,0.2919999040311774,0.03573584732140318
5,70,0.38005516677093637,0.035024871480936456
5,71,0.4921000683095867,0.042088597351989776
5,72,0.4721722882947614,0.03790482373346403
5,73,0.3058409970850951,0.03034244278314216
5,74,0.26020024685901766,0.03237857474189912
5,75,0.3880260857226507,0.03373501285328839
5,76,0.334410464346337,0.031809781631492874
5,77,0.6863004330017634,0.03749077664208265
5,78,0.4128070237972783,0.0380865158420079
5,79,0.7177226719578015,0.06850854769025336
5,80,0.6245749432229506,0.045917274353254586
5,81,0.229746789314647,0.034298012401999145
5,82,0.698647302163441,0.038307928101564505
5,83,0.24613225961760102,0.03279525426723689
5,84,0.4070133320348819,0.03656187452289848
5,85,0.3375900874181715,0.03981548511113982
5,86,0.2714639082360588,0.03280132803959202
5,87,0.507885096992839,0.03366988919301417
5,88,0.4205884610861394,0.0331405909769326
5,89,0.6040675716997046,0.0335775005938736
5,90,0.2845793835665541,0.030772396354932258
5,91,0.35922950215466326,0.03135413031202143
5,92,0.28259058615589594,0.030693657411145634
5,93,0.36292000595465523,0.033618829219471215
5,94,0.4253286268051914,0.03589285959226449
5,95,0.2038574225390262,0.03063722678991826
5,96,0.18889201563501667,0.02934253706941906
5,97,0.3421280993957159,0.03264924403157273
5,98,0.6251279517412418,0.03860140214440681
5,99,0.3705455275310404,0.033842296588760395
5,100,0.3423252360480322,0.0335084606061291
5,101,0.17530144062114325,0.02861684555655401
5,102,0.3017780215368961,0.03464972842542468
5,103,0.5558717729323333,0.04293862514024427
5,104,0.21850181990633963,0.02923591316263319
5,105,0.4309611330643765,0.041886944477832644
5,106,0.4506255666544852,0.045790682474322934
5,107,0.4201762130062176,0.0337473218685562
5,108,0.4081593307370139,0.04102994699669422
5,109,0.611912991335198,0.04162704585302434
5,110,1.6133384604426255,0.0672079464848432
5,111,0.41789926174970415,0.034231199615664655
5,112,0.29342738087856446,0.032097341172438995
5,113,0.4746872929346572,0.03100348700435375
5,114,0.3177344205103692,0.03563630959461263
5,115,0.5364569901031944,0.056959093846251266
5,116,1.1210112178578409,0.05287400670423061
5,117,0.4198184819327519,0.03084614941159807
5,118,0.38471694936051076,0.041675912938551926
5,119,0.4362907216210947,0.036535902533209444
5,120,0.5904249932044776,0.037674430340576645
5,121,0.43070028773451846,0.03749189626011685
5,122,0.6717965118115988,0.03530770391480838
5,123,0.8741345780081874,0.04632876767158085
5,124,0.4899123706657461,0.04873567393655944
5,125,0.7375527457860447,0.05527049234394013
5,126,0.9935274949630728,0.06019711905351933
5,127,0.5150410674805028,0.06126515680692277
5,128,0.4070398480610732,0.04924423774789751
5,129,3.018521632610487,0.07021487001613853
5,130,0.3189584652791794,0.032472448330975866
5,131,0.33485844953427935,0.03810029709385749
5,132,1.0480316761105555,0.05991105949293606
5,133,0.5745068863418671,0.05503934218463681
5,134,0.6121152797788204,0.041698974214271906
5,135,1.0653426384656426,0.07589997749937306
5,136,0.23366352628643075,0.04777790910444811
5,137,0.4974866658595436,0.04739789852681274
5,138,1.2678469069591578,0.05841533883872053
5,139,0.4274280672137826,0.03767091488919377
5,140,2.0153697088207907,0.10629476517504882
6,0,0.7130335769868354,0.04930588080166451
6,1,0.49722414626225125,0.05271844883374779
6,2,0.21180794221369859,0.04221239784113599
6,3,0.3530513491786596,0.0366923517912521
6,4,0.35090140982170165,0.03131810662289682
6,5,1.5390687962375742,0.08042756781525899
6,6,1.5857909958525949,0.10614533219954012
6,7,0.39661871986610997,0.03794331011049289
6,8,0.6337480532071594,0.05255964920880332
6,9,1.3690695357473461,0.06791876974256361
6,10,0.42101197232768334,0.03828859785928414
6,11,0.4009105908078237,0.03154165315360554
6,12,0.22586972814314468,0.031258239625039104
6,13,0.42328730844029033,0.04309694560832317
6,14,0.22533795320552533,0.0373035775363367
6,15,0.574153156996384,0.04568567970714976
6,16,0.29564095636265936,0.03181985208744659
6,17,0.6354899797379504,0.052872337106439384
6,18,0.27430865952933575,0.030526046171101235
6,19,0.16865297563004353,0.02900115558394259
6,20,0.5111163291987575,0.039387809423990026
6,21,0.6654688794990369,0.03503024827139479
6,22,0.42444182902733535,0.04057683596909097
6,23,0.3427075054197027,0.038282364213961736
6,24,0.7219675011888336,0.04643096466350571
6,25,0.4842339861433425,0.04258502857438774
6,26,0.21725583932858084,0.03141218751081775
6,27,0.33617578433192163,0.03934338507572862
6,28,0.40450580926794016,0.042981199532200094
6,29,0.39616613538987927,0.029029075408423827
6,30,0.35764073329822293,0.034593712532808185
6,31,0.31444688654867076,0.029053854726051473
6,32,0.31268726439952343,0.03127280840575156
6,33,0.31282372581094026,0.03457525044805956
6,34,0.30035622655990557,0.03793504323305616
6,35,0.24010383427146767,0.027927671089252804
6,36,0.2922104258399381,0.03195918765329546
6,37,1.1354938416165803,0.04338847614677539
6,38,0.3603889848801646,0.031017558466002997
6,39,0.48540400335016876,0.03726380198343478
6,40,0.37519010940543474,0.0337309375865241
6,41,0.6770359884366529,0.03970504778046203
6,42,0.9179445525788329,0.039162923399826466
6,43,0.21801621658252127,0.02827749482934091
6,44,0.4204518076252673,0.03929033408288716
6,45,0.27529677920009704,0.029668923933785975
6,46,0.9550785907154348,0.05119894378023046
6,47,0.6754903395872754,0.03334659723231407
6,48,0.292459957981617,0.031107397310632594
6,49,0.21405041004408443,0.030632624741794547
6,50,0.6147531077459021,0.054909465106504934
6,51,0.4434472681403736,0.03500277244004464
6,52,0.35886359576861937,0.031207063078337892
6,53,0.349265977041035,0.03328328354143684
6,54,0.231622622605432,0.03113994090794124
6,55,0.4541405136704988,0.034689101560128305
6,56,1.1156444615635257,0.08163136101389451
6,57,0.2536300080634354,0.03169112838895609
6,58,0.6518937043794253,0.03919450489150092
6,59,0.6513775679863509,0.03291787531343091
6,60,2.5301335843195107,0.15654528108057442
6,61,0.4284148296164482,0.035488661621569564
6,62,0.3120594438305133,0.02877802651915099
6,63,0.24811778865585946,0.028397590372429993
6,64,0.5942109182915144,0.03736305099992899
6,65,0.3682547099583706,0.03784625815414179
6,66,0.33556308473993796,0.03013060307777341
6,67,0.3992795229107943,0.04008117626777705
6,68,0.9303704861149601,0.054054331061580585
6,69,0.5543161291804632,0.03258006006828399
6,70,0.4551623900023619,0.03202462263433417
6,71,0.3497682277647925,0.030554920268484533
6,72,0.29114498513818154,0.029389459018696017
6,73,0.40339127282915427,0.03158659866158702
6,74,0.4834479559476897,0.03474091557994225
6,75,0.4655246025609919,0.04073577652291332
6,76,0.631709802481638,0.03862285512665653
6,77,0.693620437511642,0.04166279846315187
6,78,0.22529708042220517,0.03219486949622984
6,79,0.8151264098628286,0.06239363757068097
6,80,0.25617051505270044,0.028830139747793606
6,81,0.192112344385059,0.026196327518760245
6,82,1.7919932821497297,0.07501425567128302
6,83,0.48955781059776987,0.038246563556359796
6,84,0.3734538672845693,0.033581124282276435
6,85,0.39075658262977697,0.028821341004243977
6,86,0.591720832327838,0.049844280058261976
6,87,0.3196565269229639,0.037197446788049024
6,88,0.2601910205953039,0.029037535538090645
6,89,0.2214154579036398,0.027061291163693196
6,90,0.2920607672516294,0.029680598336072804
6,91,0.3562285752405261,0.028712850094378323
6,92,0.8949471713583217,0.05310936997111602
6,93,0.3356788719325924,0.035809108801826556
6,94,0.48077652204349214,0.03530776902328523
6,95,0.37142922599745526,0.032301142669758046
6,96,0.5480643692168187,0.046699822958392534
6,97,0.4193119348939022,0.03107530216029921
6,98,0.5601605585216689,0.03755545180089331
6,99,0.35474292404789115,0.028506297114646174
6,100,0.4900582337221317,0.0490984667000956
6,101,0.22462987604353812,0.033770482245323634
6,102,0.36228996977493766,0.03624997560352977
6,103,0.21525779650023213,0.032997442527284204
6,104,0.5120749967139844,0.029430392070837887
6,105,0.9319530183742412,0.04730149743029069
6,106,0.9711714471904067,0.07110864662929853
6,107,0.3824510327828325,0.038777615005809916
6,108,0.5701446611336187,0.03829500395581987
6,109,0.846746804476229,0.055349682044725436
6,110,0.4278412618745428,0.0278322721671521
6,111,0.40275437293476407,0.02862596853392579
6,112,0.1624207268969288,0.024580156501896783
6,113,0.7206955759968771,0.068383596067893
6,114,0.5123065351051491,0.039641676780110456
6,115,0.5902272415351169,0.03320735063916662
6,116,0.19313286164862475,0.025425310096703607
6,117,0.5951982837206091,0.032704569215560704
6,118,0.28165810917668366,0.030133636687156594
6,119,0.4696681098218344,0.03546956703921414
6,120,1.0482210967566508,0.049050586022266446
6,121,0.2582280642546463,0.02687172617736452
6,122,0.5603959103705024,0.05312451468171674
6,123,0.8090218174839529,0.05272333833728178
6,124,0.4237952765259863,0.0372268738097966
6,125,0.4271106095959073,0.03384115788220956
6,126,0.29535873983692024,0.03171559391604535
6,127,0.3277773722565563,0.03376585967273407
6,128,0.36112992292513046,0.029902844439274292
6,129,0.5533409014831513,0.03207599355227372
6,130,0.7738780098504946,0.044940040062789476
6,131,0.4002105640722018,0.03134503908318432
6,132,0.6206887015686302,0.0383548692272939
6,133,0.513019333338693,0.049439353984408886
6,134,0.1865062603139713,0.029309511674720706
6,135,0.7275971556016488,0.04547138252013259
6,136,0.6132659025868742,0.037444210216694945
6,137,0.2901515279242755,0.02957061917155634
6,138,0.3723700233757077,0.036450867174870276
6,139,0.39689494196288183,0.03413753105432728
6,140,0.3364659344648851,0.03419506439851058
7,0,0.3979672231992117,0.03780359040007146
7,1,0.7274439830599754,0.04241349325399615
7,2,0.17866810167117947,0.02695035748425529
7,3,0.5392070422306682,0.03406518543027265
7,4,0.269931685015432,0.025768007999702292
7,5,0.18745232074712548,0.027615571627570785
7,6,0.18460100188390044,0.03310590786436128
7,7,0.3193220101471929,0.03286970181968034
7,8,0.31225784576425303,0.04163861222169477
7,9,0.34549983011611923,0.04361048074212179
7,10,0.33367259217776957,0.03625067426533451
7,11,0.2708816736952178,0.032335459153171646
7,12,0.16663247373288043,0.03146065709035091
7,13,0.4381922928487323,0.034611401026783346
7,14,0.2323569170042135,0.02939734442998829
7,15,0.30859706159250444,0.027352737050825648
7,16,0.39557558731682785,0.04094010529401787
7,17,0.5036457664315104,0.03520717697479612
7,18,0.2842965360651792,0.02642832677648482
7,19,0.7533295988082832,0.041985368194212225
7,20,0.697951429606488,0.03666385784875828
7,21,0.4792942229999831,0.038933851890344755
7,22,0.41089835111666545,0.03373737161084173
7,23,0.21336835317022126,0.02553595087042276
7,24,0.6264937626448946,0.04880523932562028
7,25,0.6037488047330403,0.03126754998648016
7,26,0.3141679256934075,0.03166393373866122
7,27,0.49712206793947183,0.04829313393574652
7,28,0.4511789125391823,0.038173295694586516
7,29,1.1765283472711634,0.06994681421119504
7,30,0.16648850814134286,0.025947804237724862
7,31,0.4696990860455864,0.0348566755490038
7,32,0.9748745665708701,0.05020268903201457
7,33,0.27534694066298837,0.034233383156101
7,34,0.44539102231364164,0.05429082718614028
7,35,0.5709915595768983,0.04518374709835921
7,36,0.6048236312430515,0.047449385120241924
7,37,0.4682307021130836,0.027655692696755628
7,38,0.5991147926844055,0.06363650256022532
7,39,0.34911787416956785,0.05426285255724538
7,40,0.3516882760626045,0.04383421185383456
7,41,0.29873297541147414,0.02835400658518983
7,42,0.4170314174632271,0.03807537067640589
7,43,0.42985993568959807,0.032670247638182034
7,44,0.36275446824561736,0.041151086547140614
7,45,0.8779688084683901,0.056532814441474115
7,46,0.9788118356372943,0.05641293144312407
7,47,0.9803780199495913,0.05644196704605304
7,48,0.2664596890122352,0.03080919595232788
7,49,0.2979721691010738,0.03130468612365912
7,50,0.405732996577243,0.02847173024772422
7,51,0.31527247108225015,0.0350769911645127
7,52,0.3103172687974153,0.026021828825538336
7,53,0.30069382832005,0.030053737205526142
7,54,1.1324257701513025,0.07095316986134052
7,55,0.3195360642231711,0.0260711043717738
7,56,0.40169928679521116,0.02682276569156466
7,57,0.1502394057135725,0.02361305111340405
7,58,0.3833662454023602,0.025936806882957728
7,59,0.28356674152770667,0.028539963455465632
7,60,0.4940676373849327,0.042693893908173186
7,61,0.47479548896126,0.03463406995765124
7,62,0.4937225699307584,0.03945710043040106
7,63,0.41445404311160117,0.03538345097030447
7,64,0.26585923712680837,0.030373827405320065
7,65,0.47169923802136055,0.03033460435474831
7,66,0.2997823067133893,0.02619975370721592
7,67,0.22263290651296322,0.025747491401667353
7,68,0.5226885490892489,0.04042412635813831
7,69,0.1926477003415849,0.024444615662493133
7,70,0.4163736596386135,0.033187947933355666
7,71,0.7837948088082467,0.047817305236994755
7,72,0.3564227778009089,0.024243726136649674
7,73,1.2018963870335058,0.07531684416029498
7,74,0.47960896671579356,0.04666840485671675
7,75,0.7282453090304113,0.06838795327145218
7,76,0.4424812809358833,0.03495100608157369
7,77,0.4956070324753654,0.030830967632987948
7,78,0.3637883781146269,0.03330205432232568
7,79,0.9171841515486395,0.048986292104389685
7,80,0.43155851902105674,0.02829682783501978
7,81,0.5743658732658699,0.03400672488255068
7,82,0.388661478444926,0.032287293360197526
7,83,0.28811971433261485,0.03222148450091162
7,84,0.2906402523105747,0.02995106594712397
7,85,0.3500596743594781,0.032036729925562446
7,86,0.2678361850261856,0.025229777969063404
7,87,0.43917548645747956,0.04829434449403166
7,88,0.3265208634640716,0.028081402055143093
7,89,0.31759100652084266,0.024983447039396523
7,90,0.32508551680171993,0.03350814141821472
7,91,0.2939151706013291,0.029247049896529854
7,92,0.1960326262069769,0.027923329644651006
7,93,0.26290424082726443,0.027889498536491305
7,94,0.24184148139450104,0.027613252984266742
7,95,0.23043790823384047,0.02583772479833593
7,96,0.6376895632597812,0.030613016489488522
7,97,0.464196473568123,0.03620571418914764
7,98,0.6477808191457523,0.0438182802116539
7,99,0.4218926344350607,0.0414603128087333
7,100,0.3032715601485539,0.03281406433575831
7,101,0.5885063321955298,0.043083920765259916
7,102,0.8483769940244824,0.046628502932477604
7,103,1.1636575334788253,0.04982476642904654
7,104,0.54580653662321,0.048386753289946724
7,105,0.5083334025762016,0.026882994638282403
7,106,0.39683331645023145,0.03769525367288089
7,107,0.4416088369482708,0.03318036764085241
7,108,0.5377721201342053,0.04305771178787343
7,109,0.3983019922121749,0.030659260199473567
7,110,0.6745952341068846,0.043662127155213046
7,111,0.34547010742202244,0.02839515079810499
7,112,0.29911150345760035,0.028728963210253984
7,113,0.26545459048505277,0.0287409210840331
7,114,0.9109280766089145,0.052059764369632125
7,115,0.4227105376975923,0.027818062261060584
7,116,0.3758901539352543,0.034594912213505996
7,117,0.31737003494068183,0.03311274770385643
7,118,0.47994397922521853,0.027343035279156436
7,119,0.6901262458836808,0.03911792001611228
7,120,0.30594588389982036,0.035897826977078495
7,121,0.3212472324587788,0.035840291634193236
7,122,0.2775804606481269,0.034420867205777486
7,123,0.33614689285194965,0.023916970490757243
7,124,0.3401709854343995,0.024688314604393677
7,125,0.21877632901873287,0.024875913311965522
7,126,0.39343958423719505,0.03218693958576797
7,127,0.2631886808618325,0.028808513465059343
7,128,0.2444075716938532,0.026711224761932172
7,129,0.449718618730514,0.039516114560951214
7,130,0.16737698179885313,0.02266360384817399
7,131,0.2592388279464127,0.02623553094991858
7,132,0.5484956739041996,0.03883863308231321
7,133,0.3237059028052996,0.02995186541053399
7,134,0.8538808221544927,0.07067501417371878
7,135,0.2309848420175399,0.027160941453712464
7,136,0.3444273415774742,0.036941895979822656
7,137,0.38094446877566845,0.027231176028027167
7,138,0.15922306384728846,0.022088273722464823
7,139,0.42098387542181304,0.02771761815895949
7,140,0.28601453734944815,0.03350840404641966
8,0,0.3214976459754038,0.03960359080834422
8,1,0.2618241560993588,0.029992459250983334
8,2,0.42531021990085865,0.03455407459520786
8,3,0.5237703173829693,0.039610236517792906
8,4,0.18266441849355153,0.023634776930236294
8,5,0.21036352946926465,0.027687961180377883
8,6,0.7950053985561515,0.04044083080960766
8,7,0.8380308528327564,0.04292552764439017
8,8,0.298794456072198,0.029310279256859643
8,9,0.221277269896482,0.030717248694242923
8,10,0.23664730437861445,0.025080292712783774
8,11,0.11535585433921201,0.021746410811414728
8,12,0.3058066063602972,0.028610580845864046
8,13,0.19320101293538422,0.02508159586505119
8,14,0.5326391561364843,0.05658936045876073
8,15,0.22156756314971054,0.024293184596720228
8,16,0.23961226425006318,0.027941951291844645
8,17,0.33644351568372943,0.029834157419294748
8,18,0.37501036212471883,0.025790725407560843
8,19,0.13046657659584068,0.02129782103493814
8,20,0.6450560288612832,0.03416727822450665
8,21,1.3184224525546535,0.09388520835855597
8,22,0.23562740238569377,0.02430251032400873
8,23,0.28977773252076894,0.029172511331014884
8,24,0.20897553018254947,0.025538329537685152
8,25,0.56614075689054,0.03313423459785613
8,26,0.5850746333616967,0.04097913347045477
8,27,0.8681913868700037,0.07660485836827224
8,28,0.39244367127710034,0.03285158271722739
8,29,0.2886834806568562,0.023642597748965866
8,30,1.3475697083664777,0.08406703551675498
8,31,0.2789209781595316,0.02870507909148545
8,32,0.278807036541224,0.028731172928892053
8,33,0.2987790101206115,0.024933410091052755
8,34,0.16029984106478296,0.024682617257441558
8,35,1.48507988150031,0.10039642672907821
8,36,0.5144004624337698,0.02958870844756382
8,37,0.2964324951906882,0.02405672412972965
8,38,0.33658752376160755,0.03548868117894885
8,39,0.3389530966894904,0.028660920279892848
8,40,0.2804954230584823,0.02672932037202688
8,41,0.38760060032427873,0.0352790137801236
8,42,0.22841649705339123,0.027368593155064385
8,43,0.2756171502536506,0.032597166972543064
8,44,0.9727364183157432,0.05034478294943062
8,45,0.21237092707245495,0.02682263488876922
8,46,0.33609740465101556,0.03303856941200264
8,47,0.7718577045737773,0.038455244167075325
8,48,0.146119805568549,0.025978540502392556
8,49,0.7136427483621589,0.06241089643353533
8,50,0.14496969048639197,0.0225483935307098
8,51,0.6094028250771524,0.04686215077438047
8,52,0.2979938252183102,0.028475485093353046
8,53,0.23883483455067897,0.02410815409348967
8,54,0.17187722451375362,0.02805144381455508
8,55,0.26048439350542935,0.027037927958502572
8,56,0.29493806679987483,0.02492830375264612
8,57,0.3698061262952218,0.03935486070805481
8,58,0.43760368886625467,0.03367262779357997
8,59,1.0579792967592336,0.058195738142028094
8,60,0.39284897589921797,0.03488381676543128
8,61,0.507742298184274,0.032770265113041125
8,62,0.35837330262783973,0.0284082984245575
8,63,0.6998983386832399,0.04188424839763513
8,64,0.9407557838499313,0.06664739401930364
8,65,0.5507227392765727,0.0554591603478604
8,66,0.31542203015236386,0.03540122993437124
8,67,0.5781785842380661,0.037154893566592635
8,68,0.3196817282144754,0.025555588021455616
8,69,0.2398008235144723,0.02676540398520504
8,70,0.7227414136535152,0.030220040109802955
8,71,0.266761909370668,0.029829515869834258
8,72,0.49612969210358826,0.05267407113032386
8,73,0.44688453233434833,0.039312918456170624
8,74,0.31932164814009206,0.03190701838783527
8,75,0.24577930934652203,0.026513345096070395
8,76,0.2378262681863066,0.0253185259648493
8,77,0.4612427481243174,0.03452186982943347
8,78,0.6055808347459442,0.04778477613855295
8,79,0.3409831466410688,0.048507439911259394
8,80,0.40222912957374385,0.031941177937554084
8,81,0.30314733995208326,0.025788389455313927
8,82,0.4475418529767523,0.032514882555278624
8,83,0.3738905063107165,0.027995273386206852
8,84,0.47065447110586667,0.04807105960354655
8,85,0.19181745518461862,0.026934693455119087
8,86,0.44282143251833084,0.047949273089255666
8,87,0.29621781405914116,0.026082797176623044
8,88,0.17313767020825538,0.023067862817277275
8,89,0.31997735794579685,0.03168408169287572
8,90,0.781107906083445,0.06735192215587778
8,91,0.258645023946705,0.025004604825719336
8,92,0.26698117447338404,0.02603241237049815
8,93,0.3421351050706462,0.03478145364641808
8,94,0.18932782986174107,0.025022092860805135
8,95,1.5197284042963681,0.06034422834382618
8,96,0.3019375458681447,0.027480257274399122
8,97,0.9196457990859628,0.05415454683504903
8,98,0.3491288497106354,0.030163444188106393
8,99,0.3288955069170961,0.029440137273240553
8,100,0.38570966316445,0.02972066033901094
8,101,0.8496746256439885,0.047301683485820825
8,102,0.7875541073590159,0.05041085480273652
8,103,0.2428383211471388,0.03186168465633065
8,104,0.2571024462661318,0.03413777709937359
8,105,0.3863865393333651,0.04564126774168443
8,106,0.2652561367070401,0.032358920421250485
8,107,0.3231676264501168,0.025107298192761494
8,108,0.1913621078149512,0.024046781357695696
8,109,0.9647056306431371,0.05083655906798471
8,110,0.5967362228679395,0.042134269086937286
8,111,0.3934758195177493,0.05763885812870098
8,112,0.36457454882662166,0.07701943957594799
8,113,0.6155216304104135,0.06284243521293424
8,114,0.5280965043564455,0.05147111222633411
8,115,0.4785388966303109,0.053180858056259064
8,116,0.18615515435490246,0.03953267482436656
8,117,0.3963381242404503,0.04256066460984515
8,118,0.3699809358097502,0.03448252922894429
8,119,0.3429462357869431,0.02847336445888913
8,120,0.424237294269904,0.03565486415476854
8,121,0.29395686668542687,0.040507444072758886
8,122,0.6219396736824196,0.03978717274730106
8,123,0.312092080761268,0.027059587558273188
8,124,0.28747113123805457,0.02779314068901464
8,125,0.20834087236164286,0.03259622808826329
8,126,0.5185953622380375,0.05532289615864119
8,127,0.5036954302067685,0.04653744188199638
8,128,0.38776978621501607,0.036841488741612735
8,129,0.19195495484216957,0.024636743679848035
8,130,0.19484288949150533,0.025292629025570994
8,131,0.1613016648777937,0.033679061283931395
8,132,0.22012834554376728,0.03324174541814441
8,133,0.32966801395733236,0.027437318962889277
8,134,0.459340171993042,0.03146557536938536
8,135,0.1914345109194329,0.023057829764544947
8,136,0.2993548685227755,0.026358111978941612
8,137,0.38424061420064504,0.03320228228111443
8,138,0.7126264541910373,0.07689558439812383
8,139,0.166527053403688,0.025348785757176116
8,140,0.30824033820301544,0.0240964431361299
9,0,0.2614356952041533,0.02542484669061491
9,1,0.36091396089356587,0.026171535844355498
9,2,0.3740157536780162,0.02894424506441178
9,3,0.20812583299996057,0.025498647011517665
9,4,0.5275922032024262,0.03479213475812715
9,5,0.39742312680273195,0.03947039992983395
9,6,0.23187286858418882,0.02402129559464774
9,7,0.112913583997018,0.02769923956520872
9,8,0.18169981417647182,0.021159942136288308
9,9,0.31909433266480924,0.027407173472731805
9,10,0.2902104492798127,0.036173900114283335
9,11,0.18285389583235082,0.02457973994450858
9,12,0.3230846593936193,0.02390529127284403
9,13,0.46655431241503736,0.0421766401529492
9,14,0.5846973587702002,0.040837655049898176
9,15,0.3323327650387282,0.03344437690408187
9,16,0.3040394162420436,0.02552725059867236
9,17,0.3479719431644303,0.023870430106476177
9,18,0.34511835030396176,0.021847690800382694
9,19,0.17350637137100425,0.022230157420280935
9,20,0.20315964145469892,0.02227465636836664
9,21,0.2944106590660483,0.02507004395782684
9,22,1.07370484343936,0.06572049656522347
9,23,0.27149859216481215,0.030091852487608962
9,24,0.3472071862448551,0.029197792870324937
9,25,0.3576376137967018,0.0393652494725858
9,26,0.18158705217884996,0.023808183303646667
9,27,0.4928432632541771,0.03584281715370332
9,28,0.7336435585532011,0.04539620145601334
9,29,0.3080983112530504,0.040236085988659895
9,30,0.31581514695805873,0.030847929073331934
9,31,0.27627097256977245,0.026497806587276056
9,32,0.2029064757575234,0.027051890135485517
9,33,0.9823271558030865,0.036476971993859963
9,34,0.24485047942869753,0.032915208269614075
9,35,0.5445011781535596,0.03819703143848492
9,36,0.1559407182532265,0.021831425776906086
9,37,0.29836402234653564,0.040319999145732546
9,38,1.1250793436415496,0.06707420768732522
9,39,0.40831960091518216,0.03230278387205747
9,40,0.36680387702514583,0.04092963117490162
9,41,0.2045058202006828,0.0397869415800486
9,42,0.8780050291638384,0.06667797536882868
9,43,0.2171437878256801,0.02971408623445141
9,44,0.4020711631125806,0.043351033808687496
9,45,0.6890374066302516,0.033307924555993976
9,46,0.3064937466168492,0.03522956529998559
9,47,0.36801197505012856,0.0323669639580055
9,48,0.3069014825579787,0.03626473167524529
9,49,0.5065718489042378,0.04092058213543823
9,50,0.46849107819149277,0.03340184844084108
9,51,0.1536971190030688,0.02720202253262392
9,52,0.46021567386880435,0.04484042873373263
9,53,0.35026065807552675,0.034032616215436025
9,54,0.3721383942545326,0.04448266708784848
9,55,1.054432691366922,0.0687355112502657
9,56,0.9025016548955422,0.07603913183402722
9,57,0.4221618239515295,0.06300719659772759
9,58,0.15901431560814958,0.045886451322104616
9,59,0.4419490774883581,0.04008951508983317
9,60,0.177136220619301,0.024928086482186626
9,61,0.13407036330625666,0.01995695901403112
9,62,0.22482904427125336,0.024839745396134708
9,63,0.4238785017185665,0.03194960029997493
9,64,1.1140498960088794,0.06423550735776361
9,65,0.31158767449278807,0.040187463010453124
9,66,0.16524551191928732,0.044691395894959574
9,67,0.343776742246653,0.061111742438552365
9,68,0.6278332741472379,0.06613443290764028
9,69,0.8626258705788211,0.04592965864836503
9,70,0.34114138216490425,0.039216006114460925
9,71,0.3662362352786313,0.05606460189734136
9,72,0.32109895158626556,0.04931395634731571
9,73,0.5702223853996283,0.05740407348765368
9,74,0.8483873601409636,0.06394092421262253
9,75,0.5111253515579619,0.03857285105769022
9,76,0.32525114552180323,0.035166622169314606
9,77,0.289905604279374,0.02248660527775806
9,78,1.9679571133456126,0.08073387189182778
9,79,0.5404802366568239,0.03998359087789909
9,80,0.3071063778617524,0.036635105025399
9,81,0.3954426441907365,0.05219280707416543
9,82,0.7786165383584475,0.08005461288953468
9,83,0.33127428781258167,0.04070963790848892
9,84,0.4761922700139267,0.04212454639154297
9,85,1.3706649370583208,0.08045987329856782
9,86,0.7070127419067371,0.043129259391228206
9,87,0.5042103766890822,0.03277742736618915
9,88,0.2171711978193901,0.02660933972530354
9,89,0.394201597124432,0.035918785289775004
9,90,0.4300845033823303,0.0317173486179728
9,91,0.4271835893483698,0.032943227713288975
9,92,0.31325909067797625,0.025426320239810143
9,93,0.5154469438927226,0.03125059267472323
9,94,0.7771862533802221,0.04005608187603802
9,95,0.35145834767191997,0.024339881935718635
9,96,0.4484332021057561,0.03901421762627136
9,97,0.2773640052889891,0.028743583699944796
9,98,0.48423817270076897,0.037929406083358735
9,99,0.38968851942559996,0.03743529777606802
9,100,0.4538376922973384,0.02566518762416902
9,101,0.5036165129703337,0.042913175435126155
9,102,0.21194129373481924,0.023227391217400147
9,103,0.37232177382292014,0.025525874208348447
9,104,0.24111730635486298,0.02257486826442922
9,105,0.16713099244282748,0.02026664818281976
9,106,0.6590914565185774,0.047455088873922614
9,107,0.34844180074172215,0.03222115401137365
9,108,0.4503833196093521,0.038383286633640296
9,109,0.24545747103841944,0.030189361652116227
9,110,0.4806406878293965,0.0394959098224654
9,111,0.3729696551537914,0.030503140454915492
9,112,0.21179297770876226,0.028541910715601224
9,113,0.42356410854904036,0.02602371895491386
9,114,0.2713375858020837,0.025168471506249773
9,115,0.18791656439133708,0.024098305353989883
9,116,0.8453663145402621,0.059683040733911834
9,117,1.225170192313431,0.06818642769520082
9,118,0.25531650737560896,0.03491450781544882
9,119,0.3418799939080515,0.029344834152128147
9,120,0.9509389336163115,0.038806678497774506
9,121,0.4617365602202372,0.033198558983335756
9,122,0.2887079512274937,0.029834360781369893
9,123,0.161258201732024,0.023171311132285294
9,124,0.18900995250417296,0.02366286514454036
9,125,0.4006487541645598,0.03504051979984992
9,126,0.35394443435325285,0.03932560778247914
9,127,0.270914953430614,0.029638497091104075
9,128,0.497670262443818,0.052978311473901835
9,129,0.5138891172290049,0.056620878872202476
9,130,0.48233750471419734,0.03695955116088725
9,131,0.3339101951973852,0.02759649248021084
9,132,0.7398565518966154,0.05513766771425893
9,133,0.2009074066303464,0.024486867612805455
9,134,0.18827914361189832,0.023808228925793793
9,135,0.25609635734315883,0.02490794080000921
9,136,0.5750868559695329,0.030248399963389627
9,137,0.2076568025765765,0.022354737987381808
9,138,0.2539237435575212,0.025617581403440864
9,139,0.6426000418170205,0.05730530660063521
9,140,0.29724875650700394,0.025008123402703256
