epoch,batch,cosine_trunk
0,0,0.15816761553287506
0,1,-0.1531684696674347
0,2,-0.20545007288455963
0,3,-0.09904063493013382
0,4,-0.15346956253051758
0,5,-0.23695549368858337
0,6,-0.5264849066734314
0,7,-0.10692040622234344
0,8,-0.03795797377824783
0,9,0.2049204260110855
0,10,0.294405072927475
0,11,-0.0603998564183712
0,12,0.13066785037517548
0,13,-0.13856366276741028
0,14,0.24517808854579926
0,15,0.5268871784210205
0,16,0.08270703256130219
0,17,-0.26359179615974426
0,18,-0.08506026864051819
0,19,0.450483500957489
0,20,0.21094267070293427
0,21,0.030625320971012115
0,22,0.04173942282795906
0,23,0.16484995186328888
0,24,0.08585089445114136
0,25,-0.2224452644586563
0,26,-0.11877592653036118
0,27,-0.17382924258708954
0,28,-0.13307751715183258
0,29,0.0730513259768486
0,30,-0.2634431719779968
0,31,-0.2936699390411377
0,32,-0.14828847348690033
0,33,0.017525294795632362
0,34,0.19281311333179474
0,35,0.19258062541484833
0,36,-0.34603458642959595
0,37,-0.22429542243480682
0,38,-0.09990503638982773
0,39,-0.06157296150922775
0,40,0.20640818774700165
0,41,-0.48952528834342957
0,42,0.18754540383815765
0,43,0.6802123188972473
0,44,-0.20667164027690887
0,45,-0.02764381468296051
0,46,-0.3649621903896332
0,47,0.033182233572006226
0,48,0.13407458364963531
0,49,-0.08798287063837051
0,50,0.32640916109085083
0,51,-0.06723582744598389
0,52,-0.457381933927536
0,53,-0.28004220128059387
0,54,-0.05803394690155983
0,55,0.14863207936286926
0,56,0.06990927457809448
0,57,-0.3769036531448364
0,58,-0.17655347287654877
0,59,0.1477387547492981
0,60,0.20389367640018463
0,61,0.1574411690235138
0,62,-0.22236347198486328
0,63,-0.020010776817798615
0,64,-0.14170698821544647
0,65,-0.24254077672958374
0,66,0.20882195234298706
0,67,0.054915085434913635
0,68,-0.10471318662166595
0,69,-0.09910326451063156
0,70,-0.2323295623064041
0,71,0.13220742344856262
0,72,-0.343272864818573
0,73,-0.4049765467643738
0,74,-0.43657687306404114
0,75,-0.3736242353916168
0,76,-0.38202881813049316
0,77,-0.2620905339717865
0,78,-0.28221458196640015
0,79,-0.1355607807636261
0,80,0.020905274897813797
0,81,0.37530046701431274
0,82,0.21920213103294373
0,83,0.30735811591148376
0,84,0.590141236782074
0,85,-0.363071471452713
0,86,-0.00866633839905262
0,87,-0.25793904066085815
0,88,-0.10973472893238068
0,89,-0.23313961923122406
0,90,0.09984389692544937
0,91,-0.06524651497602463
0,92,-0.17300492525100708
0,93,0.25992855429649353
0,94,0.18143680691719055
0,95,-0.17257516086101532
0,96,-0.28697776794433594
0,97,-0.5533354878425598
0,98,-0.41934120655059814
0,99,-0.48854056000709534
0,100,-0.41729405522346497
0,101,-0.41760700941085815
0,102,-0.31031882762908936
0,103,-0.09785065799951553
0,104,-0.27102646231651306
0,105,-0.38229474425315857
0,106,-0.03154461085796356
0,107,-0.04412568360567093
0,108,-0.3539368808269501
0,109,-0.11521495878696442
0,110,-0.14143574237823486
0,111,-0.173492893576622
0,112,0.3745145797729492
0,113,-0.33611834049224854
0,114,-0.02098809741437435
0,115,-0.42767754197120667
0,116,0.34631213545799255
0,117,0.18291643261909485
0,118,0.24661028385162354
0,119,-0.25327780842781067
0,120,-0.10248032957315445
0,121,0.04483339190483093
0,122,0.0042699286714196205
0,123,-0.021540652960538864
0,124,-0.2804214656352997
0,125,-0.47795429825782776
0,126,-0.36329779028892517
0,127,-0.14518965780735016
0,128,0.028389908373355865
0,129,-0.13703103363513947
0,130,-0.23864465951919556
0,131,-0.2610442638397217
0,132,0.05255237966775894
0,133,-0.024494938552379608
0,134,-0.23490582406520844
0,135,-0.0644516572356224
0,136,0.1457071453332901
0,137,0.3362148404121399
0,138,0.2625351548194885
0,139,0.6349174380302429
0,140,0.09709179401397705
1,0,0.3161235451698303
1,1,0.06598684191703796
1,2,0.2950405180454254
1,3,0.21278199553489685
1,4,0.4881126880645752
1,5,0.21816426515579224
1,6,0.2974312901496887
1,7,0.377864271402359
1,8,0.19450117647647858
1,9,0.5834817886352539
1,10,0.7253868579864502
1,11,0.7055796384811401
1,12,0.7379434108734131
1,13,0.3522251546382904
1,14,0.5318476557731628
1,15,0.448096364736557
1,16,0.3211333155632019
1,17,0.23866669833660126
1,18,0.4966982305049896
1,19,0.35923683643341064
1,20,-0.11989317834377289
1,21,-0.13853904604911804
1,22,0.18253657221794128
1,23,0.04015188664197922
1,24,0.1415392905473709
1,25,0.3334202766418457
1,26,0.35109713673591614
1,27,0.5838189125061035
1,28,0.3730703890323639
1,29,0.5103521943092346
1,30,0.6435220241546631
1,31,0.4824460744857788
1,32,0.5333714485168457
1,33,0.5902829766273499
1,34,0.43959128856658936
1,35,0.4910719394683838
1,36,0.41561394929885864
1,37,0.637505054473877
1,38,0.6106809377670288
1,39,0.36410316824913025
1,40,0.2629511058330536
1,41,-0.03942413628101349
1,42,0.3702564537525177
1,43,0.40229421854019165
1,44,0.27733731269836426
1,45,0.6033434271812439
1,46,0.5604913830757141
1,47,0.4227302074432373
1,48,0.6180384159088135
1,49,-0.02758098766207695
1,50,-0.2199265956878662
1,51,-0.12965625524520874
1,52,0.34881410002708435
1,53,0.2859368622303009
1,54,0.2294536978006363
1,55,0.20626966655254364
1,56,0.41489753127098083
1,57,-0.016821851953864098
1,58,-0.24732331931591034
1,59,0.5375695824623108
1,60,0.4881930947303772
1,61,0.5661917328834534
1,62,0.4639761745929718
1,63,0.36062830686569214
1,64,0.715853750705719
1,65,0.43806323409080505
1,66,0.49356523156166077
1,67,0.3719351589679718
1,68,0.1595844328403473
1,69,0.11937811970710754
1,70,0.2455153912305832
1,71,0.3513000011444092
1,72,0.2514396905899048
1,73,0.45501601696014404
1,74,0.06160399317741394
1,75,0.5699213147163391
1,76,0.750214159488678
1,77,0.47881564497947693
1,78,0.3761635720729828
1,79,0.5691412091255188
1,80,0.13012093305587769
1,81,0.37648138403892517
1,82,0.6054658889770508
1,83,0.3109462261199951
1,84,0.4389316141605377
1,85,0.5102247595787048
1,86,-0.23507724702358246
1,87,-0.188615620136261
1,88,-0.13709266483783722
1,89,0.3249549865722656
1,90,0.3280814290046692
1,91,0.27229443192481995
1,92,0.30339860916137695
1,93,0.30862608551979065
1,94,0.22884102165699005
1,95,0.2691316306591034
1,96,0.02142738364636898
1,97,-0.03167615830898285
1,98,0.523906946182251
1,99,0.3906762897968292
1,100,0.44304871559143066
1,101,0.5937338471412659
1,102,0.34685981273651123
1,103,0.38051411509513855
1,104,0.2749210000038147
1,105,-0.10454346984624863
1,106,0.041710205376148224
1,107,0.39659959077835083
1,108,0.3121330142021179
1,109,0.15841984748840332
1,110,-0.042500730603933334
1,111,-0.20711952447891235
1,112,0.11345832794904709
1,113,0.2554147243499756
1,114,0.4442881643772125
1,115,0.5425536036491394
1,116,0.3874690532684326
1,117,0.5617876648902893
1,118,0.5460676550865173
1,119,0.5126078724861145
1,120,-0.04161332920193672
1,121,0.08347634226083755
1,122,0.5066460371017456
1,123,0.6101229786872864
1,124,0.400802344083786
1,125,0.5444486141204834
1,126,0.60515958070755
1,127,0.600425660610199
1,128,0.6640041470527649
1,129,0.5977307558059692
1,130,0.4882830083370209
1,131,0.5116585493087769
1,132,0.5877722501754761
1,133,0.6385727524757385
1,134,0.7849046587944031
1,135,0.6269896030426025
1,136,0.5284034609794617
1,137,0.19758206605911255
1,138,0.20281656086444855
1,139,0.668839693069458
1,140,0.5237768292427063
2,0,0.463951051235199
2,1,0.37709617614746094
2,2,0.5796853303909302
2,3,0.5215290188789368
2,4,0.621442973613739
2,5,0.29942211508750916
2,6,0.22508588433265686
2,7,0.4563778042793274
2,8,0.6541376709938049
2,9,0.5436953902244568
2,10,0.56927090883255
2,11,0.5346896648406982
2,12,0.6667139530181885
2,13,0.5773307085037231
2,14,0.6307263374328613
2,15,0.6172175407409668
2,16,0.4735788404941559
2,17,0.6533620357513428
2,18,0.7738032937049866
2,19,0.6873475313186646
2,20,0.5688842535018921
2,21,0.6503571271896362
2,22,0.38144561648368835
2,23,0.5139753818511963
2,24,0.7405889630317688
2,25,0.6685901880264282
2,26,0.5047048926353455
2,27,0.5627657175064087
2,28,0.5884765386581421
2,29,0.657963752746582
2,30,0.5731475949287415
2,31,0.5662031769752502
2,32,0.5870047211647034
2,33,0.34720802307128906
2,34,0.2865655720233917
2,35,0.678512454032898
2,36,0.7705873250961304
2,37,0.7244803309440613
2,38,0.6499596834182739
2,39,0.7039209604263306
2,40,0.5630779266357422
2,41,0.651897668838501
2,42,0.4947078824043274
2,43,0.6629585027694702
2,44,0.6199525594711304
2,45,0.681412398815155
2,46,0.5953975319862366
2,47,0.41577082872390747
2,48,0.6050053238868713
2,49,0.5868407487869263
2,50,0.6405399441719055
2,51,0.6624447107315063
2,52,0.6968500018119812
2,53,0.654026448726654
2,54,0.540310263633728
2,55,0.5912907123565674
2,56,0.6131631731987
2,57,0.5404716730117798
2,58,0.3727146089076996
2,59,0.623131275177002
2,60,0.7391512393951416
2,61,0.6578571796417236
2,62,0.5492144227027893
2,63,0.6364271640777588
2,64,0.6891241073608398
2,65,0.6881631016731262
2,66,0.6674216389656067
2,67,0.5922406911849976
2,68,0.6616962552070618
2,69,0.6232160925865173
2,70,0.6375786066055298
2,71,0.6144773364067078
2,72,0.6303682327270508
2,73,0.7130157947540283
2,74,0.645331084728241
2,75,0.5980319976806641
2,76,0.6501042246818542
2,77,0.6622423529624939
2,78,0.6932581663131714
2,79,0.6479034423828125
2,80,0.6086834669113159
2,81,0.6400681734085083
2,82,0.6630159616470337
2,83,0.6158295273780823
2,84,0.7421022653579712
2,85,0.5783072710037231
2,86,0.5886996388435364
2,87,0.6456322073936462
2,88,0.6335586905479431
2,89,0.5691239833831787
2,90,0.6077719330787659
2,91,0.747827410697937
2,92,0.6592785120010376
2,93,0.6487225294113159
2,94,0.647156834602356
2,95,0.7131926417350769
2,96,0.677434504032135
2,97,0.6676287651062012
2,98,0.6169920563697815
2,99,0.6531358361244202
2,100,0.725020170211792
2,101,0.7097488045692444
2,102,0.6284665465354919
2,103,0.5104185342788696
2,104,0.6166913509368896
2,105,0.5885828137397766
2,106,0.49052634835243225
2,107,0.510441243648529
2,108,0.6501358151435852
2,109,0.4050038456916809
2,110,0.5889816880226135
2,111,0.6505123972892761
2,112,0.7221583724021912
2,113,0.5415321588516235
2,114,0.5421988368034363
2,115,0.5862910151481628
2,116,0.5923460125923157
2,117,0.6735841035842896
2,118,0.7133387327194214
2,119,0.6306462287902832
2,120,0.6841795444488525
2,121,0.6024000644683838
2,122,0.5287210941314697
2,123,0.6199293732643127
2,124,0.7459189295768738
2,125,0.5564789772033691
2,126,0.8571048974990845
2,127,0.6642070412635803
2,128,0.7238796353340149
2,129,0.553928554058075
2,130,0.5541809797286987
2,131,0.6621479392051697
2,132,0.6388310790061951
2,133,0.668228805065155
2,134,0.6930267214775085
2,135,0.6877978444099426
2,136,0.5983486175537109
2,137,0.6147108674049377
2,138,0.6102648973464966
2,139,0.657087504863739
2,140,0.692878782749176
3,0,0.5783534049987793
3,1,0.6301308274269104
3,2,0.5012543797492981
3,3,0.608780562877655
3,4,0.5703917145729065
3,5,0.5636095404624939
3,6,0.5172392129898071
3,7,0.664912760257721
3,8,0.6361850500106812
3,9,0.5813514590263367
3,10,0.5985837578773499
3,11,0.6212692856788635
3,12,0.7478854060173035
3,13,0.5270427465438843
3,14,0.6481817960739136
3,15,0.5232489705085754
3,16,0.6938661336898804
3,17,0.7662577629089355
3,18,0.5650496482849121
3,19,0.6211693286895752
3,20,0.7337161898612976
3,21,0.6569794416427612
3,22,0.5850252509117126
3,23,0.3096921145915985
3,24,0.4174484312534332
3,25,0.4734739661216736
3,26,0.5448078513145447
3,27,0.6727234721183777
3,28,0.5985825657844543
3,29,0.7086241841316223
3,30,0.6411411762237549
3,31,0.6466457843780518
3,32,0.5964059233665466
3,33,0.5585009455680847
3,34,0.6284761428833008
3,35,0.6503409743309021
3,36,0.5596868395805359
3,37,0.6122082471847534
3,38,0.5635088086128235
3,39,0.5042758584022522
3,40,0.5264492034912109
3,41,0.5253610610961914
3,42,0.6731336712837219
3,43,0.3662942945957184
3,44,0.6288010478019714
3,45,0.6698288321495056
3,46,0.6032187342643738
3,47,0.6637275218963623
3,48,0.5208083987236023
3,49,0.7871633172035217
3,50,0.6168897747993469
3,51,0.705286979675293
3,52,0.6066088676452637
3,53,0.6653856635093689
3,54,0.6355194449424744
3,55,0.5490426421165466
3,56,0.8298850655555725
3,57,0.5756470561027527
3,58,0.5505197644233704
3,59,0.6135504841804504
3,60,0.5780307650566101
3,61,0.9064130187034607
3,62,0.5286754965782166
3,63,0.6313598155975342
3,64,0.5469996929168701
3,65,0.7953397631645203
3,66,0.6493903398513794
3,67,0.6277347207069397
3,68,0.567842423915863
3,69,0.5065043568611145
3,70,0.6326022148132324
3,71,0.64155113697052
3,72,0.5476731061935425
3,73,0.5108203291893005
3,74,0.6030848026275635
3,75,0.6929324269294739
3,76,0.6740114688873291
3,77,0.6209772229194641
3,78,0.6584922671318054
3,79,0.5964422821998596
3,80,0.6313496828079224
3,81,0.6285890340805054
3,82,0.6982952356338501
3,83,0.6606289744377136
3,84,0.5804741382598877
3,85,0.7014504075050354
3,86,0.4711928963661194
3,87,0.6058257222175598
3,88,0.6112955808639526
3,89,0.5941343307495117
3,90,0.6819359064102173
3,91,0.6791216731071472
3,92,0.5606992840766907
3,93,0.8352599740028381
3,94,0.9027647376060486
3,95,0.8025512099266052
3,96,0.8063199520111084
3,97,0.8766427636146545
3,98,0.5068854689598083
3,99,0.28313177824020386
3,100,0.42614760994911194
3,101,0.7243109345436096
3,102,0.6902280449867249
3,103,0.2644583284854889
3,104,0.5121285915374756
3,105,0.28635236620903015
3,106,0.39448755979537964
3,107,0.571420431137085
3,108,0.38030049204826355
3,109,0.6546128988265991
3,110,0.4695785939693451
3,111,0.5869660377502441
3,112,0.5716733336448669
3,113,0.6483432650566101
3,114,0.4944319725036621
3,115,0.6513930559158325
3,116,0.6897521615028381
3,117,0.5236538052558899
3,118,0.5335249304771423
3,119,0.6087929010391235
3,120,0.5680903196334839
3,121,0.4355641305446625
3,122,0.7036218047142029
3,123,0.33656585216522217
3,124,0.3879653811454773
3,125,0.6052075028419495
3,126,0.5177820920944214
3,127,0.46214690804481506
3,128,0.773074209690094
3,129,0.7345814108848572
3,130,0.5034424066543579
3,131,0.6763738989830017
3,132,0.5369348526000977
3,133,0.3756640553474426
3,134,0.725552499294281
3,135,0.36994117498397827
3,136,0.5871315002441406
3,137,0.6031409502029419
3,138,0.7638029456138611
3,139,0.39693766832351685
3,140,0.42262914776802063
4,0,0.3995624780654907
4,1,0.7151841521263123
4,2,0.6599345207214355
4,3,0.5718839168548584
4,4,0.4902183711528778
4,5,0.5334922671318054
4,6,0.8893541693687439
4,7,0.5666513442993164
4,8,0.5652652382850647
4,9,0.5472800135612488
4,10,0.2822927236557007
4,11,0.7190940380096436
4,12,0.6564792990684509
4,13,0.5955709218978882
4,14,0.845292866230011
4,15,0.6661376357078552
4,16,0.6633005142211914
4,17,0.6039751172065735
4,18,0.5521231293678284
4,19,0.5441240668296814
4,20,0.6540577411651611
4,21,0.6801329851150513
4,22,0.6536101698875427
4,23,0.5688605904579163
4,24,0.5610531568527222
4,25,0.566681444644928
4,26,0.5772584080696106
4,27,0.7817232608795166
4,28,0.45656874775886536
4,29,0.4409460425376892
4,30,0.6851140260696411
4,31,0.4364401400089264
4,32,0.6408113241195679
4,33,0.6589676141738892
4,34,0.4218582212924957
4,35,0.5467647910118103
4,36,0.5874391198158264
4,37,0.5688477754592896
4,38,0.861502468585968
4,39,0.5506580471992493
4,40,0.6573385000228882
4,41,0.6771533489227295
4,42,0.39717739820480347
4,43,0.5966950058937073
4,44,0.6966087818145752
4,45,0.5996283888816833
4,46,0.43989863991737366
4,47,0.694831132888794
4,48,0.5163176655769348
4,49,0.6775047779083252
4,50,0.7564426064491272
4,51,0.7965077757835388
4,52,0.6690108776092529
4,53,0.6328788995742798
4,54,0.7125452756881714
4,55,0.6738951206207275
4,56,0.6335550546646118
4,57,0.6562743782997131
4,58,0.5483614206314087
4,59,0.6200434565544128
4,60,0.7207617163658142
4,61,0.8044719099998474
4,62,0.7078291773796082
4,63,0.4449920356273651
4,64,0.29275602102279663
4,65,0.38974958658218384
4,66,0.6956319808959961
4,67,0.4042023718357086
4,68,0.6202347278594971
4,69,0.631162166595459
4,70,0.7014908194541931
4,71,0.6795411705970764
4,72,0.5955578088760376
4,73,0.7004815340042114
4,74,0.5546845197677612
4,75,0.7117697596549988
4,76,0.8161671161651611
4,77,0.8148124814033508
4,78,0.856589674949646
4,79,0.6758646368980408
4,80,0.5200195908546448
4,81,0.9035618305206299
4,82,0.5392957925796509
4,83,0.3779357373714447
4,84,0.5024648904800415
4,85,0.5359306931495667
4,86,0.7138547897338867
4,87,0.7516945600509644
4,88,0.3090975880622864
4,89,0.2814682722091675
4,90,0.4904836416244507
4,91,0.28738608956336975
4,92,0.515160858631134
4,93,0.5888780951499939
4,94,0.15815815329551697
4,95,0.16117970645427704
4,96,0.6110062599182129
4,97,0.7291853427886963
4,98,0.36090314388275146
4,99,0.6429863572120667
4,100,0.3961047828197479
4,101,0.5809733271598816
4,102,0.6351872086524963
4,103,0.5823304653167725
4,104,0.5088627934455872
4,105,0.34828314185142517
4,106,0.5711979866027832
4,107,0.7759544253349304
4,108,0.4589579105377197
4,109,0.444142609834671
4,110,0.5331215262413025
4,111,0.3990775942802429
4,112,0.5198854804039001
4,113,0.49947258830070496
4,114,0.49156543612480164
4,115,0.6953548192977905
4,116,0.8180598020553589
4,117,0.38032928109169006
4,118,0.37127023935317993
4,119,0.5552241802215576
4,120,0.6022681593894958
4,121,0.34315788745880127
4,122,0.6160963773727417
4,123,0.6476866602897644
4,124,0.42388176918029785
4,125,0.3322839140892029
4,126,0.33859512209892273
4,127,0.6266269683837891
4,128,0.6778954863548279
4,129,0.764347493648529
4,130,0.7768027782440186
4,131,0.5061109066009521
4,132,0.5118364095687866
4,133,0.7331692576408386
4,134,0.6749069094657898
4,135,0.4825562834739685
4,136,0.627521812915802
4,137,0.6820032000541687
4,138,0.7391273379325867
4,139,0.7789714932441711
4,140,0.5495621562004089
5,0,0.5950730443000793
5,1,0.4695811867713928
5,2,0.6539631485939026
5,3,0.46595343947410583
5,4,0.6507187485694885
5,5,0.800308346748352
5,6,0.606336772441864
5,7,0.6210299134254456
5,8,0.6604706048965454
5,9,0.6938667893409729
5,10,0.6305403113365173
5,11,0.6527307033538818
5,12,0.7179163694381714
5,13,0.6188850402832031
5,14,0.5991839170455933
5,15,0.9674237370491028
5,16,0.8196843266487122
5,17,0.7321635484695435
5,18,0.6415896415710449
5,19,0.8394215703010559
5,20,0.4889913499355316
5,21,0.47673261165618896
5,22,0.4102175831794739
5,23,0.7108250260353088
5,24,0.8220742344856262
5,25,0.5512037873268127
5,26,0.5225509405136108
5,27,0.9388743042945862
5,28,0.6271656155586243
5,29,0.617967963218689
5,30,0.6977134943008423
5,31,0.7057629823684692
5,32,0.5395318865776062
5,33,0.5746059417724609
5,34,0.7957305312156677
5,35,0.6052444577217102
5,36,0.8790099620819092
5,37,0.6909074783325195
5,38,0.6823623776435852
5,39,0.5643209218978882
5,40,0.6274986267089844
5,41,0.9376150965690613
5,42,0.4591067433357239
5,43,0.5714522004127502
5,44,0.9230533838272095
5,45,0.6514735817909241
5,46,0.7237754464149475
5,47,0.8362795114517212
5,48,0.6225073337554932
5,49,0.5809683203697205
5,50,0.5261438488960266
5,51,0.5104547739028931
5,52,0.5489014387130737
5,53,0.6300755143165588
5,54,0.5558571815490723
5,55,0.6228316426277161
5,56,0.828773558139801
5,57,0.7461175322532654
5,58,0.6769272089004517
5,59,0.6730172634124756
5,60,0.4909673035144806
5,61,0.38371026515960693
5,62,0.6565926671028137
5,63,0.7119285464286804
5,64,0.7360072731971741
5,65,0.47034913301467896
5,66,0.5488885045051575
5,67,0.7656218409538269
5,68,0.4193556606769562
5,69,0.644967257976532
5,70,0.6205130219459534
5,71,0.7473593354225159
5,72,0.6525008082389832
5,73,0.3975778818130493
5,74,0.5637437105178833
5,75,0.5268990397453308
5,76,0.4758349061012268
5,77,0.6424716711044312
5,78,0.6584158539772034
5,79,0.903007984161377
5,80,0.7765785455703735
5,81,0.48067015409469604
5,82,0.6702608466148376
5,83,0.4857511818408966
5,84,0.6366164684295654
5,85,0.645052969455719
5,86,0.5652198195457458
5,87,0.5617617964744568
5,88,0.5672003030776978
5,89,0.5709111094474792
5,90,0.5190215110778809
5,91,0.5080326795578003
5,92,0.49795475602149963
5,93,0.6133522987365723
5,94,0.6547849178314209
5,95,0.5344550609588623
5,96,0.3657315969467163
5,97,0.5239673256874084
5,98,0.686736524105072
5,99,0.5644353032112122
5,100,0.6155731678009033
5,101,0.3277098536491394
5,102,0.612337052822113
5,103,0.7388991117477417
5,104,0.3504553437232971
5,105,0.738032341003418
5,106,0.7521514296531677
5,107,0.5615931153297424
5,108,0.7408056855201721
5,109,0.7606433033943176
5,110,0.8996155858039856
5,111,0.6301059722900391
5,112,0.5538902878761292
5,113,0.4949449598789215
5,114,0.6334759593009949
5,115,0.6104897260665894
5,116,0.8303089737892151
5,117,0.4464903175830841
5,118,0.6359454989433289
5,119,0.49117565155029297
5,120,0.6735733151435852
5,121,0.6917767524719238
5,122,0.6615822911262512
5,123,0.6682220101356506
5,124,0.3485638201236725
5,125,0.8512212634086609
5,126,0.8914637565612793
5,127,0.7690811157226562
5,128,0.5279570817947388
5,129,0.9158955812454224
5,130,0.6017571687698364
5,131,0.5286332964897156
5,132,0.8493388295173645
5,133,0.3912956118583679
5,134,0.7740872502326965
5,135,0.9401304125785828
5,136,0.4472636878490448
5,137,0.5379283428192139
5,138,0.8705151081085205
5,139,0.7064740657806396
5,140,0.9689063429832458
6,0,0.8454198241233826
6,1,0.3852156698703766
6,2,0.41725295782089233
6,3,0.7154080271720886
6,4,0.5510212182998657
6,5,0.9370532035827637
6,6,0.9644917249679565
6,7,0.696696400642395
6,8,0.5835697054862976
6,9,0.8781939744949341
6,10,0.7465540170669556
6,11,0.5737233757972717
6,12,0.4719848930835724
6,13,0.7048866152763367
6,14,0.5205713510513306
6,15,0.5742385983467102
6,16,0.5992069840431213
6,17,0.8765223026275635
6,18,0.5355546474456787
6,19,0.4809528589248657
6,20,0.7491881847381592
6,21,0.5743390917778015
6,22,0.7496262788772583
6,23,0.601890504360199
6,24,0.5478956699371338
6,25,0.7499971389770508
6,26,0.40573638677597046
6,27,0.6922959685325623
6,28,0.7191725969314575
6,29,0.3603487014770508
6,30,0.6296931505203247
6,31,0.48624640703201294
6,32,0.5554707050323486
6,33,0.6915550231933594
6,34,0.7373589277267456
6,35,0.4703092575073242
6,36,0.6307107210159302
6,37,0.7881174683570862
6,38,0.574252188205719
6,39,0.7308517694473267
6,40,0.6786448955535889
6,41,0.7726283073425293
6,42,0.7221195697784424
6,43,0.45705509185791016
6,44,0.7638940215110779
6,45,0.4952510595321655
6,46,0.8503701686859131
6,47,0.6357050538063049
6,48,0.5040199160575867
6,49,0.5015141367912292
6,50,0.882968544960022
6,51,0.6969699263572693
6,52,0.5924997925758362
6,53,0.6269165873527527
6,54,0.602467954158783
6,55,0.7096980214118958
6,56,0.9519152641296387
6,57,0.6359857320785522
6,58,0.7765213251113892
6,59,0.6517733931541443
6,60,0.9817102551460266
6,61,0.6718666553497314
6,62,0.4928075671195984
6,63,0.33940014243125916
6,64,0.7234193682670593
6,65,0.7257364988327026
6,66,0.5744647979736328
6,67,0.7627771496772766
6,68,0.8891461491584778
6,69,0.642960250377655
6,70,0.5991042256355286
6,71,0.578419029712677
6,72,0.5122371315956116
6,73,0.6206178069114685
6,74,0.6874870657920837
6,75,0.8000805377960205
6,76,0.7650226354598999
6,77,0.809622049331665
6,78,0.675779402256012
6,79,0.9103547930717468
6,80,0.5797083377838135
6,81,0.4511844217777252
6,82,0.93984055519104
6,83,0.7740373015403748
6,84,0.6871386766433716
6,85,0.5585869550704956
6,86,0.8459470272064209
6,87,0.7234858274459839
6,88,0.5386460423469543
6,89,0.46892011165618896
6,90,0.5597165822982788
6,91,0.5496130585670471
6,92,0.8730278611183167
6,93,0.7107014060020447
6,94,0.7420522570610046
6,95,0.6466464400291443
6,96,0.8378584980964661
6,97,0.6260923743247986
6,98,0.7328261137008667
6,99,0.5126206278800964
6,100,0.827443540096283
6,101,0.6547368168830872
6,102,0.7025068402290344
6,103,0.5931181907653809
6,104,0.5827399492263794
6,105,0.8324103951454163
6,106,0.9377632737159729
6,107,0.7930512428283691
6,108,0.7923991084098816
6,109,0.9041846990585327
6,110,0.5452403426170349
6,111,0.5416439771652222
6,112,0.25562211871147156
6,113,0.9178001880645752
6,114,0.8019517064094543
6,115,0.6984643340110779
6,116,0.39547547698020935
6,117,0.6884347200393677
6,118,0.6470832824707031
6,119,0.7423614263534546
6,120,0.8680804967880249
6,121,0.49187666177749634
6,122,0.8934192061424255
6,123,0.8857566714286804
6,124,0.7493776082992554
6,125,0.701120913028717
6,126,0.6585123538970947
6,127,0.7111061811447144
6,128,0.6566948890686035
6,129,0.6845999956130981
6,130,0.820055365562439
6,131,0.6350823640823364
6,132,0.7548961639404297
6,133,0.7821800708770752
6,134,0.5231218934059143
6,135,0.8263331651687622
6,136,0.7431406378746033
6,137,0.5746124386787415
6,138,0.7207536101341248
6,139,0.6574501991271973
6,140,0.5161248445510864
7,0,0.7343401312828064
7,1,0.8063985705375671
7,2,0.4962323307991028
7,3,0.7223466038703918
7,4,0.4397938847541809
7,5,0.5918970108032227
7,6,0.3237559497356415
7,7,0.6616121530532837
7,8,0.7761500477790833
7,9,0.673466682434082
7,10,0.6894919872283936
7,11,0.5411134958267212
7,12,0.582970142364502
7,13,0.7336649298667908
7,14,0.6057815551757812
7,15,0.579323410987854
7,16,0.8128653764724731
7,17,0.7337328195571899
7,18,0.5228294134140015
7,19,0.816047728061676
7,20,0.7652613520622253
7,21,0.799586832523346
7,22,0.7111372351646423
7,23,0.4956079423427582
7,24,0.8740633130073547
7,25,0.7048854827880859
7,26,0.6982665061950684
7,27,0.8827018141746521
7,28,0.8161576986312866
7,29,0.9325706362724304
7,30,0.4813099503517151
7,31,0.7678887248039246
7,32,0.883415937423706
7,33,0.7294968962669373
7,34,0.5017330646514893
7,35,0.5632272362709045
7,36,0.8664681315422058
7,37,0.5842835307121277
7,38,0.744922399520874
7,39,0.5813078880310059
7,40,0.49548855423927307
7,41,0.61765456199646
7,42,0.7939844131469727
7,43,0.7071595788002014
7,44,0.4285518527030945
7,45,0.6610716581344604
7,46,0.9107798337936401
7,47,0.9100349545478821
7,48,0.6893946528434753
7,49,0.6933385133743286
7,50,0.6578465104103088
7,51,0.7775072455406189
7,52,0.542421817779541
7,53,0.673503577709198
7,54,0.9505545496940613
7,55,0.5246127247810364
7,56,0.550873339176178
7,57,0.3892004191875458
7,58,0.5176140069961548
7,59,0.6224837899208069
7,60,0.7825333476066589
7,61,0.7591937184333801
7,62,0.8097138404846191
7,63,0.7814308404922485
7,64,0.6771683692932129
7,65,0.6718274354934692
7,66,0.551999568939209
7,67,0.5644350647926331
7,68,0.8293858170509338
7,69,0.47217655181884766
7,70,0.7680080533027649
7,71,0.850112795829773
7,72,0.45672807097435
7,73,0.9549062252044678
7,74,0.8290162682533264
7,75,0.9316794276237488
7,76,0.7780532836914062
7,77,0.7090517282485962
7,78,0.7311260104179382
7,79,0.875094473361969
7,80,0.6546741724014282
7,81,0.7610172033309937
7,82,0.7220062017440796
7,83,0.7211942672729492
7,84,0.6964446306228638
7,85,0.742203414440155
7,86,0.5440232753753662
7,87,0.8911028504371643
7,88,0.6675552725791931
7,89,0.5089362859725952
7,90,0.7772356271743774
7,91,0.669605016708374
7,92,0.6695711016654968
7,93,0.6441071033477783
7,94,0.6425938606262207
7,95,0.5667346119880676
7,96,0.7031630873680115
7,97,0.8071356415748596
7,98,0.8605546951293945
7,99,0.8288702368736267
7,100,0.7599016427993774
7,101,0.8709811568260193
7,102,0.8623261451721191
7,103,0.9019553661346436
7,104,0.8745682239532471
7,105,0.6070690751075745
7,106,0.8112088441848755
7,107,0.763987123966217
7,108,0.8635452389717102
7,109,0.7397090792655945
7,110,0.8654798269271851
7,111,0.69040447473526
7,112,0.6787834763526917
7,113,0.6704503893852234
7,114,0.9001875519752502
7,115,0.6424967646598816
7,116,0.7692267894744873
7,117,0.7386507987976074
7,118,0.6160321831703186
7,119,0.8180407285690308
7,120,0.7182369232177734
7,121,0.7506464719772339
7,122,0.7691518068313599
7,123,0.4952560067176819
7,124,0.5482810139656067
7,125,0.5639912486076355
7,126,0.7374728322029114
7,127,0.6803603768348694
7,128,0.6385003924369812
7,129,0.8452591896057129
7,130,0.3496326804161072
7,131,0.61152184009552
7,132,0.8293726444244385
7,133,0.7046515345573425
7,134,0.9539333581924438
7,135,0.6272912621498108
7,136,0.8149606585502625
7,137,0.6375392079353333
7,138,0.29394957423210144
7,139,0.6483146548271179
7,140,0.7459514141082764
8,0,0.8066659569740295
8,1,0.6476483941078186
8,2,0.7892774343490601
8,3,0.8377796411514282
8,4,0.48128119111061096
8,5,0.6897549629211426
8,6,0.83775395154953
8,7,0.8797675371170044
8,8,0.7179413437843323
8,9,0.7543781399726868
8,10,0.5883237719535828
8,11,0.2756057679653168
8,12,0.6511056423187256
8,13,0.5949309468269348
8,14,0.9051816463470459
8,15,0.5906764268875122
8,16,0.6928455233573914
8,17,0.7252964973449707
8,18,0.623664915561676
8,19,0.3453746438026428
8,20,0.7848756909370422
8,21,0.9719679355621338
8,22,0.5325708985328674
8,23,0.6672661900520325
8,24,0.5388041138648987
8,25,0.6561786532402039
8,26,0.8222935795783997
8,27,0.942287266254425
8,28,0.65826416015625
8,29,0.4417010545730591
8,30,0.9663644433021545
8,31,0.6800592541694641
8,32,0.6570281982421875
8,33,0.5496541261672974
8,34,0.5456360578536987
8,35,0.9730071425437927
8,36,0.7282822728157043
8,37,0.4741399586200714
8,38,0.700844943523407
8,39,0.7014526128768921
8,40,0.6139803528785706
8,41,0.7692724466323853
8,42,0.5565075278282166
8,43,0.7341690063476562
8,44,0.9137612581253052
8,45,0.6315945386886597
8,46,0.7930323481559753
8,47,0.7119483947753906
8,48,0.6267151236534119
8,49,0.9368566274642944
8,50,0.4985481798648834
8,51,0.904095470905304
8,52,0.6075034141540527
8,53,0.5158352255821228
8,54,0.6390649080276489
8,55,0.6696338057518005
8,56,0.5611014366149902
8,57,0.854130208492279
8,58,0.793499231338501
8,59,0.930911123752594
8,60,0.7006903886795044
8,61,0.538181483745575
8,62,0.6969994902610779
8,63,0.828191339969635
8,64,0.8888937830924988
8,65,0.8711050748825073
8,66,0.7413237690925598
8,67,0.8331735730171204
8,68,0.6279600262641907
8,69,0.5784790515899658
8,70,0.6838111281394958
8,71,0.7046428322792053
8,72,0.8178377151489258
8,73,0.6271641254425049
8,74,0.6917076110839844
8,75,0.6464020609855652
8,76,0.5689261555671692
8,77,0.795364260673523
8,78,0.879004180431366
8,79,0.8578885793685913
8,80,0.7166717052459717
8,81,0.6510553359985352
8,82,0.7931053638458252
8,83,0.6913864016532898
8,84,0.8983226418495178
8,85,0.46353790163993835
8,86,0.7776000499725342
8,87,0.5281254649162292
8,88,0.5382731556892395
8,89,0.7502793073654175
8,90,0.9559604525566101
8,91,0.587658166885376
8,92,0.6419680118560791
8,93,0.7466038465499878
8,94,0.4967850148677826
8,95,0.9285150766372681
8,96,0.6937535405158997
8,97,0.9283536672592163
8,98,0.6270540952682495
8,99,0.7277436852455139
8,100,0.6127635836601257
8,101,0.8893958330154419
8,102,0.8989847302436829
8,103,0.41969096660614014
8,104,0.4869075417518616
8,105,0.8731981515884399
8,106,0.7007643580436707
8,107,0.6112024188041687
8,108,0.5505450963973999
8,109,0.8529706001281738
8,110,0.5647189617156982
8,111,0.2541508078575134
8,112,0.63569176197052
8,113,0.807666003704071
8,114,0.7525326609611511
8,115,0.8613220453262329
8,116,0.4909721612930298
8,117,0.6965937614440918
8,118,0.6457805037498474
8,119,0.630418062210083
8,120,0.7853902578353882
8,121,0.8421439528465271
8,122,0.8689337968826294
8,123,0.6479768753051758
8,124,0.6000456213951111
8,125,0.4483136832714081
8,126,0.8943501710891724
8,127,0.6775972843170166
8,128,0.815826952457428
8,129,0.6592833399772644
8,130,0.6021636128425598
8,131,0.3583395481109619
8,132,0.45898833870887756
8,133,0.6473804116249084
8,134,0.7949655652046204
8,135,0.457940012216568
8,136,0.5388221740722656
8,137,0.6268922686576843
8,138,0.9452975392341614
8,139,0.5569224953651428
8,140,0.5603994131088257
9,0,0.6257525682449341
9,1,0.6820233464241028
9,2,0.7136005163192749
9,3,0.6512170433998108
9,4,0.8284875750541687
9,5,0.856325626373291
9,6,0.5855028629302979
9,7,0.6480401754379272
9,8,0.39604321122169495
9,9,0.6940536499023438
9,10,0.821731686592102
9,11,0.583813488483429
9,12,0.5714090466499329
9,13,0.8715581893920898
9,14,0.818892776966095
9,15,0.8363235592842102
9,16,0.6396320462226868
9,17,0.6279518008232117
9,18,0.519069492816925
9,19,0.5562936067581177
9,20,0.5349113345146179
9,21,0.6477388739585876
9,22,0.9507821202278137
9,23,0.7558845281600952
9,24,0.7580711841583252
9,25,0.8606340885162354
9,26,0.6549598574638367
9,27,0.8407942056655884
9,28,0.9072059988975525
9,29,0.8702421188354492
9,30,0.781205415725708
9,31,0.7124560475349426
9,32,0.6606818437576294
9,33,0.8379483222961426
9,34,0.7971270084381104
9,35,0.8666937351226807
9,36,0.49709758162498474
9,37,0.5196664333343506
9,38,0.8657779097557068
9,39,0.8183574676513672
9,40,0.7811543345451355
9,41,0.5664989948272705
9,42,0.8016396164894104
9,43,0.63400799036026
9,44,0.8913360238075256
9,45,0.7666258215904236
9,46,0.8583015203475952
9,47,0.8104984760284424
9,48,0.5166842937469482
9,49,0.8139607906341553
9,50,0.6665642261505127
9,51,0.4076876640319824
9,52,0.594944953918457
9,53,0.7953717112541199
9,54,0.632658064365387
9,55,0.9436891078948975
9,56,0.9546218514442444
9,57,0.717574954032898
9,58,0.5529057383537292
9,59,0.4512791335582733
9,60,0.4773638844490051
9,61,0.3624556362628937
9,62,0.6231598854064941
9,63,0.7605125904083252
9,64,0.9365931153297424
9,65,0.34073173999786377
9,66,0.3307555913925171
9,67,0.4209405779838562
9,68,0.7999959588050842
9,69,0.646526575088501
9,70,0.8439345955848694
9,71,0.8803960084915161
9,72,0.5121678113937378
9,73,0.5985320210456848
9,74,0.7475260496139526
9,75,0.6608060598373413
9,76,0.7939034104347229
9,77,0.5533248782157898
9,78,0.9594292640686035
9,79,0.8827232718467712
9,80,0.74300217628479
9,81,0.5228722095489502
9,82,0.8649710416793823
9,83,0.4142284393310547
9,84,0.9017674922943115
9,85,0.9624832272529602
9,86,0.9016109704971313
9,87,0.8092150688171387
9,88,0.4776195287704468
9,89,0.572533130645752
9,90,0.7988951802253723
9,91,0.8031887412071228
9,92,0.6509026288986206
9,93,0.7608619928359985
9,94,0.8430721163749695
9,95,0.6740484833717346
9,96,0.8517855405807495
9,97,0.7166485786437988
9,98,0.8477996587753296
9,99,0.8484078049659729
9,100,0.6407453417778015
9,101,0.9106452465057373
9,102,0.639067530632019
9,103,0.7186993956565857
9,104,0.6338090300559998
9,105,0.5329297780990601
9,106,0.9127545952796936
9,107,0.81617271900177
9,108,0.849943220615387
9,109,0.7882684469223022
9,110,0.870223343372345
9,111,0.7904086112976074
9,112,0.7787071466445923
9,113,0.7110072374343872
9,114,0.6416866183280945
9,115,0.6279841661453247
9,116,0.9457271099090576
9,117,0.9586345553398132
9,118,0.8029382228851318
9,119,0.7835940718650818
9,120,0.8642279505729675
9,121,0.8420897126197815
9,122,0.8162651062011719
9,123,0.6587668657302856
9,124,0.657066285610199
9,125,0.8390123844146729
9,126,0.8860101103782654
9,127,0.8152222633361816
9,128,0.9435737133026123
9,129,0.9476177096366882
9,130,0.8688715696334839
9,131,0.7353256940841675
9,132,0.8809410929679871
9,133,0.6791883111000061
9,134,0.6173560619354248
9,135,0.691798210144043
9,136,0.8069179058074951
9,137,0.5048220753669739
9,138,0.5241811275482178
9,139,0.9027031064033508
9,140,0.5578800439834595
