sid,R_star_enc1,R_star_enc2,R_star_enc3,R_star_bottleneck,R_star_dec1,R_over_C_enc1,R_over_C_enc2,R_over_C_enc3,R_over_C_bottleneck,R_over_C_dec1
BraTS-GLI-01041-000,32,32,16,4,8,1.0,0.5,0.125,0.0156,0.25
BraTS-GLI-01161-000,16,2,1,1,4,0.5,0.0312,0.0078,0.0039,0.125
BraTS-GLI-01189-000,16,4,2,4,4,0.5,0.0625,0.0156,0.0156,0.125
BraTS-GLI-01336-000,16,16,2,4,4,0.5,0.25,0.0156,0.0156,0.125
BraTS-GLI-00250-000,16,2,1,1,4,0.5,0.0312,0.0078,0.0039,0.125
BraTS-GLI-00501-000,32,16,8,4,8,1.0,0.25,0.0625,0.0156,0.25
BraTS-GLI-01093-000,8,2,1,2,4,0.25,0.0312,0.0078,0.0078,0.125
BraTS-GLI-01168-000,8,4,1,4,4,0.25,0.0625,0.0078,0.0156,0.125
BraTS-GLI-00506-000,16,4,2,2,4,0.5,0.0625,0.0156,0.0078,0.125
BraTS-GLI-01065-000,16,4,1,1,4,0.5,0.0625,0.0078,0.0039,0.125
BraTS-GLI-01444-000,8,2,1,2,4,0.25,0.0312,0.0078,0.0078,0.125
BraTS-GLI-01326-000,8,2,1,1,4,0.25,0.0312,0.0078,0.0039,0.125
BraTS-GLI-00764-000,16,4,2,1,4,0.5,0.0625,0.0156,0.0039,0.125
BraTS-GLI-00731-001,32,32,32,4,4,1.0,0.5,0.25,0.0156,0.125
BraTS-GLI-01258-000,16,8,4,2,4,0.5,0.125,0.0312,0.0078,0.125
BraTS-GLI-01025-000,8,4,1,2,2,0.25,0.0625,0.0078,0.0078,0.0625
BraTS-GLI-00811-000,8,2,1,2,4,0.25,0.0312,0.0078,0.0078,0.125
BraTS-GLI-00103-000,16,4,2,4,4,0.5,0.0625,0.0156,0.0156,0.125
BraTS-GLI-01103-000,16,8,16,8,8,0.5,0.125,0.125,0.0312,0.25
BraTS-GLI-00514-001,16,8,4,4,4,0.5,0.125,0.0312,0.0156,0.125
BraTS-GLI-00611-001,16,8,8,4,8,0.5,0.125,0.0625,0.0156,0.25
BraTS-GLI-01369-000,32,16,8,4,4,1.0,0.25,0.0625,0.0156,0.125
BraTS-GLI-01354-000,32,16,4,4,4,1.0,0.25,0.0312,0.0156,0.125
BraTS-GLI-01227-000,16,4,1,4,4,0.5,0.0625,0.0078,0.0156,0.125
BraTS-GLI-01078-000,16,8,2,4,4,0.5,0.125,0.0156,0.0156,0.125
BraTS-GLI-00241-000,16,4,2,2,4,0.5,0.0625,0.0156,0.0078,0.125
BraTS-GLI-00146-000,16,4,2,4,4,0.5,0.0625,0.0156,0.0156,0.125
BraTS-GLI-01349-000,32,32,16,8,8,1.0,0.5,0.125,0.0312,0.25
BraTS-GLI-00044-000,16,8,2,4,4,0.5,0.125,0.0156,0.0156,0.125
BraTS-GLI-01315-000,8,2,1,1,4,0.25,0.0312,0.0078,0.0039,0.125
BraTS-GLI-00286-000,32,8,8,2,4,1.0,0.125,0.0625,0.0078,0.125
BraTS-GLI-00491-000,16,16,4,4,4,0.5,0.25,0.0312,0.0156,0.125
BraTS-GLI-00367-000,32,16,16,8,4,1.0,0.25,0.125,0.0312,0.125
BraTS-GLI-00525-001,32,64,64,32,16,1.0,1.0,0.5,0.125,0.5
BraTS-GLI-00500-001,16,4,4,2,4,0.5,0.0625,0.0312,0.0078,0.125
BraTS-GLI-00708-001,16,8,2,2,4,0.5,0.125,0.0156,0.0078,0.125
BraTS-GLI-01384-000,16,2,1,2,4,0.5,0.0312,0.0078,0.0078,0.125
BraTS-GLI-00768-001,16,4,8,1,4,0.5,0.0625,0.0625,0.0039,0.125
BraTS-GLI-01450-000,16,8,2,4,4,0.5,0.125,0.0156,0.0156,0.125
BraTS-GLI-00628-000,32,8,8,4,4,1.0,0.125,0.0625,0.0156,0.125
BraTS-GLI-00066-000,16,16,4,4,4,0.5,0.25,0.0312,0.0156,0.125
BraTS-GLI-00016-001,16,4,4,4,4,0.5,0.0625,0.0312,0.0156,0.125
BraTS-GLI-01362-000,8,2,1,1,4,0.25,0.0312,0.0078,0.0039,0.125
BraTS-GLI-00604-000,32,8,4,4,4,1.0,0.125,0.0312,0.0156,0.125
BraTS-GLI-00491-001,16,4,1,1,4,0.5,0.0625,0.0078,0.0039,0.125
BraTS-GLI-00222-000,32,16,4,4,4,1.0,0.25,0.0312,0.0156,0.125
BraTS-GLI-01062-000,16,4,1,4,4,0.5,0.0625,0.0078,0.0156,0.125
BraTS-GLI-00266-000,8,2,1,1,4,0.25,0.0312,0.0078,0.0039,0.125
BraTS-GLI-01090-000,32,16,8,4,4,1.0,0.25,0.0625,0.0156,0.125
BraTS-GLI-01374-000,8,2,1,1,4,0.25,0.0312,0.0078,0.0039,0.125
BraTS-GLI-01176-000,8,4,8,4,2,0.25,0.0625,0.0625,0.0156,0.0625
BraTS-GLI-00436-000,8,2,1,1,4,0.25,0.0312,0.0078,0.0039,0.125
BraTS-GLI-01019-000,16,2,1,1,4,0.5,0.0312,0.0078,0.0039,0.125
BraTS-GLI-00377-000,16,4,2,2,4,0.5,0.0625,0.0156,0.0078,0.125
BraTS-GLI-01314-000,16,4,4,2,2,0.5,0.0625,0.0312,0.0078,0.0625
BraTS-GLI-00559-000,16,4,4,4,4,0.5,0.0625,0.0312,0.0156,0.125
BraTS-GLI-01114-000,32,16,8,4,4,1.0,0.25,0.0625,0.0156,0.125
BraTS-GLI-00338-000,32,16,16,4,8,1.0,0.25,0.125,0.0156,0.25
BraTS-GLI-01293-000,32,16,16,4,4,1.0,0.25,0.125,0.0156,0.125
BraTS-GLI-00242-000,16,2,1,2,4,0.5,0.0312,0.0078,0.0078,0.125
BraTS-GLI-00186-000,16,4,4,2,4,0.5,0.0625,0.0312,0.0078,0.125
BraTS-GLI-01028-000,16,4,2,4,4,0.5,0.0625,0.0156,0.0156,0.125
BraTS-GLI-00511-000,32,8,2,4,4,1.0,0.125,0.0156,0.0156,0.125
BraTS-GLI-01001-000,16,4,2,4,4,0.5,0.0625,0.0156,0.0156,0.125
BraTS-GLI-01427-000,16,4,2,2,4,0.5,0.0625,0.0156,0.0078,0.125
BraTS-GLI-00683-000,16,8,2,4,4,0.5,0.125,0.0156,0.0156,0.125
BraTS-GLI-01319-000,16,4,1,4,4,0.5,0.0625,0.0078,0.0156,0.125
BraTS-GLI-01323-000,4,2,1,2,2,0.125,0.0312,0.0078,0.0078,0.0625
BraTS-GLI-01402-000,32,16,16,4,8,1.0,0.25,0.125,0.0156,0.25
BraTS-GLI-00249-000,16,2,1,2,4,0.5,0.0312,0.0078,0.0078,0.125
BraTS-GLI-00032-001,16,2,1,4,4,0.5,0.0312,0.0078,0.0156,0.125
BraTS-GLI-01074-000,16,4,1,2,4,0.5,0.0625,0.0078,0.0078,0.125
BraTS-GLI-00616-000,16,4,1,4,4,0.5,0.0625,0.0078,0.0156,0.125
BraTS-GLI-01530-000,32,16,32,8,8,1.0,0.25,0.25,0.0312,0.25
BraTS-GLI-00098-000,32,32,32,32,8,1.0,0.5,0.25,0.125,0.25
BraTS-GLI-01195-000,16,8,4,4,4,0.5,0.125,0.0312,0.0156,0.125
BraTS-GLI-00682-001,8,2,1,1,4,0.25,0.0312,0.0078,0.0039,0.125
BraTS-GLI-01075-000,32,16,8,4,4,1.0,0.25,0.0625,0.0156,0.125
BraTS-GLI-00299-000,32,16,8,4,4,1.0,0.25,0.0625,0.0156,0.125
BraTS-GLI-00016-000,16,8,2,4,4,0.5,0.125,0.0156,0.0156,0.125
BraTS-GLI-00404-000,32,8,4,4,4,1.0,0.125,0.0312,0.0156,0.125
BraTS-GLI-00723-000,16,8,2,4,4,0.5,0.125,0.0156,0.0156,0.125
BraTS-GLI-00498-001,8,4,2,2,4,0.25,0.0625,0.0156,0.0078,0.125
BraTS-GLI-00193-000,16,2,1,2,4,0.5,0.0312,0.0078,0.0078,0.125
BraTS-GLI-01139-000,8,2,1,1,2,0.25,0.0312,0.0078,0.0039,0.0625
BraTS-GLI-00020-001,16,4,4,2,4,0.5,0.0625,0.0312,0.0078,0.125
BraTS-GLI-00768-000,32,16,8,1,8,1.0,0.25,0.0625,0.0039,0.25
BraTS-GLI-01452-000,32,16,8,4,4,1.0,0.25,0.0625,0.0156,0.125
BraTS-GLI-01130-000,16,2,1,2,4,0.5,0.0312,0.0078,0.0078,0.125
BraTS-GLI-00680-001,16,8,2,2,4,0.5,0.125,0.0156,0.0078,0.125
BraTS-GLI-01516-000,32,16,16,8,8,1.0,0.25,0.125,0.0312,0.25
BraTS-GLI-00818-000,8,2,1,1,4,0.25,0.0312,0.0078,0.0039,0.125
BraTS-GLI-01255-000,32,32,16,4,8,1.0,0.5,0.125,0.0156,0.25
BraTS-GLI-00228-000,16,4,4,4,4,0.5,0.0625,0.0312,0.0156,0.125
BraTS-GLI-01273-000,32,16,8,4,4,1.0,0.25,0.0625,0.0156,0.125
BraTS-GLI-00840-000,32,64,32,32,8,1.0,1.0,0.25,0.125,0.25
BraTS-GLI-00619-000,16,4,2,4,4,0.5,0.0625,0.0156,0.0156,0.125
BraTS-GLI-01380-000,32,8,8,4,4,1.0,0.125,0.0625,0.0156,0.125
BraTS-GLI-00582-000,16,8,8,4,4,0.5,0.125,0.0625,0.0156,0.125
BraTS-GLI-01155-000,16,2,1,4,4,0.5,0.0312,0.0078,0.0156,0.125
BraTS-GLI-01046-000,16,2,1,2,4,0.5,0.0312,0.0078,0.0078,0.125
BraTS-GLI-00313-000,16,8,4,4,4,0.5,0.125,0.0312,0.0156,0.125
BraTS-GLI-00021-000,32,16,16,1,2,1.0,0.25,0.125,0.0039,0.0625
BraTS-GLI-00565-000,16,4,1,4,4,0.5,0.0625,0.0078,0.0156,0.125
BraTS-GLI-01482-000,32,8,16,4,4,1.0,0.125,0.125,0.0156,0.125
BraTS-GLI-00347-000,16,4,1,2,4,0.5,0.0625,0.0078,0.0078,0.125
BraTS-GLI-01253-000,16,4,1,4,4,0.5,0.0625,0.0078,0.0156,0.125
BraTS-GLI-01513-000,32,32,16,4,8,1.0,0.5,0.125,0.0156,0.25
BraTS-GLI-00496-000,32,32,16,16,8,1.0,0.5,0.125,0.0625,0.25
BraTS-GLI-01104-000,16,2,2,2,4,0.5,0.0312,0.0156,0.0078,0.125
BraTS-GLI-00445-000,8,2,1,1,4,0.25,0.0312,0.0078,0.0039,0.125
BraTS-GLI-01068-000,16,16,8,2,8,0.5,0.25,0.0625,0.0078,0.25
BraTS-GLI-00140-000,32,16,16,8,4,1.0,0.25,0.125,0.0312,0.125
BraTS-GLI-01169-000,32,64,64,32,32,1.0,1.0,0.5,0.125,1.0
BraTS-GLI-01421-000,8,2,1,1,4,0.25,0.0312,0.0078,0.0039,0.125
BraTS-GLI-00096-000,8,4,1,1,4,0.25,0.0625,0.0078,0.0039,0.125
BraTS-GLI-00425-000,32,32,16,4,8,1.0,0.5,0.125,0.0156,0.25
BraTS-GLI-01536-000,16,16,8,4,8,0.5,0.25,0.0625,0.0156,0.25
BraTS-GLI-00574-000,16,4,2,4,4,0.5,0.0625,0.0156,0.0156,0.125
BraTS-GLI-00130-000,16,4,2,4,4,0.5,0.0625,0.0156,0.0156,0.125
BraTS-GLI-01342-000,16,2,1,2,4,0.5,0.0312,0.0078,0.0078,0.125
BraTS-GLI-01393-000,16,4,1,2,4,0.5,0.0625,0.0078,0.0078,0.125
BraTS-GLI-01428-000,32,32,16,16,8,1.0,0.5,0.125,0.0625,0.25
BraTS-GLI-01159-000,32,64,32,32,16,1.0,1.0,0.25,0.125,0.5
BraTS-GLI-01424-000,8,4,1,1,4,0.25,0.0625,0.0078,0.0039,0.125
