epoch,train_loss,train_dice,train_seg_loss,train_boundary_loss,train_margin_loss,active_hinge_pct,tau_b_end_of_epoch,val_loss,val_dice,val_iou,val_precision,val_recall,val_f1,val_hd95,val_ece,boundary_bce,boundary_auc_proxy,epoch_time_sec,peak_gpu_memory_mb
0,0.7880026685430649,0.08740404760795283,0.7880026685430649,0.5791081289450327,0.038798233589936865,0.18219306737588647,0.6872275056041035,0.7319157458841801,0.11333688767626882,0.06015180749818683,0.06016054799615589,0.9976390115027035,0.11333678122127389,23.513177184792163,0.37700219752060365,0.4505106769502163,0.98997509765625,158.7976176738739,5001.568256
1,0.6598462306015881,0.26724924908039416,0.6598462306015881,0.32703996328174645,0.039402420516951496,0.1574716252955083,0.6038983070552647,0.6067573167383671,0.3123229667544365,0.1865953216329217,0.18815807698420992,0.9612009893591759,0.3123227020727021,14.320115105388824,0.2886974121332169,0.22742357198148966,0.9671065063476563,153.21120285987854,5001.568256
2,0.46883209673225457,0.6531815402051235,0.46883209673225457,0.16780161429592905,0.058589350729388125,0.1922330171394799,0.32951757391347025,0.3718875367194414,0.6307907290756702,0.4634538386017084,0.47909277095473884,0.9407618276509732,0.6307902959241976,8.508847957343859,0.2158835077881813,0.12099792715162039,0.9894382629394531,129.48615288734436,5001.568256
3,0.24628865824523546,0.8115662264485731,0.24628865824523546,0.08930055781247768,0.06543305423771235,0.16432066784869973,0.4119153186157949,0.21628249902278185,0.7846774086356163,0.6481470838189125,0.8786212079578716,0.7121778228939635,0.7846769155161856,3.087077497550295,0.17590811723885416,0.07073227828368545,0.9956793212890624,151.91885685920715,5001.568256
4,0.16584862409331275,0.8452522183986421,0.16584862409331275,0.054952730682302026,0.07303777416335776,0.17406279550827428,0.7249296296863793,0.18708623107522726,0.7682832963764668,0.6262817680835724,0.9242484027783812,0.6603698480621549,0.7682828093857025,3.304104993282975,0.1517110904287547,0.05094253015704453,0.9957105102539062,149.90452361106873,5001.568256
5,0.1387433520656951,0.8543527384176322,0.1387433520656951,0.03877476744142407,0.07317615802406419,0.17485043735224587,0.982514518834911,0.12809185544028878,0.8602058328688145,0.7565670311450958,0.8278427620066257,0.8984754510493552,0.8602053382166255,2.4542877437740476,0.13826039888430386,0.0324959788704291,0.9973582763671875,150.42080163955688,5001.568256
6,0.12002512384602364,0.8682175832437286,0.12002512384602364,0.0288304828688608,0.07482334433770771,0.16738299940898338,1.1081266562668668,0.11776666902005672,0.8611120581626892,0.7579583451151848,0.8305267422516842,0.8980641462128559,0.8611115596705966,2.641871759006333,0.12608537031617018,0.02541927178390324,0.9973112487792969,151.0010416507721,5001.568256
7,0.10670300969418059,0.8808838048725264,0.10670300969418059,0.02267535868371632,0.07573151749604982,0.16298419326241126,1.165816556590653,0.11334914993494749,0.8575291261076927,0.753618136048317,0.8774540474347794,0.8422334655026241,0.8575286325743502,2.1564740611465156,0.11555760015913613,0.022177234292030334,0.9973082275390625,149.89028000831604,5001.568256
8,0.10046765424892412,0.8800540710171909,0.10046765424892412,0.018916915752099337,0.07091954757347174,0.15979570330969267,1.3044111146884656,0.10560557432472706,0.8592919036746025,0.7565474547445774,0.9162637927979512,0.8130947255400307,0.8592914044332605,2.1732175431666865,0.10532206253521142,0.01859614090062678,0.9972919311523437,148.95412826538086,5001.568256
9,0.09526580059570623,0.8802955416922874,0.09526580059570623,0.01615959679351208,0.06915293213851909,0.15946855496453913,1.4419703653822689,0.09264335222542286,0.8751130029559135,0.7798189297318459,0.8413997436227044,0.9144129333644829,0.8751125070490963,1.8676856562469835,0.1001175248477302,0.014477452612482011,0.997597900390625,157.95964860916138,5001.568256
10,0.08732075011687922,0.8910593289010068,0.08732075011687922,0.013767722538335527,0.07020801171026331,0.15237979314420805,1.422330606514784,0.08874075533822179,0.8814687095582485,0.7898404188454151,0.8655986746640795,0.9006350036642281,0.8814682040999853,1.9866610275950627,0.09523510971858926,0.013371540699154139,0.9976996154785156,147.66654014587402,5001.568256
11,0.08421830764264925,0.8899070349990899,0.08421830764264925,0.012258120231224712,0.06770285065715195,0.1496863445626477,1.5929165557929374,0.08992970455437899,0.8645028509199619,0.763412281870842,0.810741426986135,0.9294209564572663,0.864502356615347,2.4450408941161097,0.08978118464203,0.011926360079087317,0.9973811645507813,126.80196762084961,5001.568256
12,0.08012680365895548,0.8925624570102556,0.08012680365895548,0.011097644601043658,0.06774916313588619,0.15304671394799055,1.58113371109866,0.0852075070142746,0.886158399283886,0.7974223606288433,0.9059688088216804,0.8691522798819271,0.8861579082849015,1.8956784123386243,0.08762945428467359,0.012369691452477127,0.9977564392089844,127.63917303085327,5001.568256
13,0.07729356862763141,0.8934793802017861,0.07729356862763141,0.010148436323151731,0.06895776180193779,0.14985343085106392,1.5700355676558793,0.08111545816063881,0.8836376890540123,0.7933898530900478,0.8772981833538497,0.8921394390908034,0.8836371922279762,2.009345020447543,0.08356101172324273,0.011406794423237443,0.9977514343261719,127.35860657691956,5001.568256
14,0.07356860235016396,0.89782459685143,0.07356860235016396,0.009355539112543384,0.0662033977449363,0.14784726359338063,1.625542025409766,0.08117528213188052,0.8714362755417824,0.7739290483295918,0.8249707649141717,0.9264407421546335,0.871435773317685,2.0699751721195607,0.07911990322731428,0.01005014227121137,0.9974763488769531,126.82984781265259,5001.568256
15,0.07064579318918235,0.8995772498719236,0.07064579318918235,0.008706690010396725,0.06262713839821782,0.1406020242316785,1.7267211984729807,0.07429859228432178,0.8902984969317913,0.8038343228399754,0.9035375448745256,0.8801745776373958,0.8902979983731828,1.8905893677914114,0.07492354752216487,0.009814663353608921,0.99784716796875,126.63741493225098,5001.568256
16,0.06727903156627155,0.9043367276800439,0.06727903156627155,0.007963533506642842,0.06318536293791964,0.13730677600472815,1.7326035685695282,0.07078020088374615,0.8911104537546635,0.8053003922104836,0.8806067130584746,0.9042762225020631,0.8911099479823136,1.9450139486704665,0.07184139809757471,0.008755323884543031,0.9978834228515625,127.13951897621155,5001.568256
17,0.06477997650174384,0.9064953170769604,0.06477997650174384,0.007566799805994997,0.061679286525604574,0.1357815986997636,1.8645271624565602,0.07029246282763779,0.8881366811692715,0.8002331145107746,0.8535485643959054,0.9279643382539043,0.8881361856707358,1.61234511480431,0.06939306734874846,0.008263279683887959,0.9978292846679687,126.87529182434082,5001.568256
18,0.06239875762703571,0.9093839707949483,0.06239875762703571,0.007092987844416647,0.06014668059053151,0.132451938534279,1.8887108375847337,0.08074101363308728,0.8533936403691769,0.7461396381258965,0.7872495191736213,0.9358476349573694,0.8533931419653091,2.8233060953695195,0.06744600702542809,0.009237679041689262,0.9969825744628906,125.91548776626587,5001.568256
19,0.060370518039938405,0.9106612717006224,0.060370518039938405,0.006749556330528031,0.05868203546983976,0.12877448286052007,2.0066641571093955,0.06548589980229735,0.8925293982028961,0.8075368292629719,0.8782640844332329,0.9096222817930985,0.8925288991321967,1.5904120897124798,0.06335424397047613,0.007619264448294416,0.9979007568359375,126.91867518424988,5001.568256
20,0.058837938921671384,0.9117290297298567,0.058837938921671384,0.006470966559061979,0.059145559536966874,0.13043480791962175,2.093153513491404,0.06295562768355012,0.899949386715889,0.8196068406105042,0.9091943684022891,0.8930468754074977,0.8999488814085023,1.58382083254586,0.0626683964207769,0.007784540590364486,0.9980312194824219,126.79838848114014,5001.568256
21,0.05746482677282171,0.9124807030596631,0.05746482677282171,0.006288252836951972,0.058807642469909174,0.12816316193853425,2.0897073311987135,0.06223498028703034,0.8979967050254345,0.8163465149700642,0.9094969556110614,0.8892324139071393,0.8979962060193204,1.5414035079834942,0.05929574712365873,0.007472984172636643,0.9979900512695312,126.98780727386475,5001.568256
22,0.05612482925784503,0.913159709450201,0.05612482925784503,0.0060180644537751555,0.05670548511787932,0.12637043439716308,2.196749707104716,0.059912620577961206,0.8993920087814331,0.8185381963849068,0.9006544477321626,0.8997875008684257,0.8993915080092585,1.496455571618431,0.05781547796586525,0.007179932465078309,0.99801708984375,126.50884771347046,5001.568256
23,0.054095106450378475,0.9163660187247797,0.054095106450378475,0.005766047699812879,0.05670160860985729,0.12381625886524819,2.1777246012724762,0.05916888057254255,0.9028358720242977,0.8241224549710751,0.9073733396342721,0.8996830197508087,0.902835369101948,1.3386473560899455,0.056921653655357625,0.006960742670344189,0.9980939636230469,126.48942613601685,5001.568256
24,0.05214495985960284,0.9194227169591485,0.05214495985960284,0.005529170165644259,0.05332687084979199,0.11877555555555552,2.232547480228616,0.058428154326975346,0.9017523564398289,0.8225896470248699,0.9026880299102291,0.9030059385855018,0.9017518512870987,1.399154677379916,0.05553442551149049,0.006913007702678442,0.9980735473632812,127.1497175693512,5001.568256
25,0.051856665191709575,0.9178602167055117,0.051856665191709575,0.005467605362613256,0.05366078439228078,0.11891524231678487,2.307607791771996,0.06167584774084389,0.885369811207056,0.7957512326538563,0.8518024712032999,0.9247742651607305,0.8853693157291731,1.9581408836211323,0.05386530594900255,0.007048084517009556,0.9977128295898438,127.22015500068665,5001.568256
26,0.05055526112939449,0.9197412564399394,0.05055526112939449,0.005286053970707118,0.05418242700397968,0.11892402482269498,2.3584257132693778,0.05710054747760296,0.8999930694699287,0.8193562030792236,0.8874807961451102,0.9143831707808819,0.8999925679173835,1.4046342099078988,0.053155478141270536,0.0066411219304427505,0.9980206909179687,126.69939708709717,5001.568256
27,0.04928137863992799,0.9215086516759075,0.04928137863992799,0.005135984472098186,0.052543378283157416,0.1157689479905437,2.3838373343594546,0.05508864903822541,0.9026898369193077,0.8237047307193279,0.900553270787102,0.9065287877363006,0.9026893383066011,1.449869089381184,0.05138371184747661,0.006558825843967497,0.99808203125,126.74547672271729,5001.568256
28,0.04845362959812719,0.922015351183871,0.04845362959812719,0.0050240798097051,0.052463334661426275,0.1146387854609929,2.397623690020884,0.05461981357075274,0.9030254185199738,0.8241579383611679,0.9054767189816264,0.9019144349262648,0.9030249193341685,1.3914912571810656,0.05044681487884374,0.006601286178920418,0.9980865173339843,127.46556544303894,5001.568256
29,0.04767322622186749,0.9229021896707251,0.04767322622186749,0.0049432721781603834,0.05161159718078925,0.11296559101654842,2.4213292289714463,0.05514295073226094,0.8994600251317024,0.8185374960303307,0.8857894039920741,0.9153433539600659,0.8994595294134362,1.4137965364582326,0.0492743746098131,0.006453759997384623,0.9980107116699218,136.78994870185852,5001.568256
