epoch,train_loss,train_dice,train_seg_loss,train_boundary_loss,train_cw_loss,val_loss,val_dice,val_iou,val_precision,val_recall,val_f1,val_hd95,val_ece,boundary_bce,boundary_auc_proxy,epoch_time_sec,peak_gpu_memory_mb
0,0.808296392572687,0.08454940077049512,0.808296392572687,0.5628032868212842,0.005557059720926422,0.7573808841407299,0.06681970716454089,0.03458846837747842,0.03458846863022097,1.0,0.06681964260758134,32.51345612040163,0.3845840424238704,0.4530595187097788,0.98982568359375,160.0312843322754,4682.397184
1,0.6870763830259337,0.058751100779953574,0.6870763830259337,0.3499435478068413,0.0010564683897111974,0.6558268256485462,0.05346715683117509,0.02748277026694268,0.02748277017663124,1.0,0.05346710516601861,28.310398119629973,0.2953365044989842,0.2605593092739582,0.98982568359375,161.0414206981659,4682.397184
2,0.6195651373119219,0.05421168132559628,0.6195651373119219,0.187611811549951,0.00043813075507200054,0.6001704335212708,0.05626097344793379,0.02896120143122971,0.028961201476799477,1.0,0.05626091900675299,28.110014029912797,0.2300908300168813,0.14197410643100739,0.9949983520507812,155.77944779396057,4682.397184
3,0.5770751043414393,0.0924938374350891,0.5770751043414393,0.11487319796009267,0.00029596451823242547,0.5567951612174511,0.11354746436700225,0.060268814442679286,0.060268824236643884,0.9999970664163343,0.11354735742971854,22.153442499967248,0.19265385039709512,0.08890448836609721,0.9948372497558594,155.97004461288452,4682.397184
4,0.5403100725606824,0.12051786868073416,0.5403100725606824,0.07390750188988152,0.001201141445266111,0.5380454212427139,0.1159917926415801,0.061646767891943455,0.06164752388676499,0.9998085255798718,0.11599168348234222,22.14690573225417,0.16609006950352337,0.06423062225803733,0.9921731262207031,156.06161999702454,4682.397184
5,0.5147093642265239,0.12755041606460057,0.5147093642265239,0.05038708879064161,0.0008948897864309995,0.5060183089226484,0.14992656977847219,0.0812057398725301,0.08124692756111257,0.9951056822167972,0.14992643073656375,21.039198768503493,0.15108802438713606,0.05161348590627313,0.9936228637695312,155.95053482055664,4682.397184
6,0.4845333462911295,0.16247608380537507,0.4845333462911295,0.03884515038143236,0.003982197379814965,0.4550241492688656,0.20794946514070034,0.11634985730051994,0.11639798730539772,0.9969037044304775,0.20794928141389976,16.17947179823233,0.12939413470588623,0.03518244787119329,0.9941231079101562,156.02846217155457,4682.397184
7,0.44923758485638504,0.21237784513133637,0.44923758485638504,0.03210853307065389,0.009935611289310668,0.4335895888507366,0.23040817119181156,0.13068878138437867,0.1308195804167732,0.994693726387617,0.23040796846690575,17.506506816264142,0.12136585179995743,0.02793437719810754,0.9947963256835938,159.02930092811584,4682.397184
8,0.36896394858969017,0.34352982583198144,0.36896394858969017,0.024575857855115377,0.02388804491563357,0.38740288093686104,0.28681419510394335,0.16794986184686422,0.1682797757226704,0.9919587685700214,0.28681394532626947,14.87593490777011,0.10878814156277622,0.021455076755955815,0.994754150390625,156.59639430046082,4682.397184
9,0.3228221629739653,0.4151754661443386,0.3228221629739653,0.021933983271637706,0.03380980786893448,0.3739610817283392,0.3067592643201351,0.18173685250803828,0.1820337169365895,0.9927283416041712,0.30675900534808226,15.943785323805155,0.1026209913585335,0.023609139607287943,0.9923031311035156,155.11848545074463,4682.397184
10,0.28195493694738294,0.48096999494319265,0.28195493694738294,0.019779794974952726,0.03492586503173227,0.31055585108697414,0.41791930608451366,0.26496426947414875,0.26608343040138466,0.9857849554471864,0.4179189742129719,10.448859909163929,0.10341072357966913,0.020322440192103386,0.9946705017089844,155.362131357193,4682.397184
11,0.2562680723185235,0.522423433073869,0.2562680723185235,0.018270156689727982,0.04445668175964222,0.266001695767045,0.4920037891715765,0.32732285279780626,0.3297984523724838,0.9799219486176529,0.49200341992407487,10.605970402094412,0.09443455149695361,0.018515197793021798,0.9940919189453125,155.040687084198,4682.397184
12,0.24114106901993987,0.5401930902021151,0.24114106901993987,0.016686683322520966,0.036042570112234294,0.20450026355683804,0.6078227795660496,0.4383390676230192,0.4483707139301797,0.9505776653413872,0.6078223450212281,8.073569792680669,0.08950232247706293,0.017133596702478826,0.9951118469238281,155.58365631103516,4682.397184
13,0.22725643270404627,0.5604057028783974,0.22725643270404627,0.015442179714111572,0.03883045585366777,0.22913661878556013,0.553312299773097,0.3840412609279156,0.3888203496279396,0.9698962792166012,0.5533118961847988,10.173495110720438,0.08741559453471567,0.014451586292125285,0.9959314880371094,158.30243945121765,4682.397184
14,0.21526465527977504,0.5784929138971558,0.21526465527977504,0.014627909829430547,0.04042931172417985,0.20348501857370138,0.5987550280988216,0.42872196435928345,0.4346415478537132,0.9695244508346034,0.5987546064331964,6.471453677176465,0.08737014679796998,0.014807259081862867,0.9960140991210937,156.12763714790344,4682.397184
15,0.2148990627933056,0.5753289778181847,0.2148990627933056,0.014178485351991146,0.0354758131543091,0.27472029346972704,0.45467664673924446,0.2955310419201851,0.29698195338979927,0.9863920773659465,0.4546762941250085,11.792107734769239,0.08308777914382516,0.013485715258866549,0.9960274047851563,156.76256036758423,4682.397184
16,0.2053246279346182,0.5902474681113629,0.2053246279346182,0.013185392239573577,0.038017011073674736,0.15483266953378916,0.6914684325456619,0.5304524414241314,0.5474033085925388,0.9438594331543211,0.6914679686643814,5.732657271324889,0.07662022339925172,0.01612846361240372,0.9950669250488281,155.69789600372314,4682.397184
17,0.1895478312322434,0.6168042560841175,0.1895478312322434,0.012406462565698523,0.03886445023967589,0.2043942315503955,0.5830950476229191,0.4135123398154974,0.41766200252146457,0.9770150448770333,0.5830946318180515,7.0007646085739434,0.07846849103271962,0.01220034307334572,0.9963953552246094,155.71816515922546,4682.397184
18,0.17879319011319614,0.6358048641089852,0.17879319011319614,0.011826060586840126,0.03776142564631094,0.17057273630052805,0.6469656676054001,0.47975372336804867,0.48754719672332475,0.9692334902287469,0.6469652245584557,5.609566330515216,0.07403267272189262,0.011452657752670348,0.9965203552246094,155.3614776134491,4682.397184
19,0.1719850796862697,0.6453084892837714,0.1719850796862697,0.011065038608004016,0.03399553561412047,0.217147346585989,0.5540663413703442,0.3857702659443021,0.3889573560723668,0.9791548688474313,0.5540659398582588,8.274297768027196,0.07480742996744807,0.012435745971743017,0.9961233215332032,156.6612069606781,4682.397184
20,0.17169337365644197,0.645233449783731,0.17169337365644197,0.011405784504633424,0.03860068541653421,0.1459554280154407,0.6977481693029404,0.5378500316292048,0.5511337009160775,0.9568352207889014,0.6977477094509931,5.350330407888697,0.07078105562273415,0.01316876377677545,0.995979736328125,155.33474111557007,4682.397184
21,0.16712950138335533,0.651775560903211,0.16712950138335533,0.010751528655515706,0.033884106913654975,0.16423281654715538,0.6530551873147488,0.4865195918828249,0.4949548723481512,0.965966810467233,0.6530547372264658,6.7835113301508905,0.06800476337037983,0.010667518217815086,0.9967272644042968,155.13351774215698,4682.397184
22,0.15349569023712306,0.6775612638774493,0.15349569023712306,0.01037687647770694,0.037385882970474286,0.15720269456505775,0.665735263377428,0.5008114967495203,0.5096560986736305,0.9656500358401134,0.6657348175413491,6.470503170779267,0.06561155772302302,0.010462028585607186,0.9965877685546874,155.49629092216492,4682.397184
23,0.14839827522952506,0.686270923690593,0.14839827522952506,0.009984300712929339,0.039649567265453226,0.14912321185693145,0.6798800081014633,0.5166855975985527,0.526633575531843,0.9646542519054924,0.6798795501502765,5.574744816435417,0.06436588228121404,0.01029486078186892,0.9966831665039062,154.57255268096924,4682.397184
24,0.14257307239669434,0.6953309816671601,0.14257307239669434,0.009501195697655491,0.03534409269572447,0.14990828093141317,0.6781447380781174,0.515319487079978,0.5258404776378193,0.962016295665583,0.6781442765962574,6.381964877683679,0.06300792888086286,0.01091263789567165,0.9965503540039062,154.1007273197174,4682.397184
25,0.14216702008712376,0.6946287890698047,0.14216702008712376,0.009494456545126142,0.030816739273558085,0.14548928011208773,0.684158481657505,0.5217197500169277,0.5316099404668003,0.9650003679323306,0.684158027622152,5.004484720288736,0.06169047809857882,0.010180276120081544,0.9967755126953125,156.0317347049713,4682.397184
26,0.13479611013375276,0.708263376503126,0.13479611013375276,0.009170706928806735,0.029980759703800253,0.12580090388655663,0.727997962385416,0.5740444529801607,0.5903556430255387,0.9545333228139887,0.7279974939322903,4.708544143261015,0.060588941685855394,0.009998531837482005,0.9969245910644531,155.09525871276855,4682.397184
27,0.12920390312553298,0.7191450674060389,0.12920390312553298,0.008923495895103783,0.026892264047472452,0.13649317855015397,0.7004616372287273,0.5412961430847645,0.5516116505771327,0.9658123700976443,0.7004611727194702,4.79703953319762,0.0589587408797816,0.009797104663448408,0.9967004699707032,155.2286877632141,4682.397184
28,0.12857027832709306,0.7189945940007555,0.12857027832709306,0.00886117498198828,0.027204296003832278,0.15851637348532677,0.6522554568946362,0.4861013051122427,0.49217296018215995,0.975118136111685,0.652255025722803,6.071580635961945,0.05750923486799001,0.00987223512493074,0.9963487548828125,154.74945402145386,4682.397184
29,0.12326535233791838,0.7289815838878037,0.12326535233791838,0.0085326616870279,0.023226208949555703,0.11975659802556038,0.7360471598803997,0.5844361651688814,0.5991862482454323,0.9589393708878777,0.736046677636598,5.026028601849937,0.05689989685360341,0.00981819731532596,0.9969233093261719,155.54567432403564,4682.397184
