epoch,train_loss,train_dice,train_seg_loss,train_boundary_loss,train_aux3_loss,val_loss,val_dice,val_iou,val_precision,val_recall,val_f1,val_hd95,val_ece,boundary_bce,boundary_auc_proxy,psi_mean,psi_std,psi_min,psi_max,epoch_time_sec,peak_gpu_memory_mb
0,0.7711666015023035,0.20954277822153367,0.7711666015023035,0.5580479477314239,0.7676268752585066,0.727524109184742,0.30998612847179174,0.18424306297674775,0.18455649412245403,0.9931156457031606,0.30998586262810723,13.967905262615592,0.3807537316381932,0.46523439697921276,0.9732539367675781,0.2961793727874756,0.17462966298460436,0.0008441241807304323,0.9995564818382263,210.68768405914307,5187.414528
1,0.660535215908754,0.5384933669516381,0.660535215908754,0.3573838635116604,0.31144120179592294,0.6372266374528408,0.2678137104958296,0.1554077034816146,0.1557222278139912,0.9905885058115017,0.26781347693606933,15.009760588317784,0.2968077320232987,0.3172743245959282,0.9566900939941406,0.2745638437271118,0.18099749419280212,3.0028033506823704e-05,0.9994997978210449,202.28894424438477,5187.414528
2,0.4905449652925451,0.7490809022957552,0.4905449652925451,0.1923434834742377,0.20123934048287412,0.3738685827702284,0.8191317170858383,0.696167591959238,0.8119975190664777,0.8319031115125985,0.8191312200146443,2.7428813830250323,0.23435869582329172,0.1329722125083208,0.9964137573242188,0.1873780698776245,0.1553077025745009,0.00016452818817924708,0.9992916584014893,197.59365391731262,5187.414528
3,0.2709151082639153,0.8465347657812402,0.2709151082639153,0.10377004488985589,0.17947900908213135,0.20627787988632917,0.870050236582756,0.7715144045650959,0.8692187239581194,0.874717005132513,0.8700497418172674,2.1014914941501486,0.193855633743573,0.07987539237365127,0.9973185119628907,0.13684094619750978,0.1428249807734932,6.272078962865635e-07,0.9993208646774292,198.7696671485901,5187.414528
4,0.17343644966893162,0.8737532699361761,0.17343644966893162,0.06380893908282544,0.16673817659946197,0.15240699984133244,0.8698156662285328,0.7706392407417297,0.8850994391922845,0.8575414646940325,0.8698151685468295,1.7171389430833297,0.16554568288289015,0.051409025210887194,0.9973398742675781,0.13275597381591797,0.14288507908450596,1.1347891160085055e-07,0.9997983574867249,205.32116961479187,5187.414528
5,0.138505571647316,0.8814096814351724,0.138505571647316,0.04434219491502917,0.1614239013998221,0.13371735019609332,0.8685523942112923,0.7688424326479435,0.8327129530910113,0.9108797294934794,0.8685518928148482,1.922932960701894,0.14981267595570535,0.03766363812610507,0.9976136779785156,0.11161439561843872,0.14161928227780393,1.773923452574877e-09,0.9999202489852905,214.16708421707153,5187.414528
6,0.11818738678034316,0.8903827971600472,0.11818738678034316,0.03282496895878873,0.15621656639144776,0.13261344144120812,0.8425960130989552,0.7304055094718933,0.9421996464021458,0.765741195952664,0.8425955188391032,2.613453677015049,0.13665571610722688,0.03355641500093043,0.9967991638183594,0.10818931722640991,0.13027899107929314,9.297782810335775e-08,0.9997074007987976,211.59933924674988,5187.414528
7,0.10630012118647285,0.8937353956783917,0.10630012118647285,0.025941025267573112,0.15450541902307077,0.10796450823545456,0.8770527392625809,0.7821764275431633,0.8411502015269091,0.9192714913940487,0.8770522453121554,1.7662950043216508,0.12547220139997078,0.02336869586724788,0.9977506408691407,0.10546559286117553,0.13789870560400963,9.381508903061331e-08,0.9998676776885986,198.4553952217102,5187.414528
8,0.0986948346203946,0.8940663633617103,0.0986948346203946,0.021638145723135757,0.15280516387511653,0.09859920106828213,0.8886456415057182,0.801113985478878,0.8941488951184208,0.885533202928221,0.8886451436127094,1.501923085869298,0.11770541672501711,0.02095694129820913,0.9977770690917969,0.08736421012878418,0.12896347473766867,2.2305732727545546e-07,0.9997931122779846,197.87969255447388,5187.414528
9,0.09014605979124705,0.9018815975662664,0.09014605979124705,0.018096202310729535,0.14871379172971064,0.10272041242569685,0.8613203838467598,0.7576262764632702,0.808546431241973,0.9256008105995056,0.8613198824692374,2.7642173439077626,0.11043940385524184,0.018497209122870117,0.9975353088378907,0.08757396268844604,0.13649960874943928,3.282816010141687e-07,0.999671459197998,197.46296548843384,5187.414528
10,0.08468852112901971,0.9038435317945819,0.08468852112901971,0.01570149281240524,0.1477359731992086,0.08596234628930688,0.8945810198783875,0.8105637542903423,0.8851481853919378,0.9061171918687506,0.8945805198753248,1.6695335360807708,0.10351076745986931,0.015047410153783858,0.9979925231933594,0.08139342784881592,0.1269511779322921,3.9561019349321214e-08,0.9997348189353943,218.95056915283203,5187.414528
11,0.08019356899861749,0.9057644652136674,0.08019356899861749,0.013871382651124017,0.14655171059970315,0.08221407141536474,0.8951480016112328,0.8111736364662647,0.8804470500231327,0.9117479417381907,0.8951474993838416,1.6690961753175921,0.09839933423069304,0.013618222845252603,0.9979664611816407,0.07940382623672486,0.13465606091272922,2.2283576583959075e-07,0.9998794794082642,213.8365535736084,5187.414528
12,0.0769400473499129,0.9057834055406827,0.0769400473499129,0.012660935990089644,0.14600846937573547,0.1080247494392097,0.8192324116826057,0.6968461908400059,0.7546542055777581,0.9061429485037594,0.8192319214867874,3.0316123349094957,0.09308780768211003,0.01725003868341446,0.9965113830566407,0.07714083218574525,0.12680376690913656,3.890045974230816e-08,0.9997631907463074,209.58582711219788,5187.414528
13,0.07370562383786161,0.9069074937637817,0.07370562383786161,0.011532613373500235,0.1453621173475651,0.07953286776319146,0.8865642473101616,0.7976927906274796,0.9344643707115962,0.8456965192328006,0.886563750253287,1.9331819174053797,0.08892056147009131,0.013691548141650856,0.9976081237792969,0.0670429699420929,0.11697247414676663,1.3304435242389445e-06,0.9994348883628845,208.4086093902588,5187.414528
14,0.07031177842976354,0.9097861732151491,0.07031177842976354,0.010693290531767386,0.14382305556366629,0.07452217862010002,0.8925203196704388,0.8073504269123077,0.9415124393135763,0.8502709384855063,0.892519824498058,1.8893614629400373,0.08425285724387505,0.01205921804648824,0.9977474060058594,0.08102943611145019,0.12755320649980295,1.037686502058932e-06,0.9998642206192017,194.44812965393066,5187.414528
15,0.06673446786424793,0.9137198041516839,0.06673446786424793,0.009705141820806139,0.1420405254507741,0.07286690874025226,0.8911114186048508,0.8044055365025997,0.8784500212744095,0.9060713387448759,0.8911109212607564,1.4992816817961652,0.08121020212862637,0.01028485712595284,0.9978888244628906,0.07110537481307984,0.12945717699234624,3.881475095113274e-06,0.9997262358665466,185.54615139961243,5187.414528
16,0.06460940824649858,0.9139094428813204,0.06460940824649858,0.009146477214675,0.14140039159262435,0.06885973969474435,0.8991865552961826,0.8179906234145164,0.9039628018473536,0.8962828118583612,0.8991860515753096,1.3441962900179678,0.0787476459806785,0.00976051963516511,0.9980221557617187,0.06878126859664917,0.1285590880614169,6.988026370891021e-07,0.999818742275238,188.00965332984924,5187.414528
17,0.06101585652494262,0.9192263686910589,0.06101585652494262,0.008304288366426391,0.13870611580762457,0.06642919545993209,0.8994254060089588,0.8184207864105701,0.9407441901278193,0.8629230512090378,0.8994249008010239,1.713002036211173,0.07455425880686382,0.010124810913112015,0.9979080810546875,0.07277749323844909,0.11685521961358868,4.602220087690512e-06,0.9995344877243042,188.81529903411865,5187.414528
18,0.05992888965716599,0.917617917060852,0.05992888965716599,0.008081555099008566,0.13919265584108678,0.06447876198217273,0.9028693623840809,0.8240308873355389,0.9409984012000622,0.8689738970515795,0.9028688633974387,1.609566052444066,0.07309378107800152,0.009696220367914066,0.9979575805664063,0.0683952944278717,0.12299512296963969,3.384480123713729e-06,0.9996471405029297,197.14499068260193,5187.414528
19,0.05742240440866626,0.9208209087662663,0.05742240440866626,0.007507326074790025,0.13774802467079028,0.06303528882563114,0.9018224775791168,0.8221825510263443,0.8918080752108882,0.9135631644644733,0.901821972368998,1.6176223436224304,0.0704516166020185,0.008463817765004933,0.9981141052246094,0.06818888783454895,0.11983960861853582,1.2263882354091038e-06,0.999785840511322,191.63906502723694,5187.414528
20,0.055761249273592696,0.9218364839858197,0.055761249273592696,0.007181945137996623,0.13764674760771137,0.06323293293826282,0.8993033915758133,0.8180937692523003,0.8803818711451369,0.9206815318618681,0.8993028942071151,1.3964118065357987,0.06910789518011733,0.00869683874770999,0.9980462646484375,0.07205695867538452,0.12585027359266493,7.595081569888862e-06,0.9998960494995117,188.09119987487793,5187.414528
21,0.053973368824796475,0.9236404046099237,0.053973368824796475,0.00678820679532298,0.13646497006746047,0.06252737320028245,0.8951206356287003,0.811262309551239,0.958157590249129,0.8412150016740816,0.8951201399882028,1.632280963185886,0.06525986835500225,0.009652269451180473,0.9978110046386719,0.06831695914268493,0.11768999084861907,7.995232408575248e-06,0.9997360110282898,191.5931670665741,5187.414528
22,0.05372244478962945,0.9211374309891505,0.05372244478962945,0.006782896856361247,0.13763704330574536,0.06029122602194548,0.9001154601573944,0.8193630576133728,0.896384594660599,0.9061344225462119,0.9001149564934074,1.412036732627332,0.06451511070411654,0.008169472799636424,0.9980768432617187,0.06241355681419373,0.11859193675687317,1.4889319572830573e-06,0.9998084902763367,191.83581638336182,5187.414528
23,0.05141132213967912,0.9251583814620972,0.05141132213967912,0.006287815564490379,0.13537949867916446,0.05848545930348337,0.9014741070568562,0.8215156644582748,0.91938287143845,0.8861357722688431,0.9014736019909424,1.4286116214959157,0.06201853906759054,0.008235432440415025,0.9980310668945312,0.06822214794158936,0.12708298646670074,4.632356649381109e-06,0.9998927116394043,200.7976577281952,5187.414528
24,0.04991141019772131,0.9269577734013821,0.04991141019772131,0.00606397648196641,0.13457768568967252,0.055671413661912084,0.9087110459804535,0.8336839228868484,0.9164677922311013,0.9024102033876208,0.9087105423871948,1.4208785577310796,0.06117041002563201,0.007511663934565149,0.9981834716796875,0.06744806241989136,0.11815203620260828,1.156606049335096e-05,0.9996519088745117,197.59510159492493,5187.414528
25,0.04877759024817893,0.9278229238293695,0.04877759024817893,0.005910434159086951,0.13411989966605573,0.05600968049839139,0.9050713032484055,0.8275963515043259,0.892812166387412,0.9195254678670584,0.9050708092775585,1.3528761313232405,0.059776709710713444,0.00735484017059207,0.9981384582519531,0.07094206762313843,0.12652294951105986,1.3843653505318798e-05,0.9998156428337097,159.28311324119568,5187.414528
26,0.04849626565127508,0.9263691323023315,0.04849626565127508,0.00580538439412489,0.1352011762189527,0.05471747647970915,0.9061417318880558,0.8293591104447842,0.9063405404844075,0.9075497721916624,0.9061412305436973,1.3569635426194344,0.058001375061227003,0.007556489901617169,0.9981167907714844,0.07017751598358155,0.12286116753408728,3.28029500451521e-06,0.9998801946640015,159.68431401252747,5187.414528
27,0.047867931504832935,0.9259718867903906,0.047867931504832935,0.005839136921212817,0.135172944965092,0.05502796499058604,0.9036371447145939,0.8250535577535629,0.8853481183698961,0.9242742334123328,0.9036366455160613,1.2391959324842454,0.05733519713720302,0.007342331897234544,0.9980541687011719,0.060976714611053466,0.12365873964073175,4.474412435229169e-06,0.9998059868812561,165.6730935573578,5187.414528
28,0.04636843758800351,0.9286701577775022,0.04636843758800351,0.005519941980877878,0.1336731640688071,0.05284244054928422,0.9082170836627483,0.8326810635626316,0.9017279590833175,0.9161602949091795,0.9082165913830818,1.2502390707653455,0.05589655606611634,0.007216921396320686,0.9981284484863281,0.060731393098831174,0.11752516427989354,5.525988854060415e-06,0.9998077750205994,187.03350830078125,5187.414528
29,0.04514349545253084,0.9306876625575072,0.04514349545253084,0.00530996426926754,0.1330015647707256,0.05145332170650363,0.9101624600589275,0.8359562121331692,0.9237109184759152,0.8983553325434728,0.9101619530399824,1.5046456112635025,0.05461104439292109,0.006953552307095379,0.9981913452148438,0.062458980798721316,0.11547252325494509,4.2324777496105526e-06,0.9997026324272156,159.52434015274048,5187.414528
