epoch,subject_id,comp_id,group,size,mean_prob,max_prob,lesion_dice,detected
1,BraTS-GLI-00064-000,48,conflict_positive,24.0,1.4082729649089742e-08,1.1084711104558664e-07,0.0,0
1,BraTS-GLI-00064-000,78,random_control,6.0,8.468713730280797e-08,2.438530373183312e-07,0.0,0
1,BraTS-GLI-01135-000,5,conflict_positive,5.0,0.005372953601181507,0.023710738867521286,0.0,0
1,BraTS-GLI-00608-000,4,conflict_positive,6.0,0.00029599445406347513,0.0014427868882194161,0.0,0
1,BraTS-GLI-00028-000,5,conflict_positive,8.0,5.185610163493948e-09,9.721990323896534e-09,0.0,0
1,BraTS-GLI-00540-001,3,conflict_positive,8.0,1.720782627501194e-09,3.9242649130244445e-09,0.0,0
1,BraTS-GLI-00331-000,1,conflict_positive,8.0,4.470308671844503e-13,1.3208104315126645e-12,0.0,0
1,BraTS-GLI-00612-000,13,conflict_positive,10.0,8.364632542168238e-09,1.9367631054478807e-08,0.0,0
1,BraTS-GLI-01207-000,4,conflict_positive,9.0,0.49793803691864014,0.9999998807907104,0.0012249272699433472,0
1,BraTS-GLI-00387-000,14,conflict_positive,8.0,2.063462734014365e-09,3.1273128531239536e-09,0.0,0
1,BraTS-GLI-01430-000,50,conflict_positive,8.0,3.326637738609861e-07,4.337393306741433e-07,0.0,0
1,BraTS-GLI-01221-000,331,conflict_positive,5.0,0.0014823442324995995,0.004255649633705616,0.0,0
1,BraTS-GLI-01221-000,7,random_control,24.0,1.0497885893911985e-09,1.560340479045408e-08,0.0,0
1,BraTS-GLI-01236-000,21,conflict_positive,6.0,1.930328107846435e-05,0.00010589556768536568,0.0,0
1,BraTS-GLI-01236-000,37,conflict_positive,6.0,0.007663731928914785,0.03123377449810505,0.0,0
1,BraTS-GLI-01128-000,4,conflict_positive,6.0,4.111001672413295e-08,6.412011543943663e-08,0.0,0
1,BraTS-GLI-01230-000,31,conflict_positive,5.0,2.7320933440933004e-05,0.00010270813800161704,0.0,0
1,BraTS-GLI-00457-000,7,conflict_positive,6.0,0.43047896027565,0.6831998825073242,0.0003280301787764474,1
1,BraTS-GLI-01498-000,46,conflict_positive,8.0,5.004393167223897e-12,3.8633179988423194e-11,0.0,0
1,BraTS-GLI-01498-000,47,conflict_positive,10.0,1.2619101319444326e-08,2.981373015131794e-08,0.0,0
1,BraTS-GLI-01317-000,7,random_control,5.0,1.7263754870100456e-09,7.84343079374139e-09,0.0,0
1,BraTS-GLI-01053-000,50,random_control,8.0,3.2042331028075965e-12,1.756323905754975e-11,0.0,0
1,BraTS-GLI-01053-000,42,random_control,6.0,6.865843261039117e-06,1.563792466185987e-05,0.0,0
1,BraTS-GLI-01157-000,9,random_control,8.0,8.216571586672217e-05,0.00016310364298988134,0.0,0
1,BraTS-GLI-01213-000,78,random_control,8.0,0.0002818042121361941,0.0018619984621182084,0.0,0
1,BraTS-GLI-01193-000,15,random_control,10.0,3.696275962283835e-05,0.00018178952450398356,0.0,0
1,BraTS-GLI-01217-000,30,random_control,9.0,0.005741712637245655,0.051442891359329224,0.0,0
1,BraTS-GLI-01416-000,110,random_control,8.0,0.2766905128955841,0.630416989326477,0.00029711059942063434,0
1,BraTS-GLI-01241-000,36,random_control,8.0,0.04466012865304947,0.15152940154075623,0.0,0
1,BraTS-GLI-00012-000,9,random_control,5.0,4.844217471600132e-09,6.321467793668489e-09,0.0,0
1,BraTS-GLI-01112-000,33,random_control,6.0,0.1554345041513443,0.5268549919128418,0.00023430178069353328,0
1,BraTS-GLI-00414-000,89,random_control,6.0,0.46707141399383545,0.9950212240219116,0.0010695187165775401,0
1,BraTS-GLI-01079-000,13,random_control,5.0,1.5007799447630532e-08,1.911615932215227e-08,0.0,0
1,BraTS-GLI-01445-000,4,random_control,6.0,6.534870408358984e-06,1.8086455384036526e-05,0.0,0
1,BraTS-GLI-00109-000,5,random_control,8.0,5.153619895281736e-07,1.0392463991593104e-06,0.0,0
1,BraTS-GLI-01271-000,12,random_control,10.0,1.2976210383985887e-11,3.531399131451174e-11,0.0,0
2,BraTS-GLI-00064-000,48,conflict_positive,24.0,9.684547386257236e-09,7.459730255732211e-08,0.0,0
2,BraTS-GLI-00064-000,78,random_control,6.0,1.1432842228487061e-08,2.7687926618114034e-08,0.0,0
2,BraTS-GLI-01135-000,5,conflict_positive,5.0,0.00014286952500697225,0.000507801363710314,0.0,0
2,BraTS-GLI-00608-000,4,conflict_positive,6.0,0.0002651861577760428,0.0012592406710609794,0.0,0
2,BraTS-GLI-00028-000,5,conflict_positive,8.0,3.409102689033716e-08,1.0393577554168587e-07,0.0,0
2,BraTS-GLI-00540-001,3,conflict_positive,8.0,2.547127175844821e-09,5.035032391020877e-09,0.0,0
2,BraTS-GLI-00331-000,1,conflict_positive,8.0,5.266772803470821e-13,1.132115343312201e-12,0.0,0
2,BraTS-GLI-00612-000,13,conflict_positive,10.0,9.891851959764608e-08,1.5222711624574004e-07,0.0,0
2,BraTS-GLI-01207-000,4,conflict_positive,9.0,0.45977723598480225,0.9999589920043945,0.0012582573136206354,0
2,BraTS-GLI-00387-000,14,conflict_positive,8.0,4.429039357489728e-09,6.562813847921234e-09,0.0,0
2,BraTS-GLI-01430-000,50,conflict_positive,8.0,4.6938254172346205e-07,5.718450211134041e-07,0.0,0
2,BraTS-GLI-01221-000,331,conflict_positive,5.0,0.000342627230565995,0.0009801703272387385,0.0,0
2,BraTS-GLI-01221-000,7,random_control,24.0,3.867016484804253e-09,5.6211128196537175e-08,0.0,0
2,BraTS-GLI-01236-000,21,conflict_positive,6.0,7.747432846372249e-07,3.410065573916654e-06,0.0,0
2,BraTS-GLI-01236-000,37,conflict_positive,6.0,1.3915049748902675e-05,3.635168104665354e-05,0.0,0
2,BraTS-GLI-01128-000,4,conflict_positive,6.0,5.521282560039253e-07,2.2973229079070734e-06,0.0,0
2,BraTS-GLI-01230-000,31,conflict_positive,5.0,2.406552084721625e-05,9.047119237948209e-05,0.0,0
2,BraTS-GLI-00457-000,7,conflict_positive,6.0,0.5186814069747925,0.8768110275268555,0.0004415742120660153,1
2,BraTS-GLI-01498-000,46,conflict_positive,8.0,5.9379779739077154e-12,4.104918141512037e-11,0.0,0
2,BraTS-GLI-01498-000,47,conflict_positive,10.0,1.254741288647665e-08,2.3742440902196904e-08,0.0,0
2,BraTS-GLI-01317-000,7,random_control,5.0,5.450176976395937e-10,2.4065955894769786e-09,0.0,0
2,BraTS-GLI-01053-000,50,random_control,8.0,1.5726100976998225e-11,4.452541460531201e-11,0.0,0
2,BraTS-GLI-01053-000,42,random_control,6.0,1.1915171960197313e-08,2.6858280932628986e-08,0.0,0
2,BraTS-GLI-01157-000,9,random_control,8.0,0.0001316225534537807,0.0003693657636176795,0.0,0
2,BraTS-GLI-01213-000,78,random_control,8.0,2.164502802770585e-06,1.232060731126694e-05,0.0,0
2,BraTS-GLI-01193-000,15,random_control,10.0,2.8890019265759292e-08,9.76544569653015e-08,0.0,0
2,BraTS-GLI-01217-000,30,random_control,9.0,1.734584293444641e-05,0.00014910497702658176,0.0,0
2,BraTS-GLI-01416-000,110,random_control,8.0,0.20252227783203125,0.5881880521774292,0.00031568147738931417,0
2,BraTS-GLI-01241-000,36,random_control,8.0,0.004410214722156525,0.016025342047214508,0.0,0
2,BraTS-GLI-00012-000,9,random_control,5.0,1.8221196773637871e-09,5.668148617132829e-09,0.0,0
2,BraTS-GLI-01112-000,33,random_control,6.0,1.297464405070059e-05,5.978892295388505e-05,0.0,0
2,BraTS-GLI-00414-000,89,random_control,6.0,8.49739990371745e-06,4.453393194125965e-05,0.0,0
2,BraTS-GLI-01079-000,13,random_control,5.0,1.9469823087092664e-08,4.095539551940419e-08,0.0,0
2,BraTS-GLI-01445-000,4,random_control,6.0,4.026907390652923e-06,1.2361258086457383e-05,0.0,0
2,BraTS-GLI-00109-000,5,random_control,8.0,1.2029592255657917e-07,3.0801197681284975e-07,0.0,0
2,BraTS-GLI-01271-000,12,random_control,10.0,1.5921836765686592e-11,4.5688189342918406e-11,0.0,0
3,BraTS-GLI-00064-000,48,conflict_positive,24.0,5.3754436457609245e-09,5.045927053970445e-08,0.0,0
3,BraTS-GLI-00064-000,78,random_control,6.0,1.9797369077423355e-08,4.193038094513213e-08,0.0,0
3,BraTS-GLI-01135-000,5,conflict_positive,5.0,0.04783659428358078,0.21588440239429474,0.0,0
3,BraTS-GLI-00608-000,4,conflict_positive,6.0,0.010452509857714176,0.05750278756022453,0.0,0
3,BraTS-GLI-00028-000,5,conflict_positive,8.0,8.275707230609441e-09,1.3170145862773097e-08,0.0,0
3,BraTS-GLI-00540-001,3,conflict_positive,8.0,8.770652537570811e-10,2.040811741821358e-09,0.0,0
3,BraTS-GLI-00331-000,1,conflict_positive,8.0,5.41603610917929e-12,1.1417288989234997e-11,0.0,0
3,BraTS-GLI-00612-000,13,conflict_positive,10.0,4.378765936507989e-07,8.273009370896034e-07,0.0,0
3,BraTS-GLI-01207-000,4,conflict_positive,9.0,0.548227071762085,0.9999998807907104,0.0015710919088766694,1
3,BraTS-GLI-00387-000,14,conflict_positive,8.0,2.2651747144664114e-09,3.6314706797213603e-09,0.0,0
3,BraTS-GLI-01430-000,50,conflict_positive,8.0,2.4627422590128845e-07,3.058234767649992e-07,0.0,0
3,BraTS-GLI-01221-000,331,conflict_positive,5.0,0.07307658344507217,0.22048428654670715,0.0,0
3,BraTS-GLI-01221-000,7,random_control,24.0,2.7669617708170335e-09,3.837940809603424e-08,0.0,0
3,BraTS-GLI-01236-000,21,conflict_positive,6.0,2.006729664572049e-05,0.0001123855181504041,0.0,0
3,BraTS-GLI-01236-000,37,conflict_positive,6.0,0.07799183577299118,0.32779765129089355,0.0,0
3,BraTS-GLI-01128-000,4,conflict_positive,6.0,4.0372106013819575e-07,9.38013727136422e-07,0.0,0
3,BraTS-GLI-01230-000,31,conflict_positive,5.0,3.012509478139691e-05,9.598719771020114e-05,0.0,0
3,BraTS-GLI-00457-000,7,conflict_positive,6.0,0.3089298903942108,0.6326732039451599,0.00011129660545353366,0
3,BraTS-GLI-01498-000,46,conflict_positive,8.0,2.1546170403397014e-10,1.072453792438921e-09,0.0,0
3,BraTS-GLI-01498-000,47,conflict_positive,10.0,1.1685131973138141e-08,1.9975491483137375e-08,0.0,0
3,BraTS-GLI-01317-000,7,random_control,5.0,4.9445093852629185e-11,2.1879546785452675e-10,0.0,0
3,BraTS-GLI-01053-000,50,random_control,8.0,6.475414822404435e-12,2.975574300845274e-11,0.0,0
3,BraTS-GLI-01053-000,42,random_control,6.0,1.0807537087487162e-08,2.6567205324568022e-08,0.0,0
3,BraTS-GLI-01157-000,9,random_control,8.0,0.0012547173537313938,0.0037757328245788813,0.0,0
3,BraTS-GLI-01213-000,78,random_control,8.0,5.108844561618753e-06,2.718542964430526e-05,0.0,0
3,BraTS-GLI-01193-000,15,random_control,10.0,4.6077798288024496e-07,2.5470762921031564e-06,0.0,0
3,BraTS-GLI-01217-000,30,random_control,9.0,9.581923222867772e-05,0.0008387814159505069,0.0,0
3,BraTS-GLI-01416-000,110,random_control,8.0,0.07967078685760498,0.29552707076072693,0.0,0
3,BraTS-GLI-01241-000,36,random_control,8.0,0.39592280983924866,0.9903331398963928,0.00046769038896250683,0
3,BraTS-GLI-00012-000,9,random_control,5.0,1.1191296778179094e-09,2.5442239426354263e-09,0.0,0
3,BraTS-GLI-01112-000,33,random_control,6.0,0.16081251204013824,0.6688011288642883,0.0002442897276169537,0
3,BraTS-GLI-00414-000,89,random_control,6.0,0.030099039897322655,0.16535194218158722,0.0,0
3,BraTS-GLI-01079-000,13,random_control,5.0,2.002301080494817e-08,4.091604210998412e-08,0.0,0
3,BraTS-GLI-01445-000,4,random_control,6.0,6.2053859437583014e-06,1.9446904843789525e-05,0.0,0
3,BraTS-GLI-00109-000,5,random_control,8.0,1.2923391068397905e-07,2.92881338737061e-07,0.0,0
3,BraTS-GLI-01271-000,12,random_control,10.0,1.2484496943188095e-11,3.334564221968428e-11,0.0,0
4,BraTS-GLI-00064-000,48,conflict_positive,24.0,1.6800498769953265e-08,1.1061205640316984e-07,0.0,0
4,BraTS-GLI-00064-000,78,random_control,6.0,3.737637399581217e-08,7.494942622088274e-08,0.0,0
4,BraTS-GLI-01135-000,5,conflict_positive,5.0,0.015272902324795723,0.06751026958227158,0.0,0
4,BraTS-GLI-00608-000,4,conflict_positive,6.0,0.001068607554771006,0.005452679004520178,0.0,0
4,BraTS-GLI-00028-000,5,conflict_positive,8.0,4.743271553309114e-09,8.246651361787372e-09,0.0,0
4,BraTS-GLI-00540-001,3,conflict_positive,8.0,4.4007747446173084e-10,1.2142578054152864e-09,0.0,0
4,BraTS-GLI-00331-000,1,conflict_positive,8.0,3.396162240321132e-10,8.957714014989904e-10,0.0,0
4,BraTS-GLI-00612-000,13,conflict_positive,10.0,7.534574706369312e-07,2.0991888050048146e-06,0.0,0
4,BraTS-GLI-01207-000,4,conflict_positive,9.0,0.5221850872039795,0.9999982118606567,0.001596678907871627,1
4,BraTS-GLI-00387-000,14,conflict_positive,8.0,2.0907988673712907e-09,2.8909348248618016e-09,0.0,0
4,BraTS-GLI-01430-000,50,conflict_positive,8.0,5.102450586491614e-07,6.197540756147646e-07,0.0,0
4,BraTS-GLI-01221-000,331,conflict_positive,5.0,0.012298185378313065,0.033921487629413605,0.0,0
4,BraTS-GLI-01221-000,7,random_control,24.0,1.931889981321433e-09,2.0394002930856914e-08,0.0,0
4,BraTS-GLI-01236-000,21,conflict_positive,6.0,5.31306432094425e-06,2.7049612981500104e-05,0.0,0
4,BraTS-GLI-01236-000,37,conflict_positive,6.0,0.0007764825713820755,0.0028572173323482275,0.0,0
4,BraTS-GLI-01128-000,4,conflict_positive,6.0,9.076214269043703e-07,2.0928723643010017e-06,0.0,0
4,BraTS-GLI-01230-000,31,conflict_positive,5.0,0.00013713912630919367,0.0004851357371080667,0.0,0
4,BraTS-GLI-00457-000,7,conflict_positive,6.0,0.25813546776771545,0.5849063992500305,0.00011211390773025393,0
4,BraTS-GLI-01498-000,46,conflict_positive,8.0,1.8090429154682397e-09,4.625052341111768e-09,0.0,0
4,BraTS-GLI-01498-000,47,conflict_positive,10.0,1.3661643372131493e-08,2.2559984103054376e-08,0.0,0
4,BraTS-GLI-01317-000,7,random_control,5.0,9.625052976858228e-10,3.86610832237011e-09,0.0,0
4,BraTS-GLI-01053-000,50,random_control,8.0,5.14877290108684e-12,2.1369803496207318e-11,0.0,0
4,BraTS-GLI-01053-000,42,random_control,6.0,6.013041087271631e-08,1.185401146130971e-07,0.0,0
4,BraTS-GLI-01157-000,9,random_control,8.0,0.000120781478472054,0.000340922677423805,0.0,0
4,BraTS-GLI-01213-000,78,random_control,8.0,1.6374071947211633e-06,7.671678758924827e-06,0.0,0
4,BraTS-GLI-01193-000,15,random_control,10.0,2.1314028231245175e-07,9.172900377052429e-07,0.0,0
4,BraTS-GLI-01217-000,30,random_control,9.0,1.133565092459321e-05,9.410030907019973e-05,0.0,0
4,BraTS-GLI-01416-000,110,random_control,8.0,0.005986382253468037,0.01893504522740841,0.0,0
4,BraTS-GLI-01241-000,36,random_control,8.0,0.17004390060901642,0.5103016495704651,0.00016665277893508876,0
4,BraTS-GLI-00012-000,9,random_control,5.0,1.3136028931270971e-09,3.3167373292286584e-09,0.0,0
4,BraTS-GLI-01112-000,33,random_control,6.0,0.020366592332720757,0.1150718629360199,0.0,0
4,BraTS-GLI-00414-000,89,random_control,6.0,5.198952931095846e-05,0.00015085554332472384,0.0,0
4,BraTS-GLI-01079-000,13,random_control,5.0,1.634350077495128e-08,4.2888721907274885e-08,0.0,0
4,BraTS-GLI-01445-000,4,random_control,6.0,8.341598004335538e-06,2.5171109882649034e-05,0.0,0
4,BraTS-GLI-00109-000,5,random_control,8.0,6.158214205242984e-08,1.1239121988637635e-07,0.0,0
4,BraTS-GLI-01271-000,12,random_control,10.0,1.194363878631588e-11,2.7430054755361866e-11,0.0,0
5,BraTS-GLI-00064-000,48,conflict_positive,24.0,1.0068705869059613e-08,7.367381726908206e-08,0.0,0
5,BraTS-GLI-00064-000,78,random_control,6.0,1.6958956905455125e-08,2.2608444893990054e-08,0.0,0
5,BraTS-GLI-01135-000,5,conflict_positive,5.0,0.0567452497780323,0.2538374066352844,0.0,0
5,BraTS-GLI-00608-000,4,conflict_positive,6.0,0.003202979452908039,0.01696501113474369,0.0,0
5,BraTS-GLI-00028-000,5,conflict_positive,8.0,6.166642307903203e-09,1.2604056465193025e-08,0.0,0
5,BraTS-GLI-00540-001,3,conflict_positive,8.0,3.37145561468688e-10,9.265961331550443e-10,0.0,0
5,BraTS-GLI-00331-000,1,conflict_positive,8.0,1.9179113158740435e-11,3.8962631732086805e-11,0.0,0
5,BraTS-GLI-00612-000,13,conflict_positive,10.0,4.5112295765648014e-07,9.763384696270805e-07,0.0,0
5,BraTS-GLI-01207-000,4,conflict_positive,9.0,0.48834508657455444,0.9999996423721313,0.0012505862122870095,0
5,BraTS-GLI-00387-000,14,conflict_positive,8.0,1.9220665059549447e-09,3.4305103202569853e-09,0.0,0
5,BraTS-GLI-01430-000,50,conflict_positive,8.0,2.4369643369936966e-07,3.1592094273946714e-07,0.0,0
5,BraTS-GLI-01221-000,331,conflict_positive,5.0,0.052303992211818695,0.16107919812202454,0.0,0
5,BraTS-GLI-01221-000,7,random_control,24.0,1.7287868914195315e-09,2.3762600775967258e-08,0.0,0
5,BraTS-GLI-01236-000,21,conflict_positive,6.0,3.554112709025503e-06,1.9075632735621184e-05,0.0,0
5,BraTS-GLI-01236-000,37,conflict_positive,6.0,0.006843911949545145,0.0302666574716568,0.0,0
5,BraTS-GLI-01128-000,4,conflict_positive,6.0,1.0034394648528178e-07,1.4767293521344982e-07,0.0,0
5,BraTS-GLI-01230-000,31,conflict_positive,5.0,9.228049748344347e-05,0.0003614804591052234,0.0,0
5,BraTS-GLI-00457-000,7,conflict_positive,6.0,0.264001727104187,0.6592872142791748,0.00010938525486764385,0
5,BraTS-GLI-01498-000,46,conflict_positive,8.0,9.448539173284587e-11,5.161210347992551e-10,0.0,0
5,BraTS-GLI-01498-000,47,conflict_positive,10.0,8.295738318508938e-09,1.925235082467225e-08,0.0,0
5,BraTS-GLI-01317-000,7,random_control,5.0,5.841550576590748e-10,2.5675506165612205e-09,0.0,0
5,BraTS-GLI-01053-000,50,random_control,8.0,3.0312818227740124e-12,1.2247911018725688e-11,0.0,0
5,BraTS-GLI-01053-000,42,random_control,6.0,2.572533230704721e-05,5.6267854233738035e-05,0.0,0
5,BraTS-GLI-01157-000,9,random_control,8.0,0.2668900489807129,0.8634696006774902,0.0011911852293031567,0
5,BraTS-GLI-01213-000,78,random_control,8.0,4.768634607899003e-05,0.00024651072453707457,0.0,0
5,BraTS-GLI-01193-000,15,random_control,10.0,6.391283386619762e-05,0.0003247385029681027,0.0,0
5,BraTS-GLI-01217-000,30,random_control,9.0,0.001470108749344945,0.013157020322978497,0.0,0
5,BraTS-GLI-01416-000,110,random_control,8.0,0.5472984910011292,0.8922536373138428,0.0007403568520026653,1
5,BraTS-GLI-01241-000,36,random_control,8.0,0.3245372176170349,0.9234859347343445,0.00045791040219796993,0
5,BraTS-GLI-00012-000,9,random_control,5.0,1.1745502348503578e-09,2.785806030303206e-09,0.0,0
5,BraTS-GLI-01112-000,33,random_control,6.0,0.18589907884597778,0.7296925187110901,0.00023348120476301658,0
5,BraTS-GLI-00414-000,89,random_control,6.0,0.9728196263313293,0.9999723434448242,0.002652519893899204,1
5,BraTS-GLI-01079-000,13,random_control,5.0,1.8567231307997645e-08,2.6676833186911608e-08,0.0,0
5,BraTS-GLI-01445-000,4,random_control,6.0,6.882238722027978e-06,1.9788836652878672e-05,0.0,0
5,BraTS-GLI-00109-000,5,random_control,8.0,1.348646492260741e-06,3.180599378538318e-06,0.0,0
5,BraTS-GLI-01271-000,12,random_control,10.0,9.542537766915604e-12,2.6980492492945096e-11,0.0,0
