epoch,train_loss,val_pooled_dice,val_per_subject_dice,val_per_subject_std,epoch_time_sec,peak_mem_mb
0,1.2030363380908966,0.7448070718692638,0.6735660058352283,0.24079294136622312,686.8468070030212,2430.283776
1,0.4581994677477695,0.8133534015843309,0.7811733959465775,0.17555454743612778,644.7567539215088,2430.283776
2,0.299663098410089,0.8571101298544996,0.8262251269589557,0.13931809786807256,672.747481584549,2430.283776
3,0.26439042695870635,0.8736473777459014,0.8358629470715656,0.16473156432749478,627.8423707485199,2430.283776
4,0.24225725328668635,0.8682313211829392,0.8540062389152142,0.11665096546879798,494.66286182403564,2430.283776
5,0.22915953741217335,0.8721463368761593,0.8271311849011805,0.18196230528305748,494.94977045059204,2430.283776
6,0.21721461690064017,0.8721656993420581,0.8435290972906302,0.14886481889275,597.3836283683777,2430.283776
7,0.21035845107431952,0.9032860179460558,0.8830437827152222,0.11344217900045674,676.5584487915039,2430.283776
8,0.20836131068620276,0.9033209060136378,0.8829579422097531,0.10419410722170791,689.2094612121582,2430.283776
9,0.20210302615842074,0.9022375467670718,0.8840995601448012,0.08705393489326092,667.3243291378021,2430.283776
10,0.19585153677150713,0.9051242159012082,0.8863096325519025,0.09914697850424573,756.1583995819092,2430.283776
11,0.19166312546383404,0.9036012974581781,0.8881806241953135,0.08374145893390317,662.3389527797699,2430.283776
12,0.18738020745152278,0.9023483476169618,0.8828231670428343,0.09610793541325552,691.5669603347778,2430.283776
13,0.18750023028106555,0.9026609183580898,0.8806995430878183,0.11716143073674454,680.4459612369537,2430.283776
14,0.18482134554614413,0.9080051700010939,0.8923155602662837,0.09019055452171201,662.7536578178406,2430.283776
15,0.18077859578403174,0.9024627957224768,0.8795237691679545,0.11847428964234528,674.1839423179626,2430.283776
16,0.17581332918811352,0.9106220443783942,0.8866155216780356,0.11582546594695398,490.4652819633484,2430.283776
17,0.17627741245830314,0.9075824320828317,0.8845487921298345,0.12108541294345154,484.37973380088806,2430.283776
18,0.17354412535403638,0.9123132903353788,0.8947254217554538,0.09205086317389125,481.92783308029175,2430.283776
19,0.17150583094421853,0.9124689479155889,0.8958838282043123,0.08565553044759998,484.2077167034149,2430.283776
20,0.16997292244159584,0.9153558506952945,0.8980656356568206,0.08767244323876118,484.24166798591614,2430.283776
21,0.16917800147694054,0.9157716552019913,0.8997606522222982,0.08280202011276404,623.0779399871826,2430.283776
22,0.16772671923675436,0.9146868826250973,0.8994267889863974,0.08402183998617575,502.2267360687256,2430.283776
23,0.16608118197173938,0.9153285160914595,0.8994297355823956,0.08228074319120683,484.0088384151459,2430.283776
24,0.16618815481874114,0.9157626675614566,0.9005257196361104,0.07587388802274805,485.51787424087524,2430.283776
25,0.16474213329612786,0.9164764190948036,0.9015590804561677,0.07713930252596679,481.25257396698,2430.283776
26,0.1646141361788655,0.9174998405031588,0.9022707222552137,0.07897634157443663,482.4670045375824,2430.283776
27,0.16513089917547313,0.9173033591449598,0.901781176979898,0.08012921116759116,482.61320328712463,2430.283776
28,0.16438531648394064,0.9172687574420294,0.901522781232331,0.08133173219803143,482.00607347488403,2430.283776
29,0.16384895774700964,0.9170867023816412,0.9012450835573609,0.08116285299067669,482.9846656322479,2430.283776
