epoch,train_loss,train_dice,val_loss,val_dice,val_iou,val_f1,val_hd95,val_ece,epoch_time_sec
0,0.6705259714566224,0.08740357719097577,0.5785862617194653,0.42833936773240566,0.2741150837391615,0.42833902065299845,13.047912247818491,0.3655048998252605,253.99759125709534
1,0.5203428820092627,0.6505647686356348,0.47121090814471245,0.7238276563584805,0.5695398636162281,0.7238271592859333,3.4656950100896244,0.298458078915719,249.62675046920776
2,0.3979376457261701,0.7231266363292721,0.34213458001613617,0.5963889081031084,0.42751835472881794,0.5963884742724175,9.861534465841153,0.22958159856311983,249.14592671394348
3,0.27720262850007266,0.8201024375908764,0.2270932300016284,0.8521090485155582,0.7446891814470291,0.8521085564105481,2.3418689157302777,0.19428105921674435,248.37507843971252
4,0.20300011009189253,0.8515886237435307,0.1814519725739956,0.856081061065197,0.7501140423119068,0.8560805677109885,1.9767486817904218,0.16927227688953275,249.805438041687
5,0.1676565724695828,0.8681994892181234,0.16724538803100586,0.8357981257140636,0.7192046903073788,0.8357976291442711,2.907859114472017,0.15370591046288612,248.54852271080017
6,0.14635415438641894,0.8786775486689087,0.15172540862113237,0.8189776912331581,0.6948228180408478,0.8189772054229664,2.629993018851035,0.13802088876720517,249.02104926109314
7,0.12984357156017992,0.8894265281393173,0.12560269748792052,0.8793360218405724,0.7860604226589203,0.8793355333178778,2.4163088020780554,0.12311685383925212,248.366215467453
8,0.11785264936744744,0.8910958661255262,0.11727905971929431,0.8683285377919674,0.7686544992029667,0.8683280400220375,2.0174993354569652,0.11312493183137845,248.98270726203918
9,0.10821875501820381,0.8928607977028434,0.10669734282419086,0.8676650784909725,0.7681096196174622,0.8676645934603426,2.19119767971207,0.10182637041201809,249.15749168395996
