pair_id,role,subject_id,comp_id,size,sep_raw,sep_E1,sep_E2,sep_E3,sep_E4_BN,sep_D3,sep_D2,sep_D1
0,missed,BraTS-GLI-00054-000,32,6,1.3509005308151245,2.931186222429887,0.4813701628631204,0.5300790370006361,0.8986961630145666,0.6873956149261603,0.3509161588310668,4.003560535472761
0,detected,BraTS-GLI-00378-000,2,5,1.405492901802063,2.0042410426674477,0.5473207375614161,0.8447826390856009,0.6703352293431369,0.6389376260794474,0.6129780402995614,2.0166261457449974
1,missed,BraTS-GLI-01414-000,1,5,1.08869469165802,0.8807120346345385,0.6688718748206106,0.9380650278446525,1.143011840031534,0.8325486711927136,0.4752338307243326,0.9894914647196619
1,detected,BraTS-GLI-01145-000,3,168,1.8930023908615112,1.835883625711042,0.46708433276431266,0.45267727735692553,0.3966293178998867,0.4591576992170108,0.5107096994465414,1.3848782249405118
2,missed,BraTS-GLI-01282-000,5,7,0.8893051147460938,1.000168358642443,0.5589326056076843,0.5074678526984321,0.9012522094003561,0.8024637954146563,0.4341211343912259,0.8345660814335771
2,detected,BraTS-GLI-00310-000,100,6,0.8382503390312195,0.7997477370526104,0.43365514914710895,0.8732719677483036,0.7840198514400487,0.8236329134778296,0.5276368817802592,0.8384287715992371
3,missed,BraTS-GLI-01431-000,4,6,0.6572895646095276,3.458290331575475,0.5785342852274576,0.5535078741936076,0.642390606946218,0.5325466958521753,0.6949500438166736,0.7033716804848152
3,detected,BraTS-GLI-00352-000,5,8,0.6349864602088928,1.4192504479449348,0.4761843087894761,0.6453118316718089,1.0039361366854038,0.6695568059256178,0.35431226988882153,1.2781998769274538
4,missed,BraTS-GLI-01493-000,3,9,0.9803722500801086,1.2700822958269644,0.3262398807492345,0.3789138818339195,0.6163303607429608,0.3107916169489508,0.469023864543286,0.8483305618890749
4,detected,BraTS-GLI-01390-000,2,7,0.9261111617088318,0.7617521609518171,0.37944345784898215,0.4401817420435753,0.9088420760819766,0.5295231197615845,0.4962464306940124,1.0309415546018523
5,missed,BraTS-GLI-01135-000,12,23,1.6071010828018188,2.1259612161195935,0.6051928849357591,0.3530577226611065,0.3564239289376178,0.25684501120318476,0.40215946878801306,1.9345510284776046
5,detected,BraTS-GLI-01216-000,30,26,1.2530966997146606,1.5242146554675977,0.4062051969883883,0.25394008154293274,0.20635348264876735,0.1723209706412184,0.25297409439518165,1.4196281171362917
6,missed,BraTS-GLI-00806-000,10,8,0.600858747959137,0.6798059392441552,0.36813398389094615,0.5817692295752923,1.1091366679367518,0.6398111630983774,0.34497176310118544,0.4234999623593024
6,detected,BraTS-GLI-00353-000,2,8,1.704264760017395,2.347057735398346,0.4771441407594306,0.47229683159768115,0.9243088502146708,0.7020906597408603,0.5777185214599659,2.7143235609384453
7,missed,BraTS-GLI-00239-000,56,7,0.855485737323761,1.3113715860189161,0.5876705271714944,0.5196625444035546,1.0000001137636914,0.7149707297799209,0.334984407450889,1.2119275093078614
8,missed,BraTS-GLI-00112-000,21,20,0.5842114686965942,0.5878932908520326,0.2897748243277451,0.2821471691131592,0.24639241228336248,0.30219590930584134,0.2438926135998325,0.6191442446300607
8,detected,BraTS-GLI-00352-000,3,35,0.8056932091712952,0.6550172526163254,0.36195985750447207,0.3294948787024652,0.5121010662430149,0.36990584932089793,0.4492501093875329,0.7025540296675644
9,missed,BraTS-GLI-01237-000,96,11,0.8597050905227661,1.0446750522513975,0.5465528642077394,0.46013852419149803,0.6607303619384766,0.5587342978972982,0.27001722009520257,1.2252499303955982
9,detected,BraTS-GLI-00105-000,10,8,0.9108378887176514,1.1394234185602665,0.6161083254214361,0.6821879256072643,0.8355614542961121,0.7730564976917887,0.39559595696487243,0.8180292017348121
10,missed,BraTS-GLI-01496-000,2,22,0.9094632863998413,1.152992115392197,0.6261338888476096,0.435276404066676,0.6482310891151428,0.3697376503964141,0.390293481252699,1.1826169967651368
11,missed,BraTS-GLI-01422-000,17,8,1.8200600147247314,2.1991278994903674,0.4170512733747383,0.19700497397460076,0.27660490281909306,0.1570474140964745,0.28167441303955804,2.0964162264492567
11,detected,BraTS-GLI-00683-001,36,7,1.8204619884490967,2.251069757958872,0.38774085235698846,0.6467029075467391,1.0906881977365148,0.5620237183319168,0.5586730903790281,5.597314940007633
12,missed,BraTS-GLI-00656-000,1,4558,0.7936152815818787,1.751550788726321,0.5536990165710449,0.3057942045029887,0.12160331030958706,0.3444176032244102,0.6197218343183237,1.5352353718864284
12,detected,BraTS-GLI-01367-000,3,3957,0.8030790686607361,0.9177980339555365,0.34176939725875854,0.29540568711849363,0.19678926308792571,0.34277182576692977,0.4448670412905379,0.8620225896556502
13,detected,BraTS-GLI-00608-001,12,9,1.619206190109253,2.0125944369361415,0.8616966485232214,0.4952339231967926,0.8429191868611431,0.37816137388338,0.3597285652408646,3.7310613407612854
15,missed,BraTS-GLI-00012-000,6,6,0.8993834257125854,0.9051661176946394,0.49524323653426666,0.6467211876813531,0.8296941361972797,0.584123603825799,0.3725884583266879,0.8056102798775407
15,detected,BraTS-GLI-01281-000,7,8,0.8473376631736755,1.6551246207601855,0.40283598957505284,0.5594126761502551,0.30663704405737685,0.48131852718251694,0.4119203690075386,1.2107074743439339
16,missed,BraTS-GLI-00012-000,28,20,0.7526482939720154,0.6546120352136098,0.4186921508261008,0.39099765836836814,0.48552983082614015,0.3870528071480655,0.5262254656770498,0.7374389073949595
16,detected,BraTS-GLI-01446-000,4,33,0.8932576179504395,0.9920015694306876,0.5849849337605579,0.8503379765263643,0.4200233833090395,1.0269072926436549,0.5746533422192217,1.4547804279472563
17,missed,BraTS-GLI-00414-000,9,11,1.0626293420791626,2.7014117927970034,0.4817345913466632,0.33084629329310056,0.5090267600196355,0.27013710497092874,0.2970601577535378,3.3900607071171014
17,detected,BraTS-GLI-00999-000,8,9,0.9643532633781433,1.284917789121664,0.46674237445523903,0.38440707828258575,0.5953546205760335,0.36685796799942155,0.3234436313311259,1.2147364616394043
18,missed,BraTS-GLI-00414-000,22,5,1.0821880102157593,1.0306348350835897,0.36456915843298304,0.5279180549546583,0.759487386094618,0.5741038995695832,0.37984815092872654,0.6391026764875465
18,detected,BraTS-GLI-00654-000,4,6,1.1472694873809814,2.0138028294520693,0.7503565150147502,1.167112874204573,0.859977419687367,1.2865579599936696,0.5851793581986618,2.292884227838256
19,missed,BraTS-GLI-00414-000,25,12,1.2755345106124878,1.401229383195473,0.38944806300744655,0.38646864398699354,0.8299200866904836,0.32726751816251076,0.32693973168278934,0.9754878894469601
20,missed,BraTS-GLI-00414-000,28,6,1.121564507484436,1.428217961367816,0.4934341827368826,0.47144485647367457,0.6255806591112184,0.5302403250090143,0.5153971172348686,1.4917357837273089
21,missed,BraTS-GLI-01003-000,10,29,0.8198473453521729,0.900486805985566,0.4106760920439432,0.3352910618714038,0.2377221853735279,0.27635481380498167,0.23657902441056353,0.9521409187808731
21,detected,BraTS-GLI-01221-000,127,5,1.5747838020324707,1.4770392946854694,0.49228086892227146,0.501206559772753,0.840100212279928,0.4547926979763685,0.3788518918770022,1.7664125993079218
22,missed,BraTS-GLI-01053-000,2,17,0.8004249930381775,0.8252406043462175,0.5863288357836273,0.6986552761222415,0.6658130455611972,0.8087075036618191,0.5562794039353848,0.8511811166203682
22,detected,BraTS-GLI-01053-000,29,21,0.6851463317871094,0.8860305212400263,0.39502947671072824,0.36004641717213026,0.45558853763935786,0.3692778698125452,0.31003852270616145,0.7044471649532686
23,missed,BraTS-GLI-01053-000,9,7,0.8729133009910583,1.144152383207214,0.6475819246514055,0.7958068975290691,0.6811626996086809,0.7477341233474952,0.621411878513836,0.6792002651085768
23,detected,BraTS-GLI-01531-000,5,8,0.9758817553520203,0.8523027418701361,0.6640285198137795,0.5210535458343146,0.9337787027541227,0.48180236218183864,0.48157081629067716,0.8188473911482735
24,missed,BraTS-GLI-01053-000,42,6,0.9643552899360657,1.1482680915180414,0.5744910726188224,0.341363225910782,0.9999997974395954,0.3670172366135028,0.3607215726659918,0.812972591309294
24,detected,BraTS-GLI-01023-000,2,6,0.9912722706794739,1.6419107186089361,0.531258670193628,0.5908929102970961,0.5478300420721828,0.5391514902535602,0.4623642981250323,2.2588333044840847
25,missed,BraTS-GLI-00746-000,1,9343,0.7597030997276306,0.7637955568391552,0.5713396072387695,0.27594003228073516,0.16872023073595194,0.3099832430081668,0.5682061314582825,1.4178183323434201
25,detected,BraTS-GLI-00221-000,1,5490,1.2759342193603516,1.7844785155757263,0.4886116683483124,0.2779367837038907,0.14154660813084224,0.31486741391175627,0.43679769950711644,1.6285006156696393
26,missed,BraTS-GLI-01292-000,3,5,0.46276578307151794,0.7201200366731407,0.5036158348103221,0.3994912662946035,0.5998596427987287,0.4337987002284067,0.2651384061366964,0.842401275037638
26,detected,BraTS-GLI-01135-000,10,6,0.5881614685058594,0.6790585103632122,0.3715093125748273,0.6320045139443985,0.5210724248112595,0.5920537624762899,0.37981343328188116,1.051644328538241
27,missed,BraTS-GLI-00999-000,10,11,1.1369844675064087,1.3128738104323185,0.345858428804561,0.6824423835213592,0.8743446425620246,0.5049643302464605,0.4402015912515262,1.4527869754975633
28,missed,BraTS-GLI-00154-000,25,7,0.6048963069915771,0.654921608999533,0.3913537863458939,0.4308196907433853,0.47282282422047756,0.4885638134796342,0.6806596564903183,0.5223986570456529
28,detected,BraTS-GLI-01430-000,29,5,0.2260999083518982,0.5634985835875078,0.6010581453563523,0.6649241659398584,0.5250741169983681,0.6427864425963,0.5713196924364304,0.2841389894485474
29,missed,BraTS-GLI-00151-000,4,37,0.6371163129806519,0.6068603101307878,0.5326616195379532,0.3687079491647028,0.7060629539355999,0.3573959153290351,0.35793023363983584,0.5069963262478225
29,detected,BraTS-GLI-01003-000,22,26,0.6289348602294922,0.54614874383719,0.5113430898081861,0.5828361148968155,0.5900305489780274,0.6171163569458912,0.4158134408142505,0.8378464016807999
30,missed,BraTS-GLI-00151-000,16,48,0.5746737718582153,0.4365718004484673,0.32270616696908844,0.44409584298491855,0.4763099376696354,0.41252638056416346,0.30060811488414296,0.2888081686861856
30,detected,BraTS-GLI-00814-000,2,72,0.5086740851402283,0.547551541072553,0.6229017101462483,0.7599962628124665,0.41336873164952276,0.6356611467257708,0.7709043431285488,0.8179107911369785
31,missed,BraTS-GLI-00532-000,22,65,0.988603949546814,1.8971836841963254,0.675634825835915,0.5304832863761316,0.7125221737449773,0.6903883145035176,0.8455461328552799,3.7106504577927493
31,detected,BraTS-GLI-01003-000,25,94,0.969779908657074,0.9998721490761325,0.5424086145276301,0.5571900187703395,0.3446339491433579,0.5667687076463046,0.5062952045686139,1.0881921486527428
32,missed,BraTS-GLI-00532-000,35,43,1.1044749021530151,1.5867503863458663,0.5613784466763525,0.261505416330612,0.34084273629755707,0.21251488006516797,0.3154557582009945,1.33254150385774
32,detected,BraTS-GLI-01299-000,3,39,1.1271036863327026,1.1605461593205322,0.8162993099974821,0.6472640915063054,0.991680589058862,0.6724238075324994,0.6549389933515124,1.568654893775119
33,missed,BraTS-GLI-01216-000,81,9,1.2459685802459717,1.0278048449547523,0.4154078606008074,0.3995456242388015,0.4747839739912799,0.4821056160502521,0.3724569202935273,1.2461549515805666
33,detected,BraTS-GLI-01053-000,44,9,1.2423213720321655,2.5129784288853276,0.5408005809368301,0.4386166155655456,1.037795364979311,0.312586437414061,0.4052645255437851,2.563565170811284
34,missed,BraTS-GLI-01080-000,2,184,1.0420808792114258,1.206162592948904,0.6316351636102719,0.22622647480543703,0.23182517290115356,0.22597426530482803,0.4269293679767998,3.320663180635218
34,detected,BraTS-GLI-00109-000,10,147,1.0892442464828491,0.8287109758526044,0.5327510833740234,0.4562548724087802,0.1869947768969328,0.5168935401807724,0.40265151563263246,0.9055771603069348
35,missed,BraTS-GLI-00612-000,8,2094,0.5225049257278442,0.8803372406494777,0.6025822758674622,0.3858222154513868,0.14690663481287825,0.405717710924445,1.0759145382096993,3.4611297414970874
35,detected,BraTS-GLI-00570-000,5,1499,0.5526689887046814,0.49610414750076,0.5731858015060425,0.37571063542965216,0.22222411152822605,0.38545703887939453,0.7938532354178731,1.235957293701197
36,missed,BraTS-GLI-01051-000,22,12,1.4796446561813354,2.022998046875,0.5600062130664838,0.5465157471691704,0.8101690788500564,0.40113678841900074,0.5191398690051473,1.5494843776477154
36,detected,BraTS-GLI-01037-000,29,7,2.0605685710906982,2.439428485146056,0.5531034493840934,0.757178888965424,0.5093016879323893,0.8559584021568298,0.6292745046994183,11.296463966369629
37,missed,BraTS-GLI-01051-000,117,23,1.2241206169128418,1.8455777903376052,0.32217808897817685,0.34372084751042903,0.5740230617930879,0.33534282339374066,0.3382907858393148,1.5291757218535058
38,missed,BraTS-GLI-01051-000,124,6,1.1376521587371826,1.2579869117670968,1.2786677650554545,0.5514281391588932,1.0166885849770348,0.6590404440779518,0.6216705167694949,1.001447582244873
38,detected,BraTS-GLI-00111-000,23,9,1.109721064567566,1.0205978588249167,0.6596530712509922,1.0145240759778926,0.8077395078763909,1.3128666365807622,0.43157640664554275,1.051563765246034
39,missed,BraTS-GLI-00300-000,4,14,1.7080259323120117,3.2331890587239176,0.6059910562033907,0.30642061892268097,0.6387808966433117,0.2997271419562174,0.4301206435808349,2.372550057602126
39,detected,BraTS-GLI-00416-000,2,16,1.67206609249115,2.1420113066849886,0.7428543795082106,0.32832080378011885,0.44851775419057033,0.31189822707457393,0.42704693971495256,4.395346183993032
40,missed,BraTS-GLI-00117-000,8,9,1.4425376653671265,1.6492313212938365,0.6224771698275693,0.5543248312262773,0.8969833585951064,0.4788636625435255,0.3599633125871275,2.715399424973892
40,detected,BraTS-GLI-01418-000,11,8,1.309316873550415,1.6587537339786957,0.42887596400188105,0.37710339303191,0.0,0.41813857499969065,0.4540120702299583,1.5484125137329101
41,missed,BraTS-GLI-00283-000,3,12,2.4238574504852295,2.209788292162063,1.4990081629878076,0.5055329998405954,0.6502681361591413,0.4872356007596666,0.2934293772438727,3.195443039229486
42,missed,BraTS-GLI-01419-000,7,9,0.9594952464103699,0.9984822188440635,0.4937381585983434,0.5731490486714752,0.8222229288985182,0.6551104037706849,0.5887516689323502,0.8715832278221691
42,detected,BraTS-GLI-00352-000,4,8,1.0087395906448364,0.7821715643681773,0.4538785563715677,0.28060584532838456,0.0,0.2820563118836709,0.46784690854811056,0.6601687001400968
43,missed,BraTS-GLI-01419-000,23,6,1.3754318952560425,1.7045516817999045,0.5162503944212387,0.741282349033159,0.9528649489786841,0.9261336219365998,0.4408329567264129,0.6018272199624463
43,detected,BraTS-GLI-01003-000,14,5,1.3242920637130737,1.6343356384359775,0.9080417833869363,0.6792033477548309,0.5478656036673589,0.7005754727195864,0.6302689832335331,1.1549082696120698
45,missed,BraTS-GLI-01514-000,1,5,0.6064901351928711,0.835905105718626,0.4845942355257969,0.6821458224340039,0.9319617426835389,0.7241313579278926,0.4191328410068843,0.6114710135388064
45,detected,BraTS-GLI-01263-000,57,5,0.687889575958252,0.6567960038253963,0.6729854237052828,0.9205546631817358,0.4773740198062332,1.0301603101171872,0.5283210137409193,0.8471743300734689
46,missed,BraTS-GLI-01514-000,36,8,1.7509840726852417,0.9341797553284478,0.7665620245215802,0.48849908260432195,0.6846204333835177,0.4767453493438556,0.514851069186338,0.6561210715787142
46,detected,BraTS-GLI-00053-000,2,7,1.8511830568313599,2.5529785743447286,0.40258083708139747,0.7923992353967874,0.9456859226017509,0.5362879112883107,0.6856354236602783,6.269037139717103
47,missed,BraTS-GLI-01514-000,37,13,1.0235239267349243,0.5526534443991593,0.4864549871304318,0.5120098624334651,0.41033779479334637,0.5338475250246779,0.604177350692607,0.6455476511960093
47,detected,BraTS-GLI-01473-000,13,14,0.8063955903053284,0.5767161667182096,0.3443810799211498,0.544342698397969,0.6647596009147001,0.498461065225372,0.3009093936848379,0.3829198629047997
48,missed,BraTS-GLI-01246-000,65,5,1.285527229309082,1.4466373373725228,0.5570856066956361,0.8472688946152918,0.5797661594079776,0.8257343195526423,0.4789484520016502,2.361825902924274
48,detected,BraTS-GLI-01270-000,75,8,1.064450979232788,1.0108802633406255,0.4169658499574793,0.5271248665662437,0.902161302988737,0.4894219491663116,0.3554411368348853,1.3178521372467875
49,missed,BraTS-GLI-00025-000,1,4498,1.129910945892334,1.1371780281324404,0.7758192420005798,0.39278114837630324,0.15852710575985357,0.41668831599138023,1.3958906352025513,3.909657080957569
49,detected,BraTS-GLI-00705-000,1,3317,1.2008256912231445,1.4617995459780169,1.0779110193252563,0.4531917916136616,0.20829396470176584,0.44525742839607596,0.8197278380393982,2.573271569120054
50,missed,BraTS-GLI-01151-000,2,178,1.3115652799606323,1.6460530922004863,0.7536323070526123,0.43519953839214415,0.41726795601808664,0.4156527498605325,0.9404963396064402,4.272982921927648
50,detected,BraTS-GLI-00111-000,34,117,1.3078995943069458,1.4505284671618395,0.4112905923560878,0.30651604304982794,0.28988150696953335,0.35269605556672134,0.29248559837619864,1.2332431683036085
51,missed,BraTS-GLI-01663-000,5,26,0.8319783210754395,1.031133862290773,0.6015650885445731,0.42037135689094346,0.39014777913588644,0.402790187428938,0.5916022376475503,1.3327656745910645
51,detected,BraTS-GLI-00292-000,26,33,0.7993475198745728,0.7194848293151901,0.3641868718851783,0.35318630215012337,0.40595459040736226,0.3764079400142612,0.4323867823534085,0.7250173233693691
52,missed,BraTS-GLI-00051-000,2,6,1.0349878072738647,0.6684697821584189,0.6753533135951947,0.7658778551151597,0.6576149791794516,0.7409724559003772,0.47076817124687637,0.5743815244990116
53,missed,BraTS-GLI-00111-000,4,6,0.803091824054718,1.0358355094195106,0.49350501984789474,0.6404397944217043,0.926845908164978,0.4389140902403578,0.283058171082019,1.3451284985148106
54,missed,BraTS-GLI-00111-000,28,7,1.252426266670227,0.9139949790810001,0.5728322189240264,0.5385680089284758,0.7527383853089387,0.5426086236639,0.5515695135822782,1.145151870823231
55,missed,BraTS-GLI-00111-000,57,39,0.7894392013549805,0.8065726693226812,0.43428356306893484,0.24472071156007408,0.35793255142915487,0.20440730771164667,0.3264736358561339,0.3283735312916126
56,missed,BraTS-GLI-01207-000,4,9,2.0153658390045166,2.37691650390625,0.7151061822702758,0.5687761021500695,0.8970053845806528,0.828381743466192,0.5399146676063538,2.4761265610804983
57,missed,BraTS-GLI-01213-000,32,5,0.5050126314163208,0.6755300680175003,0.44555408288573284,0.5975044638002924,0.6951462923203281,0.4787850193100558,0.3882845100847328,0.5464315993663639
57,detected,BraTS-GLI-01379-000,4,5,0.3901612460613251,0.6960250705649218,0.5455925557828702,0.580448082086545,1.0000000866486543,0.5150840848214745,0.37716371621506345,0.6454999864087968
58,missed,BraTS-GLI-01202-000,8,9,1.01575767993927,1.6293036864904735,0.360903196412566,0.35133685794218195,0.6109985802601174,0.31296960127147166,0.38599826087170463,0.9016314713979732
58,detected,BraTS-GLI-00136-000,5,9,0.9671281576156616,1.2337876031686499,0.34221910055635535,0.2427326164261382,0.502840742499926,0.2385190320284897,0.3762463826617742,1.2956975911639834
59,detected,BraTS-GLI-01237-000,49,7,0.9154267907142639,1.3711928292077102,0.30714125262744557,0.28208274689433976,0.5225307644972733,0.23599301926731153,0.4632154880625384,1.4566775560379028
60,missed,BraTS-GLI-01508-000,4,8,0.6961881518363953,0.8133525746722663,0.35572619713465203,0.5751869406394906,0.7321804669242715,0.5899718744624559,0.5245894248727301,0.7490354719119494
60,detected,BraTS-GLI-01237-000,70,5,0.7373126149177551,0.8620309750263319,0.6024398143489671,0.7616928018626222,0.624899138973378,1.0651723108355409,0.5253731678227304,1.2415463239042972
61,missed,BraTS-GLI-00192-000,3,5,1.7658355236053467,2.09641439294098,0.48581476668663004,0.4727788909939691,0.5896463241765867,0.5393329751570156,0.4559366647382134,1.306457258746107
61,detected,BraTS-GLI-01082-000,33,5,1.6872694492340088,2.078944062583488,0.6475078014497736,0.47947938211103763,0.52080833702228,0.6330015961792748,0.46468714751782053,1.7430037857890999
62,missed,BraTS-GLI-01664-000,4,3529,0.969071626663208,1.1180634208083857,0.5797055909470007,0.23067475020818476,0.13207677029663634,0.14912584694949063,0.289394192523061,1.0371033187188974
62,detected,BraTS-GLI-00792-000,1,4110,0.9370147585868835,0.8641560539817812,0.7874484658241272,0.5900067288076563,0.26936957421972463,0.5935928034019843,1.1132945886383478,1.6295613491534595
63,missed,BraTS-GLI-01664-000,6,1710,1.3780792951583862,1.592617355105561,0.661977925417975,0.40714325681668295,0.19434400751815964,0.2962566390018476,0.5465948649598406,3.26403029605049
63,detected,BraTS-GLI-00009-001,1,1101,1.4090825319290161,1.4166695435295218,1.0777394771575928,0.5451483763191493,0.3357273953121502,0.5686811951606718,2.061083739771504,3.465153611285293
64,missed,BraTS-GLI-00292-000,46,6,1.027060866355896,0.5357684541871938,0.5975042049169292,0.5891058526023045,0.8715793475761292,0.6932367031773514,0.43963156072708454,0.6932722036270003
64,detected,BraTS-GLI-00133-000,8,5,0.9434838891029358,1.0632934225810848,0.5570181702946289,0.5662067731221517,0.9467138818095111,0.5564676325179766,0.44488753581532064,1.0814857836972616
65,missed,BraTS-GLI-01399-000,2,14,1.694745421409607,1.8571352991362624,0.5757377866872104,0.5681116246111321,0.9344821123237097,0.6170927047729492,0.41720315388270784,2.2327630566269074
65,detected,BraTS-GLI-01070-000,28,15,1.7008857727050781,2.534649206984766,0.5078284809506429,0.5372044900629547,1.0124031355648997,0.48093312978744507,0.4743871145984948,3.5433752588590783
66,missed,BraTS-GLI-00109-000,4,10,0.9001026749610901,0.5378293046897968,0.31294349557491286,0.5527610660276391,0.5942150974930753,0.6617198861978479,0.33497437154512677,0.550969357364834
66,detected,BraTS-GLI-01328-000,3,11,0.8724410533905029,1.1763377609019734,0.7358227621575729,0.5622105321504948,0.5262466529219573,0.5773358015159354,0.3638237281169346,1.130690783556863
68,missed,BraTS-GLI-00296-000,3,198,1.1222933530807495,1.1603401659063903,0.6712887027459957,0.4715065906178112,0.5768953289414971,0.4222255259882715,0.4621388115053219,0.21621884092184027
68,detected,BraTS-GLI-01263-000,22,235,1.112490177154541,1.375247115050833,0.5360837966965398,0.43860517353650746,0.21443626371756216,0.4350298400979156,0.4154471747376713,1.3014309559814592
69,missed,BraTS-GLI-00483-000,6,7,1.2149181365966797,2.5856654433296464,0.4713126977325913,0.46499848370295727,0.640682823764676,0.2614764931040183,0.2966130246786247,1.982211017322566
69,detected,BraTS-GLI-01246-000,37,5,1.1587128639221191,1.805339225968911,0.5453819984991983,0.5888703596456707,0.7270176957832152,0.47233284844292533,0.4917262677423139,1.6083924382039645
70,missed,BraTS-GLI-01289-000,2,13,0.9671825766563416,1.0171129929677392,0.6355682853706336,0.5958496322242446,1.044297695159912,0.5839536544623418,0.5001997639889499,0.9009320056751379
70,detected,BraTS-GLI-01216-000,41,14,1.0677409172058105,0.7715776734637217,0.45823406111374626,0.3062575070463326,0.45113118368044103,0.3467634552116756,0.39256227606220284,0.886124700088361
71,detected,BraTS-GLI-01072-000,16,10,0.6880769729614258,1.0118276404744815,0.2850076606791548,0.4578044658976758,0.8430796677346991,0.4369158756814055,0.4768431676277004,0.8100313503963976
72,missed,BraTS-GLI-00727-001,3,8,1.1173276901245117,1.2664347741646065,0.8099223267446113,0.7978062211680691,1.119225783743552,0.6113702973030476,0.549903813490043,0.4939254046705288
73,missed,BraTS-GLI-01209-000,42,8,1.171988844871521,1.7161585833727924,0.30311216910680133,0.5776785274723563,0.613486373382953,0.5645554094194882,0.44509452287184964,0.8851136787053622
73,detected,BraTS-GLI-01213-000,96,9,1.1103167533874512,1.1493957780021982,0.43184159502437913,0.3210598843632139,0.7448121532846418,0.3699107510877458,0.44422962098785135,0.9585238618420256
74,missed,BraTS-GLI-01070-000,8,6,0.9504864811897278,1.0099883938539165,0.7199987602229004,0.4744039609490651,0.7912951672828564,0.5700305495452979,0.3970483755001704,1.2192267201245408
75,missed,BraTS-GLI-01070-000,21,8,1.386582851409912,2.3280393853683523,0.5849897520882743,0.5589934258932205,0.7288675025300314,0.6235440224490817,0.5324922071370926,2.4114968346424495
75,detected,BraTS-GLI-01216-000,82,7,1.3691301345825195,1.885491611931751,0.3842622350713498,0.2904759955008783,0.8413472856794085,0.3875690967316137,0.5488776422570759,1.1642158634013153
76,missed,BraTS-GLI-00469-001,3,8,1.3369076251983643,2.4222885187907357,0.42092215806123096,0.553744897894922,0.6425119419600399,0.5413576367984891,0.6953066030500644,3.3710042207323934
76,detected,BraTS-GLI-01045-000,4,9,1.3893018960952759,2.317163384063725,0.6613830732230775,0.8528594044660275,0.9966579511509057,1.166780948638916,0.5202749947642807,4.731201987411263
77,missed,BraTS-GLI-00583-000,5,6,1.0853348970413208,1.3385013810486543,0.5195534150175978,0.7287208234706641,0.4918894085316695,0.7153848324813983,0.3732686401443632,1.3300494528615285
78,missed,BraTS-GLI-00134-000,21,6,1.0630388259887695,1.4527406709464794,0.6298385196335665,0.47091194226284644,0.8388473344541746,0.3060438013288766,0.2479267882874978,0.9601846737461222
79,missed,BraTS-GLI-00529-000,1,13104,0.8097153306007385,1.049110839469775,0.4398942291736603,0.23896365377803633,0.1361049794426063,0.271078766653191,0.41747698187828064,1.3718943267762707
79,detected,BraTS-GLI-00442-000,1,12854,0.7932801842689514,1.1998698637121519,0.6976128816604614,0.4178080863482498,0.1582635284432381,0.4647974235406516,0.6707045824604201,1.629830041164682
80,missed,BraTS-GLI-01082-000,41,6,1.7099483013153076,1.3930883817876765,0.42913088151125595,0.4135058767554722,0.3493219504809152,0.3138790931529301,0.3600737148481201,2.1367751766842753
81,missed,BraTS-GLI-00602-001,15,5,0.9272336363792419,1.0668282498320738,0.4695813820453882,0.4042239434577411,0.7006088320926278,0.5103074424654258,0.3747090612139021,0.6333953785108063
81,detected,BraTS-GLI-01291-000,16,5,0.9247836470603943,1.4675547937687308,0.4534638974212143,0.723201672810659,0.608333736429508,0.6464482998736372,0.3853847112114286,0.9550711080292097
82,missed,BraTS-GLI-01221-000,78,8,0.9622124433517456,0.7385982608575438,0.42839532038645595,0.3897696915574353,0.49730662566085126,0.34238730200091877,0.45509503287186365,0.7890096144862656
82,detected,BraTS-GLI-00414-000,51,5,1.0327187776565552,2.090982986735093,0.37308792587994044,0.48553503063985215,0.9585844448634556,0.47103777861750395,0.4613372765934891,1.621357218715544
83,detected,BraTS-GLI-00704-000,2,6,1.9732879400253296,2.9240673770556507,1.0019039596988422,0.5249904036451462,0.6977042348975001,0.36453178706429334,0.3643075770570582,7.2837687744660995
84,detected,BraTS-GLI-01143-000,6,8,1.0310921669006348,1.2043196788652575,0.8413606289331469,0.40349260068636933,0.4820185063701883,0.26640023604127344,0.471420051726289,1.345441507026738
85,missed,BraTS-GLI-00610-001,1,42,1.642979383468628,2.47387320548706,0.5367934921355262,0.20801859457168403,0.6470557497556986,0.19857410705826514,0.26401188603520526,6.205298982505953
87,missed,BraTS-GLI-01263-000,61,17,0.7918143272399902,1.360294220518697,0.39826641059919504,0.511725928752575,0.5929105258939075,0.38820065448752095,0.2850646686954158,1.560463447917388
87,detected,BraTS-GLI-01263-000,110,16,0.9399186968803406,1.0329573011347017,0.36614291603328847,0.5207463862037287,0.5864859797184677,0.436088047205876,0.46273248142015433,1.2068236295477923
88,missed,BraTS-GLI-01163-000,4,8,1.423277735710144,1.192905833161039,0.5086095812253235,0.4106366469407554,0.8610824284826744,0.6715995691078261,0.5127128366450957,0.5027935520123304
88,detected,BraTS-GLI-01270-000,17,8,1.50560462474823,1.6985100198943386,0.4876058919373368,0.33063764212545377,0.6614864471130636,0.29769594775716673,0.313064645216734,2.5237852699359085
89,missed,BraTS-GLI-01060-000,4,13,1.5388566255569458,1.2893706872199266,0.3535113853296413,0.352387050677639,0.4277808669304322,0.49144853436250635,0.33605133189162917,1.3587620820197062
89,detected,BraTS-GLI-00382-000,7,10,1.4286673069000244,4.087056216567897,0.4400957745403125,0.2908833096443499,0.4611118556535737,0.2898532796407133,0.34925919625037394,2.0814106409255895
90,missed,BraTS-GLI-01523-000,2,27,1.420324444770813,2.210644626163038,0.7541626487476063,0.7648629976923497,0.5534001468488138,0.7133461936245543,0.2968765428440486,4.332908240694536
90,detected,BraTS-GLI-00414-000,44,28,1.411845088005066,1.9623216533584278,0.317994405272465,0.37872205168584083,0.5481606126130816,0.3858808248658289,0.31808764818849194,1.4031225787270798
91,missed,BraTS-GLI-01523-000,8,6,0.7769659757614136,1.036143596481795,0.5879871054305865,0.5760086676783344,0.5404307411904761,0.41510380723829354,0.4573335647583008,0.8710844462366396
92,missed,BraTS-GLI-01345-000,3,17,1.3079456090927124,1.1158872298515106,0.4993569636929035,0.6278055288603827,1.061647846282443,0.7317458893519609,0.40665397378046897,1.0708987328923183
92,detected,BraTS-GLI-00608-001,14,12,1.3964388370513916,7.832468219843786,0.6034138896378224,0.5343930560336542,0.5849043979565024,0.4789600947652902,0.4299077957197291,9.590374166413511
93,missed,BraTS-GLI-00171-000,3,2489,0.9962721467018127,0.907737159747501,0.6817601323127747,0.3973271917503853,0.13091799264184859,0.38666462905834875,1.1583202049721812,5.896955777104708
93,detected,BraTS-GLI-01053-000,28,1445,0.9721305966377258,1.0289207288654192,0.42095543145777115,0.37740108470000555,0.1703607367339349,0.2731141064323164,0.31509622214082433,1.174771616947351
94,missed,BraTS-GLI-00171-000,12,23,0.7169952392578125,0.5853351792382052,0.6404241417201821,0.9015590166636803,0.6099472938988035,1.1300794259684521,0.5212471825735909,0.48976749290548555
94,detected,BraTS-GLI-01501-000,11,30,0.6883572936058044,0.7440201103095487,0.4684831383418506,0.38766624325013077,0.6177712959302185,0.4392139104033759,0.36700463823801416,0.8931764378160713
95,missed,BraTS-GLI-01049-000,13,5,1.0057317018508911,0.881324909897482,0.33118308884234676,0.44460488297968215,0.4797138736308731,0.47114356909433647,0.44622069227363825,0.8752792309767558
95,detected,BraTS-GLI-00054-000,13,5,1.1426515579223633,1.7830546502744464,0.4151061726625252,0.797224740139929,1.0000002610431546,0.7589445488545515,0.3407485246658325,3.088478536873
96,detected,BraTS-GLI-01241-000,19,12,1.4739793539047241,1.8002255219818568,0.6192791074201461,0.45734598458668446,0.8552382956975106,0.36352227811976867,0.3135167301759135,4.059859133630009
97,detected,BraTS-GLI-01411-000,8,37,2.251225709915161,3.775930241209864,0.6029926755665904,0.32486194966658255,0.4854798947200991,0.3193809432688476,0.2879343846875025,3.0180327892303467
98,missed,BraTS-GLI-01281-000,16,6,1.5329861640930176,1.5603610786944277,0.402858291267864,0.2992664464530601,0.7262914688491819,0.3165688933844728,0.2877190793602242,0.38542041661969395
99,detected,BraTS-GLI-00325-000,2,9,1.1099841594696045,1.5036621284889526,0.8204572541373116,0.7309449500091413,0.6663110717388101,0.8830183221252602,0.6710935466807044,1.3493547314229892
100,missed,BraTS-GLI-00172-000,1,224,0.9948886632919312,1.2171003383203756,0.4222603919376407,0.5188511028804327,0.36541792434676995,0.4667255763333224,0.392027692481226,0.5607379352466956
100,detected,BraTS-GLI-00414-000,23,244,1.1155126094818115,1.1732419905851512,0.5436124141107725,0.3003698825836182,0.2740135304951753,0.2587757434096388,0.44678137293741976,1.8016111959508176
101,missed,BraTS-GLI-00172-000,18,5,1.3716059923171997,1.761422224351727,0.5761696885633232,0.38892616010235204,0.7855536200772506,0.4065713293455406,0.5763287072148817,1.1081793686547252
101,detected,BraTS-GLI-01291-000,6,7,1.0121495723724365,1.3401676338414201,0.6075714772771242,0.4511572294206919,0.5776973402755395,0.34112756621611884,0.525084893656283,1.2436759072297456
102,missed,BraTS-GLI-00366-000,3,6,0.5500327348709106,0.588838296331915,0.5173203017075958,0.8787237884327985,1.0355956077575683,0.6608740224710115,0.46978692664400845,1.155799004373876
102,detected,BraTS-GLI-00494-001,4,10,0.6197041273117065,0.7742228208279862,0.6068350386882361,0.30416805337992114,0.4995163491548886,0.3948018204967531,0.46467728753474147,0.7128914088431607
103,detected,BraTS-GLI-00774-001,4,6,0.5756608843803406,0.7294093893914366,0.44349889123338304,0.8991554334624968,0.9615188086313746,0.9058142227019732,0.5826912999776649,0.8998032325655546
104,missed,BraTS-GLI-00201-000,18,7,0.6520218253135681,0.7457193635687119,0.4682383117863887,1.7147050114619515,1.043292330834442,1.6573227579097627,0.5149157175285161,0.8224105439901248
105,missed,BraTS-GLI-01257-000,2,5,1.5336389541625977,1.318926690665607,0.3113591494976926,0.8022750518291334,0.8988975882530212,0.9144058707750483,0.39408965447211197,1.46664671453576
106,missed,BraTS-GLI-01474-000,6,8,0.8820132613182068,0.7420502275247476,0.48486581444740295,0.724801984076038,0.49469907921268014,0.6220177749839506,0.49265837704548765,0.5877792163995645
106,detected,BraTS-GLI-00512-000,5,6,0.8417074680328369,1.078422276563677,0.4193378197019535,0.5616732373896616,1.1402610540390015,0.48550082709404163,0.37090877641086817,0.8377133369445801
107,missed,BraTS-GLI-01527-000,3,74,1.127406358718872,1.2376523058031084,0.5888433442264566,0.4790076553809368,0.31439256551254025,0.5159053831396736,0.6294062449269927,2.399870372490136
107,detected,BraTS-GLI-00109-000,9,65,1.0576921701431274,1.2175883145324347,0.5196805443762582,0.5008750702820599,0.2386436912878276,0.4536780277590893,0.3356876763205338,1.2426909065299216
109,missed,BraTS-GLI-01432-000,176,5,0.5891324877738953,1.0043036460876464,0.6440294892125153,0.6714842314954009,0.43588897979077396,0.3930856738123221,0.465468132513506,0.6858604424606098
109,detected,BraTS-GLI-01263-000,76,9,1.3335572481155396,1.6569170453136557,0.45976422641747894,0.44670929185970404,0.9858580211478611,0.3895289449653779,0.3465405758277233,1.914294141318814
110,missed,BraTS-GLI-00185-000,7,22,1.1396801471710205,1.6710445646273926,0.768490553403481,0.6495404315486318,0.8138707578816503,0.37813440307741175,0.43206215269886356,0.7447584629058838
110,detected,BraTS-GLI-01145-000,4,5,1.0879676342010498,1.6309855004528244,0.6698050995785055,0.8579356354168882,1.0969762943073946,1.0779998023256174,0.5678622540166961,1.2138698104799146
111,missed,BraTS-GLI-00185-000,9,8,1.168302059173584,1.0929684965194135,0.6862614363559566,0.6943581533736114,0.7007705936011657,0.5464530490636925,0.4503305970597763,0.9162944590331515
111,detected,BraTS-GLI-01146-000,2,5,1.0960519313812256,1.1054747323466871,0.7100255796273307,0.4936379172046121,0.5058921445796877,0.49438340454424945,0.43054338863917757,1.7518510007065538
112,missed,BraTS-GLI-01478-000,2,66,1.144838571548462,1.374674929435449,0.43836043038793227,0.5524328116158461,0.42197370933086936,0.6061775633344131,0.3998707184414126,1.2500673455854616
113,missed,BraTS-GLI-00327-000,2,9,0.8920669555664062,1.0723814998128791,0.5836978856710726,0.6476844543053644,0.9376406235302931,0.5966425269064426,0.4714219687190946,1.302149041864214
114,missed,BraTS-GLI-01475-000,21,9,0.8664773106575012,0.914599529360144,0.5387439885883305,0.29231846338341294,0.5752650748922998,0.2856102396520251,0.287052592478844,0.6632274418360211
114,detected,BraTS-GLI-01053-000,13,5,0.5299529433250427,0.6372196315425595,0.5229110941915562,0.8546956821447477,0.6010287027847172,0.7838901218362644,0.4523810998000344,0.6006315551023205
115,missed,BraTS-GLI-00243-000,3,37,1.6813275814056396,1.8355751376885632,0.8205569179267724,0.6939974371682195,0.8216005261613234,0.8148283779622436,0.6319602273755377,3.8402678474785508
115,detected,BraTS-GLI-00401-000,8,37,1.5896167755126953,2.2146386199797483,0.6936186857394484,0.8808805545081094,0.5535003123990055,0.8744004701019611,0.5844576683747233,3.0858678817749023
116,missed,BraTS-GLI-00406-000,5,12,0.8887475728988647,0.49649170565666034,0.6208922965804554,0.9866012288010781,0.7987224599609837,0.8978623858191811,0.5371429936825033,0.5977736531045331
