missed_subject,missed_comp,detected_subject,detected_comp,match_distance
BraTS-GLI-01405-000,4,BraTS-GLI-01416-000,97,0.016597521839418827
BraTS-GLI-01012-000,3,BraTS-GLI-01153-000,1,0.008798350197489854
BraTS-GLI-00237-000,2,BraTS-GLI-00109-000,7,0.05958026031917209
BraTS-GLI-01304-000,3,BraTS-GLI-01221-000,127,0.037282758499018645
BraTS-GLI-00054-000,32,BraTS-GLI-01216-000,82,0.04301226982465592
BraTS-GLI-00258-000,1,BraTS-GLI-01308-000,1,0.02502821219498061
BraTS-GLI-01414-000,1,BraTS-GLI-01246-000,29,0.00030059263171844375
BraTS-GLI-01414-000,2,BraTS-GLI-01472-000,26,0.04684268041709694
BraTS-GLI-01414-000,9,BraTS-GLI-00512-000,5,0.0023548657844800758
BraTS-GLI-01414-000,16,BraTS-GLI-00105-000,14,0.013986788498203895
BraTS-GLI-01414-000,44,BraTS-GLI-01473-000,13,0.011953116511614903
BraTS-GLI-01275-000,12,BraTS-GLI-01256-000,25,0.045652895186571216
BraTS-GLI-00085-000,1,BraTS-GLI-01096-000,3,0.026786858030636528
BraTS-GLI-01214-000,5,BraTS-GLI-00177-000,2,0.04317049069940497
BraTS-GLI-01214-000,21,BraTS-GLI-01082-000,33,0.021530317838357127
BraTS-GLI-01214-000,27,BraTS-GLI-01023-000,2,0.017664583455217042
BraTS-GLI-01214-000,32,BraTS-GLI-00526-000,7,0.030981832044636892
BraTS-GLI-01269-000,24,BraTS-GLI-01206-000,27,0.007254489925631269
BraTS-GLI-01269-000,28,BraTS-GLI-01458-000,31,0.04894244774019518
BraTS-GLI-00087-001,3,BraTS-GLI-01286-000,6,0.0830319962953805
BraTS-GLI-01413-000,3,BraTS-GLI-01134-000,2,0.03758081438481858
BraTS-GLI-01233-000,7,BraTS-GLI-01260-000,29,0.08140215942685236
BraTS-GLI-00621-000,1,BraTS-GLI-00353-000,2,0.043677412811333576
BraTS-GLI-00621-000,2,BraTS-GLI-00378-000,1,0.053370899448868823
BraTS-GLI-00064-000,19,BraTS-GLI-01430-000,29,0.04006535098453323
BraTS-GLI-00064-000,78,BraTS-GLI-01053-000,13,0.05320128918706714
BraTS-GLI-00064-000,100,BraTS-GLI-00111-000,44,0.07963044414253724
BraTS-GLI-01113-000,5,BraTS-GLI-01221-000,467,0.03190909836123157
BraTS-GLI-01282-000,5,BraTS-GLI-01206-000,71,0.023289643022211592
BraTS-GLI-01282-000,6,BraTS-GLI-01263-000,57,0.060601730524995956
BraTS-GLI-01431-000,1,BraTS-GLI-00124-000,26,0.05328985968501735
BraTS-GLI-01431-000,2,BraTS-GLI-01053-000,48,0.05777136308756853
BraTS-GLI-01431-000,4,BraTS-GLI-00131-000,40,0.0001801955804137112
BraTS-GLI-01431-000,5,BraTS-GLI-00352-000,2,0.07568971794389392
BraTS-GLI-00725-000,5,BraTS-GLI-01414-000,40,0.08304448148878688
BraTS-GLI-00254-000,12,BraTS-GLI-00494-001,4,0.06441117361166875
BraTS-GLI-00132-000,3,BraTS-GLI-00414-000,51,0.009002746692753139
BraTS-GLI-01493-000,2,BraTS-GLI-01263-000,110,0.037932641583301674
BraTS-GLI-01493-000,3,BraTS-GLI-00999-000,8,0.014565691587468121
BraTS-GLI-01401-000,5,BraTS-GLI-00011-000,2,0.06608389415976847
BraTS-GLI-00540-000,1,BraTS-GLI-00109-000,10,0.02801853399389808
BraTS-GLI-01135-000,2,BraTS-GLI-01221-000,274,0.025872745212881434
BraTS-GLI-01135-000,5,BraTS-GLI-00513-000,2,0.01696950571071995
BraTS-GLI-01135-000,6,BraTS-GLI-00099-000,2,0.034659354912539415
BraTS-GLI-01135-000,9,BraTS-GLI-01498-000,117,0.012553535680517758
BraTS-GLI-01135-000,12,BraTS-GLI-01506-000,15,0.007018789957750182
BraTS-GLI-00608-000,4,BraTS-GLI-01507-000,4,0.002790888461191021
BraTS-GLI-00608-000,6,BraTS-GLI-01246-000,59,0.020708588340785695
BraTS-GLI-00608-000,12,BraTS-GLI-01351-000,6,0.02922540893144189
BraTS-GLI-00053-000,5,BraTS-GLI-00657-000,8,0.03743465869139307
BraTS-GLI-00530-000,1,BraTS-GLI-01226-000,6,0.06053490178607019
BraTS-GLI-00106-000,9,BraTS-GLI-01458-000,24,0.011355910213211251
BraTS-GLI-01521-000,2,BraTS-GLI-00654-001,4,0.01093137765250075
BraTS-GLI-01521-000,3,BraTS-GLI-01378-000,8,0.0594013592678706
BraTS-GLI-01521-000,6,BraTS-GLI-01214-000,24,0.026019569360186172
BraTS-GLI-01521-000,9,BraTS-GLI-01216-000,46,0.09205035069701478
BraTS-GLI-01521-000,10,BraTS-GLI-01391-000,11,0.09441424242932396
BraTS-GLI-01387-000,2,BraTS-GLI-00284-000,4,0.04369755052170127
BraTS-GLI-01387-000,9,BraTS-GLI-01300-000,8,0.017273508236185897
BraTS-GLI-01469-000,6,BraTS-GLI-01216-000,20,0.015219244272787646
BraTS-GLI-01296-000,7,BraTS-GLI-01291-000,6,0.020001919931224466
BraTS-GLI-01296-000,9,BraTS-GLI-01079-000,6,0.0539008451113118
BraTS-GLI-01490-000,2,BraTS-GLI-01206-000,19,0.060036456884896845
BraTS-GLI-01395-000,1,BraTS-GLI-00654-000,7,0.056466638805180956
BraTS-GLI-00138-000,7,BraTS-GLI-00387-000,2,0.009388066406292915
BraTS-GLI-00028-000,2,BraTS-GLI-00550-000,1,0.04671257625415441
BraTS-GLI-00028-000,5,BraTS-GLI-01086-000,3,0.09252062372430458
BraTS-GLI-01077-000,1,BraTS-GLI-01263-000,22,0.07742204129523564
BraTS-GLI-01317-000,7,BraTS-GLI-00304-000,24,0.04900153115727516
BraTS-GLI-01317-000,12,BraTS-GLI-01086-000,5,0.058746926733039294
BraTS-GLI-01035-000,1,BraTS-GLI-00291-000,2,0.062320244232930595
BraTS-GLI-01034-000,2,BraTS-GLI-01037-000,24,0.02521009188194201
BraTS-GLI-01058-000,2,BraTS-GLI-01478-000,4,0.07664807841134602
BraTS-GLI-00540-001,1,BraTS-GLI-00388-000,5,0.011910318179845867
BraTS-GLI-00806-000,7,BraTS-GLI-01003-000,22,0.08001994494689511
BraTS-GLI-00806-000,10,BraTS-GLI-01501-000,4,0.0355823844837958
BraTS-GLI-01228-000,1,BraTS-GLI-01049-000,2,0.03262273735861479
BraTS-GLI-01228-000,5,BraTS-GLI-01416-000,161,0.032109196318670596
BraTS-GLI-01228-000,16,BraTS-GLI-01416-000,163,0.04215595242992265
BraTS-GLI-01228-000,17,BraTS-GLI-00774-001,4,0.09481235502681162
BraTS-GLI-01228-000,54,BraTS-GLI-01206-000,76,0.04310439398406038
BraTS-GLI-00120-000,3,BraTS-GLI-01416-000,49,0.057908557628819614
BraTS-GLI-00239-000,1,BraTS-GLI-00406-000,8,0.013226086408298367
BraTS-GLI-00239-000,5,BraTS-GLI-01263-000,73,0.044325338027000206
BraTS-GLI-00239-000,18,BraTS-GLI-01260-000,26,0.02747204494565869
BraTS-GLI-00239-000,25,BraTS-GLI-01458-000,30,0.06562648994002783
BraTS-GLI-00239-000,27,BraTS-GLI-01416-000,194,0.010229431222695373
BraTS-GLI-00239-000,56,BraTS-GLI-01531-000,5,0.038075914688001686
BraTS-GLI-01418-000,35,BraTS-GLI-01460-000,50,0.049862230477676316
BraTS-GLI-00112-000,21,BraTS-GLI-01454-000,5,0.08948455860369628
BraTS-GLI-01438-000,5,BraTS-GLI-00290-000,14,0.06553194884541344
BraTS-GLI-01438-000,8,BraTS-GLI-00352-000,5,0.07227070281721212
BraTS-GLI-00606-000,10,BraTS-GLI-01053-000,15,0.07656477197058464
BraTS-GLI-00606-000,58,BraTS-GLI-00685-000,3,0.06376199323370355
BraTS-GLI-00606-000,59,BraTS-GLI-00612-001,1,0.032905943212727565
BraTS-GLI-01237-000,32,BraTS-GLI-00172-000,50,0.04756242553701936
BraTS-GLI-01237-000,56,BraTS-GLI-01416-000,135,0.07574802113769485
BraTS-GLI-01237-000,96,BraTS-GLI-01430-000,81,0.03279984974895271
BraTS-GLI-01455-000,4,BraTS-GLI-01081-000,2,0.014560041389470813
BraTS-GLI-01256-000,24,BraTS-GLI-01124-000,4,0.07677795140127108
BraTS-GLI-01256-000,45,BraTS-GLI-01246-000,62,0.00420254404016579
BraTS-GLI-01256-000,61,BraTS-GLI-01040-000,12,0.0008811295833871524
BraTS-GLI-01256-000,66,BraTS-GLI-01256-000,21,0.0013427427550318782
BraTS-GLI-01256-000,68,BraTS-GLI-01221-000,249,0.0010489113147074125
BraTS-GLI-01256-000,71,BraTS-GLI-01072-000,16,0.036717310541042325
BraTS-GLI-00694-000,2,BraTS-GLI-00239-000,4,0.02227419803118897
BraTS-GLI-01443-000,11,BraTS-GLI-01412-000,5,0.09409094697471672
BraTS-GLI-01443-000,18,BraTS-GLI-00304-000,25,0.05662660720929719
BraTS-GLI-01496-000,1,BraTS-GLI-01221-000,250,0.08817482347411792
BraTS-GLI-01496-000,2,BraTS-GLI-01221-000,91,0.0840692031610395
BraTS-GLI-01217-000,4,BraTS-GLI-01498-000,143,0.020283020219696028
BraTS-GLI-01217-000,6,BraTS-GLI-00395-000,11,0.03539836786346395
BraTS-GLI-01217-000,17,BraTS-GLI-01221-000,223,0.038271233954222605
BraTS-GLI-01217-000,25,BraTS-GLI-01281-000,7,0.03357927627395727
BraTS-GLI-01217-000,30,BraTS-GLI-01206-000,3,0.007470040297805847
BraTS-GLI-00795-000,5,BraTS-GLI-00122-000,2,0.013695635293712635
BraTS-GLI-01370-000,3,BraTS-GLI-01221-000,159,0.019987095905060672
BraTS-GLI-01370-000,4,BraTS-GLI-00477-001,4,0.05687840681683695
BraTS-GLI-01370-000,6,BraTS-GLI-01302-000,3,0.08934290655550366
BraTS-GLI-01370-000,11,BraTS-GLI-01416-000,18,0.08445316272367813
BraTS-GLI-01112-000,14,BraTS-GLI-01135-000,14,0.047149534174345795
BraTS-GLI-01112-000,33,BraTS-GLI-01206-000,75,0.012769039666263193
BraTS-GLI-01422-000,4,BraTS-GLI-01211-000,11,0.04155162018055664
BraTS-GLI-01422-000,17,BraTS-GLI-01079-000,19,0.04136436280204001
BraTS-GLI-01422-000,18,BraTS-GLI-01426-000,12,0.035929828320641254
BraTS-GLI-01422-000,45,BraTS-GLI-00606-000,41,0.045526600401330976
BraTS-GLI-01102-000,2,BraTS-GLI-01037-000,19,0.03877008389640542
BraTS-GLI-00650-000,1,BraTS-GLI-01042-000,8,0.0747908287619287
BraTS-GLI-00656-000,1,BraTS-GLI-01276-000,1,0.03242591940717873
BraTS-GLI-00656-000,5,BraTS-GLI-01514-000,50,0.0397419481572008
BraTS-GLI-00656-000,7,BraTS-GLI-01216-000,42,0.024913393227627534
BraTS-GLI-00331-000,1,BraTS-GLI-01135-000,10,0.07998039924635705
BraTS-GLI-01205-000,1,BraTS-GLI-01252-000,1,0.07573532694672461
BraTS-GLI-00391-000,12,BraTS-GLI-01658-000,7,0.01275298023345961
BraTS-GLI-00391-000,22,BraTS-GLI-01198-000,7,0.0333694311501086
BraTS-GLI-00391-000,23,BraTS-GLI-01243-000,24,0.015466353641887897
BraTS-GLI-00391-000,32,BraTS-GLI-01037-000,29,0.01431405020999657
BraTS-GLI-00391-000,54,BraTS-GLI-00022-000,5,0.04661909317090567
BraTS-GLI-01457-000,5,BraTS-GLI-01460-000,41,0.03911662051007086
BraTS-GLI-00012-000,4,BraTS-GLI-01260-000,13,0.006748778932413213
BraTS-GLI-00012-000,6,BraTS-GLI-00999-000,58,0.026460905313850258
BraTS-GLI-00012-000,9,BraTS-GLI-01416-000,98,0.0019627169087583773
BraTS-GLI-00012-000,20,BraTS-GLI-00353-000,4,0.027932261190697028
BraTS-GLI-00012-000,21,BraTS-GLI-01143-000,2,0.0013080428936377286
BraTS-GLI-00012-000,22,BraTS-GLI-00292-000,26,0.03978751381488116
BraTS-GLI-00012-000,28,BraTS-GLI-01446-000,4,0.06388408486574666
BraTS-GLI-00012-000,30,BraTS-GLI-01047-000,66,0.08641137763676864
BraTS-GLI-00012-000,32,BraTS-GLI-00414-000,61,0.07233836117365387
BraTS-GLI-00012-000,34,BraTS-GLI-01087-000,4,0.05735308709326878
BraTS-GLI-00160-000,4,BraTS-GLI-01149-000,3,0.06711036086648295
BraTS-GLI-00160-000,5,BraTS-GLI-01531-000,9,0.05759226121813471
BraTS-GLI-00160-000,7,BraTS-GLI-01070-000,4,0.037160798312603674
BraTS-GLI-00602-000,2,BraTS-GLI-01514-000,32,0.06766047958838324
BraTS-GLI-00290-000,8,BraTS-GLI-00391-000,6,0.006620035091359222
BraTS-GLI-00379-000,3,BraTS-GLI-01414-000,27,0.010431050437279812
BraTS-GLI-00379-000,5,BraTS-GLI-00220-000,11,0.09235902659799364
BraTS-GLI-00414-000,5,BraTS-GLI-00109-000,9,0.01999684156813081
BraTS-GLI-00414-000,9,BraTS-GLI-00391-000,45,0.02374671669630879
BraTS-GLI-00414-000,12,BraTS-GLI-01270-000,75,0.040903368611026364
BraTS-GLI-00414-000,15,BraTS-GLI-01221-000,130,0.08011717091092006
BraTS-GLI-00414-000,16,BraTS-GLI-01221-000,172,0.02897252503538306
BraTS-GLI-00414-000,22,BraTS-GLI-00154-000,38,0.015015210526660105
BraTS-GLI-00414-000,25,BraTS-GLI-01458-000,6,0.041453683928669875
BraTS-GLI-00414-000,28,BraTS-GLI-00654-000,4,0.00609854205687832
BraTS-GLI-00414-000,31,BraTS-GLI-01506-000,14,0.0487930516060612
BraTS-GLI-00414-000,32,BraTS-GLI-01221-000,29,0.010430868037888508
BraTS-GLI-00414-000,35,BraTS-GLI-00297-000,2,0.001704609759111908
BraTS-GLI-00414-000,52,BraTS-GLI-01246-000,60,0.04281971007083595
BraTS-GLI-00414-000,53,BraTS-GLI-01263-000,76,0.0280318541036344
BraTS-GLI-00414-000,58,BraTS-GLI-01256-000,31,0.02672550108436612
BraTS-GLI-00414-000,80,BraTS-GLI-01379-000,4,0.0914632515624131
BraTS-GLI-00414-000,89,BraTS-GLI-01056-000,19,0.044596503912871725
BraTS-GLI-01518-000,1,BraTS-GLI-01263-000,75,0.05612856184396929
BraTS-GLI-01518-000,2,BraTS-GLI-01045-000,3,0.005007249613475484
BraTS-GLI-01518-000,4,BraTS-GLI-01246-000,37,0.05445730299693256
BraTS-GLI-01518-000,5,BraTS-GLI-01221-000,177,0.014257898620894327
BraTS-GLI-01518-000,7,BraTS-GLI-01256-000,42,0.05991316428014926
BraTS-GLI-01518-000,13,BraTS-GLI-00999-000,6,0.06765012698813995
BraTS-GLI-01518-000,14,BraTS-GLI-01256-000,37,0.08736010911679053
BraTS-GLI-01003-000,23,BraTS-GLI-00144-000,6,0.09332187661108816
BraTS-GLI-01003-000,26,BraTS-GLI-00105-000,12,0.07282815700204724
BraTS-GLI-00507-000,4,BraTS-GLI-01221-000,214,0.015320594744366867
BraTS-GLI-01084-000,2,BraTS-GLI-01263-000,106,0.03145126810455756
BraTS-GLI-01351-000,3,BraTS-GLI-00111-000,16,0.05143740191775172
BraTS-GLI-01348-000,7,BraTS-GLI-00999-000,53,0.09705743005092345
BraTS-GLI-00152-000,6,BraTS-GLI-00325-000,2,0.004721228514605769
BraTS-GLI-00152-000,7,BraTS-GLI-01089-000,8,0.056992047233779194
BraTS-GLI-00152-000,39,BraTS-GLI-01263-000,92,0.02787546366901277
BraTS-GLI-01215-000,1,BraTS-GLI-01221-000,137,0.012857781206837643
BraTS-GLI-01215-000,6,BraTS-GLI-00054-000,18,0.03441717085429613
BraTS-GLI-00464-000,1,BraTS-GLI-00291-000,3,0.03135557920399573
BraTS-GLI-01053-000,2,BraTS-GLI-01328-000,7,0.08006929724709912
BraTS-GLI-01053-000,9,BraTS-GLI-01237-000,49,0.03564795356163564
BraTS-GLI-01053-000,18,BraTS-GLI-00054-000,13,0.010738155960615225
BraTS-GLI-01053-000,27,BraTS-GLI-01430-000,104,0.06017948638837649
BraTS-GLI-01053-000,34,BraTS-GLI-01416-000,45,0.031303017996952676
BraTS-GLI-01053-000,37,BraTS-GLI-01497-000,9,0.07284486775960368
BraTS-GLI-01053-000,42,BraTS-GLI-00152-000,25,0.04258183116103777
BraTS-GLI-01053-000,50,BraTS-GLI-00608-000,10,0.004354067706449527
BraTS-GLI-01053-000,59,BraTS-GLI-01112-000,6,0.05827857387844066
BraTS-GLI-01053-000,60,BraTS-GLI-00137-000,2,0.0026174861518673265
BraTS-GLI-01053-000,63,BraTS-GLI-00537-000,7,0.01570929720919813
BraTS-GLI-01053-000,66,BraTS-GLI-01416-000,182,0.08962722801153186
BraTS-GLI-01053-000,67,BraTS-GLI-00018-000,4,0.020677822133084008
BraTS-GLI-01053-000,69,BraTS-GLI-01221-000,63,0.045943876767130826
BraTS-GLI-01053-000,70,BraTS-GLI-01390-000,2,0.045760869750890464
BraTS-GLI-00753-000,1,BraTS-GLI-01080-000,5,0.06530897973551927
BraTS-GLI-00746-000,1,BraTS-GLI-00134-000,5,0.03436686016120794
BraTS-GLI-01188-000,2,BraTS-GLI-00171-000,18,0.0638583872654263
BraTS-GLI-01462-000,15,BraTS-GLI-01228-000,59,0.08195013379436814
BraTS-GLI-00485-001,4,BraTS-GLI-00166-000,3,0.05535407660523316
BraTS-GLI-01272-000,5,BraTS-GLI-00216-000,5,0.04701753088571581
BraTS-GLI-00456-000,4,BraTS-GLI-01174-000,10,0.07008692419381632
BraTS-GLI-01299-000,5,BraTS-GLI-00533-000,2,0.03709519799578591
BraTS-GLI-01196-000,1,BraTS-GLI-01056-000,38,0.0810698270769032
BraTS-GLI-01196-000,2,BraTS-GLI-01003-000,18,0.08349933980499713
BraTS-GLI-01238-000,15,BraTS-GLI-01056-000,18,0.011840429754583881
BraTS-GLI-01238-000,29,BraTS-GLI-00024-000,2,0.01895148972387937
BraTS-GLI-00775-001,2,BraTS-GLI-01177-000,6,0.04503683617349287
BraTS-GLI-00999-000,10,BraTS-GLI-01430-000,28,0.024084128003429073
BraTS-GLI-00999-000,79,BraTS-GLI-01061-000,2,0.05053162534870377
BraTS-GLI-00999-000,88,BraTS-GLI-01053-000,30,0.09112127465465447
BraTS-GLI-00793-000,2,BraTS-GLI-01222-000,3,0.05176779836318145
BraTS-GLI-00061-000,2,BraTS-GLI-01240-000,3,0.056696312387112174
BraTS-GLI-00401-000,7,BraTS-GLI-01222-000,9,0.049015768355608044
BraTS-GLI-00401-000,9,BraTS-GLI-00772-000,2,0.05026572626407968
BraTS-GLI-00397-000,3,BraTS-GLI-00401-000,11,0.04385221223246836
BraTS-GLI-00477-000,5,BraTS-GLI-01263-000,66,0.07212323383339755
BraTS-GLI-00139-000,3,BraTS-GLI-00227-000,1,0.06025821974934627
BraTS-GLI-00139-000,5,BraTS-GLI-01198-000,16,0.025741163469080123
BraTS-GLI-00613-001,1,BraTS-GLI-01136-000,3,0.033402337270730546
BraTS-GLI-00613-001,2,BraTS-GLI-01221-000,327,0.020020318386191668
BraTS-GLI-00613-001,3,BraTS-GLI-01140-000,10,0.07205782499167442
BraTS-GLI-01261-000,23,BraTS-GLI-00310-000,100,0.0668103524518808
BraTS-GLI-01261-000,24,BraTS-GLI-01221-000,142,0.0582341462150073
BraTS-GLI-01261-000,25,BraTS-GLI-01241-000,14,0.049391928932029615
BraTS-GLI-01261-000,26,BraTS-GLI-00194-000,5,0.04918435109757092
BraTS-GLI-01261-000,30,BraTS-GLI-01056-000,13,0.0052065691148120985
BraTS-GLI-01261-000,31,BraTS-GLI-01163-000,7,0.01193607679997215
BraTS-GLI-01261-000,41,BraTS-GLI-01353-000,3,0.01809337930818422
BraTS-GLI-00373-000,2,BraTS-GLI-00053-000,4,0.07263220210191124
BraTS-GLI-01410-000,2,BraTS-GLI-01216-000,41,0.023976017928885228
BraTS-GLI-00151-000,4,BraTS-GLI-00352-000,3,0.05817415477803072
BraTS-GLI-00151-000,7,BraTS-GLI-01260-000,8,0.07320722437438087
BraTS-GLI-00532-000,5,BraTS-GLI-00060-000,6,0.06125563862396102
BraTS-GLI-00532-000,11,BraTS-GLI-00304-000,50,0.06530665413235881
BraTS-GLI-00532-000,22,BraTS-GLI-01053-000,53,0.08402563625266062
BraTS-GLI-00532-000,26,BraTS-GLI-01221-000,133,0.049777012071244096
BraTS-GLI-00532-000,30,BraTS-GLI-00054-000,22,0.0012916424234000745
BraTS-GLI-00532-000,34,BraTS-GLI-00454-000,4,0.07379453644456561
BraTS-GLI-00532-000,37,BraTS-GLI-01664-000,3,0.06789536847805878
BraTS-GLI-01216-000,80,BraTS-GLI-01418-000,11,0.002156944096805835
BraTS-GLI-01216-000,81,BraTS-GLI-01053-000,44,0.006262108672529132
BraTS-GLI-01080-000,2,BraTS-GLI-00414-000,23,0.09995086524116258
BraTS-GLI-01080-000,4,BraTS-GLI-00111-000,25,0.0744556217887645
BraTS-GLI-00612-000,22,BraTS-GLI-00136-000,5,0.031622540904320415
BraTS-GLI-00539-000,3,BraTS-GLI-01143-000,9,0.0039002788522267684
BraTS-GLI-00539-000,5,BraTS-GLI-01045-000,4,0.047317789103912204
BraTS-GLI-00734-001,2,BraTS-GLI-01501-000,11,0.048759761786250015
BraTS-GLI-01119-000,3,BraTS-GLI-01328-000,3,0.09132607785282787
BraTS-GLI-01051-000,8,BraTS-GLI-01206-000,92,0.039016577409272876
BraTS-GLI-01051-000,10,BraTS-GLI-00512-000,17,0.0011697617319282871
BraTS-GLI-01051-000,12,BraTS-GLI-00443-000,3,0.0703989671145523
BraTS-GLI-01051-000,21,BraTS-GLI-00292-000,28,0.025720591143907835
BraTS-GLI-01051-000,22,BraTS-GLI-01221-000,445,0.057612431373335576
BraTS-GLI-01051-000,117,BraTS-GLI-00388-000,6,0.04536645444525868
BraTS-GLI-01051-000,124,BraTS-GLI-00703-001,2,0.04255185617733395
BraTS-GLI-00638-000,1,BraTS-GLI-00134-000,1,0.06615705829350246
BraTS-GLI-01391-000,2,BraTS-GLI-01299-000,3,0.0771078830772648
BraTS-GLI-01391-000,9,BraTS-GLI-00395-000,1,0.07214412155763941
BraTS-GLI-00588-000,1,BraTS-GLI-00570-000,5,0.035577348240164286
BraTS-GLI-01106-000,2,BraTS-GLI-01507-000,1,0.08741960690820241
BraTS-GLI-00043-000,2,BraTS-GLI-01429-000,1,0.06703499774515827
BraTS-GLI-00043-000,4,BraTS-GLI-00304-000,16,0.022714540487251373
BraTS-GLI-00030-000,6,BraTS-GLI-01037-000,23,0.08410864706460253
BraTS-GLI-00300-000,4,BraTS-GLI-00691-000,2,0.06235186618232393
BraTS-GLI-00591-000,3,BraTS-GLI-01225-000,5,0.05143726784956209
BraTS-GLI-00117-000,1,BraTS-GLI-01264-000,1,0.01832166567134325
BraTS-GLI-00117-000,2,BraTS-GLI-00795-000,2,0.08120776581084961
BraTS-GLI-00117-000,8,BraTS-GLI-00683-001,35,0.03624161499900947
BraTS-GLI-00568-000,4,BraTS-GLI-00646-000,2,0.04189212827333211
BraTS-GLI-00568-000,6,BraTS-GLI-01506-000,13,0.052349337992692764
BraTS-GLI-00568-000,8,BraTS-GLI-00111-000,22,0.0039156954537266225
BraTS-GLI-01235-000,15,BraTS-GLI-01145-000,3,0.0953889301280606
BraTS-GLI-01302-000,5,BraTS-GLI-00314-000,1,0.0676712915297313
BraTS-GLI-01302-000,7,BraTS-GLI-00650-000,4,0.08347027004129326
BraTS-GLI-00732-001,1,BraTS-GLI-01027-001,2,0.06745574043458921
BraTS-GLI-00008-000,2,BraTS-GLI-01246-000,33,0.06605034286112528
BraTS-GLI-00645-000,3,BraTS-GLI-01291-000,19,0.06113881098895064
BraTS-GLI-00283-000,3,BraTS-GLI-01256-000,13,0.08247674202563808
BraTS-GLI-00283-000,5,BraTS-GLI-00485-001,5,0.043793319710465364
BraTS-GLI-00283-000,7,BraTS-GLI-01300-000,2,0.06969074402676981
BraTS-GLI-00732-000,1,BraTS-GLI-01521-000,7,0.0404892290272942
BraTS-GLI-01377-000,2,BraTS-GLI-01263-000,35,0.040278896821039134
BraTS-GLI-01377-000,3,BraTS-GLI-00283-000,2,0.027730577196296124
BraTS-GLI-00014-001,1,BraTS-GLI-00555-000,1,0.08915021603009501
BraTS-GLI-00014-001,7,BraTS-GLI-00999-000,7,0.0964719057268872
BraTS-GLI-00014-001,9,BraTS-GLI-01135-000,16,0.08749402983945596
BraTS-GLI-00014-001,55,BraTS-GLI-01221-000,168,0.04275445657767857
BraTS-GLI-00668-000,1,BraTS-GLI-01505-000,6,0.09500937373230929
BraTS-GLI-01419-000,7,BraTS-GLI-00105-000,10,0.038323555704402004
BraTS-GLI-01419-000,23,BraTS-GLI-01221-000,397,0.05188179258332128
BraTS-GLI-01040-000,8,BraTS-GLI-01237-000,71,0.049837841784863404
BraTS-GLI-01379-000,13,BraTS-GLI-01263-000,33,0.059202557885040884
BraTS-GLI-00008-001,2,BraTS-GLI-00414-000,37,0.020807476404580028
BraTS-GLI-00400-000,12,BraTS-GLI-00499-000,2,0.04941348804630628
BraTS-GLI-01514-000,23,BraTS-GLI-01237-000,70,0.09311010715251233
BraTS-GLI-01514-000,30,BraTS-GLI-01221-000,430,0.03074599749501907
BraTS-GLI-01514-000,34,BraTS-GLI-01059-000,6,0.029380434923287346
BraTS-GLI-01514-000,36,BraTS-GLI-00586-000,5,0.03009775506443882
BraTS-GLI-01514-000,53,BraTS-GLI-00053-000,2,0.04520768337041785
BraTS-GLI-01246-000,15,BraTS-GLI-00683-001,2,0.03114507849070175
BraTS-GLI-01246-000,25,BraTS-GLI-01070-000,28,0.04479122231031986
BraTS-GLI-00025-000,1,BraTS-GLI-00061-000,1,0.02565970027655764
BraTS-GLI-01503-000,17,BraTS-GLI-01291-000,12,0.023657618755260144
BraTS-GLI-01503-000,19,BraTS-GLI-01037-000,26,0.05995292707457766
BraTS-GLI-01503-000,20,BraTS-GLI-01003-000,31,0.03713911054712845
BraTS-GLI-01151-000,2,BraTS-GLI-01432-000,18,0.07384510902181882
BraTS-GLI-01325-000,9,BraTS-GLI-00133-000,8,0.023368911455467156
BraTS-GLI-00318-000,46,BraTS-GLI-01262-000,10,0.07720961041510084
BraTS-GLI-00051-000,2,BraTS-GLI-00154-000,34,0.042636987639775255
BraTS-GLI-00111-000,4,BraTS-GLI-01498-000,54,0.046884453203326674
BraTS-GLI-00111-000,21,BraTS-GLI-00576-000,2,0.030800904586050337
BraTS-GLI-00111-000,28,BraTS-GLI-01143-000,6,0.042332050776037695
BraTS-GLI-00111-000,29,BraTS-GLI-01256-000,32,0.06372684359818145
BraTS-GLI-00111-000,32,BraTS-GLI-01221-000,234,0.06712122749201502
BraTS-GLI-00111-000,41,BraTS-GLI-01221-000,473,0.06468269150778061
BraTS-GLI-00111-000,60,BraTS-GLI-01221-000,219,0.09175426056433002
BraTS-GLI-00111-000,64,BraTS-GLI-01003-000,21,0.06438136176511515
BraTS-GLI-00597-000,5,BraTS-GLI-00312-000,5,0.033561730587483955
BraTS-GLI-00597-000,9,BraTS-GLI-01498-000,173,0.06663069889557005
BraTS-GLI-01157-000,9,BraTS-GLI-01221-000,273,0.005754131465519952
BraTS-GLI-01334-000,2,BraTS-GLI-00608-001,9,0.011837877640092143
BraTS-GLI-01334-000,3,BraTS-GLI-01047-000,41,0.06927895609361152
BraTS-GLI-00659-000,3,BraTS-GLI-01521-000,4,0.06468411967116516
BraTS-GLI-01207-000,4,BraTS-GLI-01246-000,24,0.030346020201641566
BraTS-GLI-01366-000,1,BraTS-GLI-00084-001,1,0.08661115742827385
BraTS-GLI-00061-001,1,BraTS-GLI-01489-000,8,0.0029332574493652164
BraTS-GLI-01416-000,105,BraTS-GLI-01291-000,16,0.057085842494028136
BraTS-GLI-01416-000,189,BraTS-GLI-01053-000,29,0.08623142702932429
BraTS-GLI-00455-000,1,BraTS-GLI-01531-000,4,0.07174750149186283
BraTS-GLI-01212-000,16,BraTS-GLI-00401-000,14,0.04558959842490574
BraTS-GLI-01212-000,17,BraTS-GLI-01221-000,231,0.01124699631679743
BraTS-GLI-01241-000,36,BraTS-GLI-01221-000,160,0.03465573074282424
BraTS-GLI-00654-000,2,BraTS-GLI-01232-000,6,0.003610470462625442
BraTS-GLI-00116-000,12,BraTS-GLI-00470-000,2,0.08479143090662183
BraTS-GLI-00116-000,23,BraTS-GLI-00274-000,13,0.038304745734438116
BraTS-GLI-01508-000,3,BraTS-GLI-01263-000,8,0.05497602814662748
BraTS-GLI-01506-000,2,BraTS-GLI-01003-000,15,0.02870237343351614
BraTS-GLI-01506-000,3,BraTS-GLI-00730-000,2,0.020294779512661086
BraTS-GLI-01165-000,3,BraTS-GLI-00736-001,2,0.0882174689921725
BraTS-GLI-01463-000,13,BraTS-GLI-01270-000,86,0.05058506338848481
BraTS-GLI-01463-000,14,BraTS-GLI-00608-001,14,0.06971580759539428
BraTS-GLI-01222-000,16,BraTS-GLI-00054-000,12,0.08627807554153132
BraTS-GLI-01664-000,1,BraTS-GLI-00654-001,2,0.022837955909677007
BraTS-GLI-01664-000,4,BraTS-GLI-00731-000,1,0.006588001841548283
BraTS-GLI-01664-000,6,BraTS-GLI-00838-000,13,0.08962384279710275
BraTS-GLI-01664-000,7,BraTS-GLI-01134-000,3,0.06599712546030492
BraTS-GLI-00387-000,13,BraTS-GLI-00352-000,4,0.09944440402356658
BraTS-GLI-00292-000,6,BraTS-GLI-01051-000,71,0.07839894817861484
BraTS-GLI-00292-000,10,BraTS-GLI-01221-000,173,0.006738681348289227
BraTS-GLI-01501-000,8,BraTS-GLI-01216-000,4,0.06976970388342642
BraTS-GLI-01501-000,9,BraTS-GLI-01531-000,10,0.024592146627070117
BraTS-GLI-01501-000,10,BraTS-GLI-01501-000,3,0.08929061941388879
BraTS-GLI-01501-000,15,BraTS-GLI-01047-000,35,0.06026645770716732
BraTS-GLI-01501-000,16,BraTS-GLI-00414-000,44,0.03874503251329667
BraTS-GLI-01501-000,17,BraTS-GLI-00216-000,4,0.08674217238275295
BraTS-GLI-00390-000,1,BraTS-GLI-00607-001,1,0.06164393401564874
BraTS-GLI-00310-000,51,BraTS-GLI-00054-000,33,0.0674066995462259
BraTS-GLI-00087-000,19,BraTS-GLI-00283-000,4,0.0865038402631635
BraTS-GLI-01399-000,2,BraTS-GLI-00159-000,3,0.07116476940560883
BraTS-GLI-01399-000,3,BraTS-GLI-01498-000,63,0.09422415727868452
BraTS-GLI-00561-000,5,BraTS-GLI-00111-000,17,0.06852847662311282
BraTS-GLI-00109-000,4,BraTS-GLI-01416-000,168,0.08191820194135713
BraTS-GLI-00109-000,13,BraTS-GLI-01498-000,61,0.03357480228979263
BraTS-GLI-00109-000,14,BraTS-GLI-00221-000,4,0.03817763614354333
BraTS-GLI-01445-000,4,BraTS-GLI-01146-000,2,0.07740451802234335
BraTS-GLI-01476-000,2,BraTS-GLI-00416-000,2,0.07321037658842192
BraTS-GLI-01504-000,8,BraTS-GLI-01520-000,1,0.09916381223768421
BraTS-GLI-00466-000,4,BraTS-GLI-00537-000,4,0.01558944499425934
BraTS-GLI-01430-000,27,BraTS-GLI-01385-000,12,0.06428721938585774
BraTS-GLI-01430-000,88,BraTS-GLI-01256-000,34,0.09849113111252104
BraTS-GLI-01430-000,106,BraTS-GLI-01339-000,3,0.03755447420823706
BraTS-GLI-01209-000,42,BraTS-GLI-00111-000,23,0.04589081809108261
BraTS-GLI-01209-000,56,BraTS-GLI-00392-000,2,0.0675684221890922
BraTS-GLI-00321-000,1,BraTS-GLI-01505-000,4,0.005448672940772154
BraTS-GLI-01327-000,6,BraTS-GLI-01498-000,71,0.017946632914818572
BraTS-GLI-01208-000,2,BraTS-GLI-01157-000,5,0.09221065010594466
BraTS-GLI-00284-000,14,BraTS-GLI-01246-000,52,0.07810004062710793
BraTS-GLI-00088-000,4,BraTS-GLI-01145-000,2,0.004395542666866259
BraTS-GLI-00088-000,5,BraTS-GLI-00469-001,2,0.03822173938938926
BraTS-GLI-00162-000,3,BraTS-GLI-01497-000,3,0.012223890409833887
BraTS-GLI-01070-000,6,BraTS-GLI-00391-000,53,5.3366350851069555e-05
BraTS-GLI-01070-000,17,BraTS-GLI-01056-000,9,0.08596358589694074
BraTS-GLI-01070-000,21,BraTS-GLI-01256-000,41,0.027070703319248157
BraTS-GLI-01154-000,1,BraTS-GLI-00149-000,1,0.04939758080297269
BraTS-GLI-00615-000,1,BraTS-GLI-00705-000,1,0.07762685805047788
BraTS-GLI-00498-000,1,BraTS-GLI-00691-001,1,0.06070263695589712
BraTS-GLI-00469-001,3,BraTS-GLI-01087-000,5,0.08473993751295077
BraTS-GLI-00469-001,5,BraTS-GLI-00401-000,6,0.05940045450333106
BraTS-GLI-01479-000,3,BraTS-GLI-01454-000,1,0.09281232293629982
BraTS-GLI-01479-000,5,BraTS-GLI-01294-000,5,0.03534487099271244
BraTS-GLI-01479-000,27,BraTS-GLI-00999-000,52,0.045012445321481895
BraTS-GLI-01479-000,30,BraTS-GLI-00021-001,2,0.022701476729589557
BraTS-GLI-01479-000,36,BraTS-GLI-00154-000,54,0.06368033282369966
BraTS-GLI-01479-000,37,BraTS-GLI-00686-000,13,0.09649354081437948
BraTS-GLI-00583-000,5,BraTS-GLI-00184-000,8,0.049256580063887036
BraTS-GLI-01122-000,3,BraTS-GLI-00115-000,5,0.050949773397849535
BraTS-GLI-00203-000,2,BraTS-GLI-01241-000,19,0.06648402235664179
BraTS-GLI-00142-000,20,BraTS-GLI-01213-000,96,0.07571943145018535
BraTS-GLI-01027-000,2,BraTS-GLI-01266-000,2,0.08252755934103335
BraTS-GLI-00440-000,3,BraTS-GLI-00378-000,3,0.09326484331299605
BraTS-GLI-00529-000,1,BraTS-GLI-00555-001,1,0.017009242154035664
BraTS-GLI-00191-000,1,BraTS-GLI-00383-000,2,0.09289832521197855
BraTS-GLI-00602-001,7,BraTS-GLI-01391-000,3,0.05532628360824507
BraTS-GLI-01344-000,2,BraTS-GLI-01521-000,8,0.03270291963792164
BraTS-GLI-00113-000,1,BraTS-GLI-01429-000,26,0.07932016407486919
BraTS-GLI-01232-000,8,BraTS-GLI-00401-000,13,0.07475057449719694
BraTS-GLI-01232-000,9,BraTS-GLI-01662-000,7,0.06862237947409537
BraTS-GLI-00022-001,2,BraTS-GLI-00370-000,3,0.05611936998799383
BraTS-GLI-01221-000,39,BraTS-GLI-00382-000,7,0.06423499770886175
BraTS-GLI-01221-000,41,BraTS-GLI-01408-000,2,0.058800426221231585
BraTS-GLI-01221-000,62,BraTS-GLI-01221-000,261,0.04201732543523262
BraTS-GLI-01221-000,105,BraTS-GLI-01246-000,9,0.06045990491136285
BraTS-GLI-01221-000,169,BraTS-GLI-00301-000,3,0.08161246373420421
BraTS-GLI-01221-000,208,BraTS-GLI-01246-000,11,0.04561323379551787
BraTS-GLI-01221-000,262,BraTS-GLI-01300-000,9,0.059427651713543084
BraTS-GLI-01221-000,331,BraTS-GLI-00400-000,4,0.024163421128662654
BraTS-GLI-01221-000,442,BraTS-GLI-00274-000,15,0.08510131965226962
BraTS-GLI-00019-000,2,BraTS-GLI-00485-001,2,0.054430067852590074
BraTS-GLI-01274-000,3,BraTS-GLI-01056-000,6,0.044126582228317945
BraTS-GLI-01274-000,22,BraTS-GLI-00526-000,13,0.06951715297212792
BraTS-GLI-01143-000,7,BraTS-GLI-01270-000,17,0.08036638814406667
BraTS-GLI-00658-000,5,BraTS-GLI-01401-000,2,0.022465091967457034
BraTS-GLI-00820-000,8,BraTS-GLI-01202-000,18,0.030498962724674526
BraTS-GLI-00803-000,2,BraTS-GLI-01003-000,25,0.09527499844274721
BraTS-GLI-01027-001,1,BraTS-GLI-01291-000,23,0.06769983920131808
BraTS-GLI-01027-001,6,BraTS-GLI-01531-000,1,0.020091415326036324
BraTS-GLI-00610-001,4,BraTS-GLI-00568-000,5,0.06768086903074734
BraTS-GLI-00525-000,1,BraTS-GLI-00009-001,1,0.0750307912936538
BraTS-GLI-00014-000,1,BraTS-GLI-01054-000,1,0.0592491957494528
BraTS-GLI-01219-000,1,BraTS-GLI-01245-000,52,0.044063886200058355
BraTS-GLI-00432-000,1,BraTS-GLI-00291-000,1,0.010581207313526582
BraTS-GLI-01163-000,2,BraTS-GLI-00064-000,12,0.02493917803329454
BraTS-GLI-01163-000,4,BraTS-GLI-00608-001,12,0.03921067116214724
BraTS-GLI-01163-000,11,BraTS-GLI-01394-000,1,0.09012043009219878
BraTS-GLI-01056-000,17,BraTS-GLI-00401-000,2,0.0528556881593567
BraTS-GLI-01056-000,29,BraTS-GLI-00378-000,2,0.015535998730852596
BraTS-GLI-01060-000,4,BraTS-GLI-01222-000,6,0.07769723300004451
BraTS-GLI-00543-000,1,BraTS-GLI-00613-000,5,0.00813109617152607
BraTS-GLI-00543-000,23,BraTS-GLI-01003-000,14,0.07508961240155337
BraTS-GLI-01523-000,1,BraTS-GLI-01497-000,2,0.09209766814428143
BraTS-GLI-01345-000,3,BraTS-GLI-00111-000,38,0.03179406481878187
BraTS-GLI-00171-000,3,BraTS-GLI-01395-000,2,0.015606523995055152
BraTS-GLI-00293-000,1,BraTS-GLI-00694-001,1,0.04730539881108178
BraTS-GLI-00677-000,3,BraTS-GLI-00725-001,2,0.047274126034584835
BraTS-GLI-01049-000,11,BraTS-GLI-00111-000,52,0.07199091120365676
BraTS-GLI-00236-000,4,BraTS-GLI-00443-000,2,0.0757622868369907
BraTS-GLI-00328-000,20,BraTS-GLI-00207-000,23,0.038965471753949266
BraTS-GLI-00550-001,5,BraTS-GLI-01145-000,4,0.03982174698913886
BraTS-GLI-01230-000,1,BraTS-GLI-00613-000,1,0.06819497230376517
BraTS-GLI-01230-000,16,BraTS-GLI-01291-000,24,0.09049602173751396
BraTS-GLI-00828-000,107,BraTS-GLI-00814-000,2,0.007181721960554669
BraTS-GLI-01497-000,17,BraTS-GLI-00156-000,2,0.07316618737044199
BraTS-GLI-00689-001,6,BraTS-GLI-01056-000,20,0.046570316017187106
BraTS-GLI-01245-000,57,BraTS-GLI-01218-000,1,0.06049671634901339
BraTS-GLI-01498-000,1,BraTS-GLI-01216-000,30,0.02897999376517375
BraTS-GLI-01498-000,36,BraTS-GLI-01059-000,3,0.023537286758350342
BraTS-GLI-01498-000,77,BraTS-GLI-01263-000,31,0.08654263271971328
BraTS-GLI-01498-000,102,BraTS-GLI-01347-000,1,0.04178915762759239
BraTS-GLI-01498-000,114,BraTS-GLI-01291-000,14,0.08406499046338274
BraTS-GLI-01498-000,127,BraTS-GLI-01056-000,40,0.028302879201959036
BraTS-GLI-01498-000,142,BraTS-GLI-01296-000,2,0.08633900100775525
BraTS-GLI-01498-000,219,BraTS-GLI-00177-000,18,0.08269220751618994
BraTS-GLI-00033-000,1,BraTS-GLI-01522-000,1,0.032743472220295916
BraTS-GLI-00613-000,6,BraTS-GLI-01256-000,59,0.09801854224952074
BraTS-GLI-01415-000,25,BraTS-GLI-01214-000,12,0.05512873690791454
BraTS-GLI-00207-000,9,BraTS-GLI-01247-000,1,0.07574799461807893
BraTS-GLI-01429-000,30,BraTS-GLI-01663-000,1,0.05668029734334072
BraTS-GLI-01429-000,32,BraTS-GLI-01507-000,2,0.07267420615222529
BraTS-GLI-01429-000,33,BraTS-GLI-01027-000,3,0.028563488562759327
BraTS-GLI-01488-000,1,BraTS-GLI-00675-000,1,0.013938545771582031
BraTS-GLI-01532-000,1,BraTS-GLI-01660-000,1,0.003173113207620229
BraTS-GLI-01152-000,1,BraTS-GLI-00251-000,1,0.07611793871047576
BraTS-GLI-01259-000,14,BraTS-GLI-00216-000,3,0.0768117688341369
BraTS-GLI-01225-000,1,BraTS-GLI-00607-000,1,0.03869567687454122
BraTS-GLI-00230-000,30,BraTS-GLI-01280-000,12,0.07339670061620496
BraTS-GLI-01519-000,2,BraTS-GLI-00423-000,9,0.08432572253904813
BraTS-GLI-01257-000,2,BraTS-GLI-00156-000,3,0.07517176854943736
BraTS-GLI-01474-000,5,BraTS-GLI-00606-000,32,0.07093236582654595
BraTS-GLI-01432-000,47,BraTS-GLI-01034-000,1,0.09082429942630005
BraTS-GLI-01432-000,207,BraTS-GLI-00054-000,23,0.020039264891516334
BraTS-GLI-00167-000,1,BraTS-GLI-01367-000,2,0.045292353957374805
BraTS-GLI-01478-000,7,BraTS-GLI-01221-000,207,0.026898135167125983
BraTS-GLI-00243-000,2,BraTS-GLI-01240-000,2,0.06054837090815135
BraTS-GLI-00243-000,4,BraTS-GLI-01432-000,41,0.013852171978415236
BraTS-GLI-00406-000,5,BraTS-GLI-01216-000,28,0.07382888545305068
BraTS-GLI-00406-000,6,BraTS-GLI-00686-000,12,0.08083248174003133
BraTS-GLI-01047-000,4,BraTS-GLI-01506-000,11,0.08865056140391663
BraTS-GLI-01047-000,16,BraTS-GLI-00683-001,24,0.057821037007329164
BraTS-GLI-01047-000,33,BraTS-GLI-01221-000,265,0.06799722567515092
BraTS-GLI-01047-000,54,BraTS-GLI-01221-000,322,0.03685582684093096
