subject_id,comp_id,fold,cos_w,w_r1_norm,b_r1,logit_prod_mean,logit_r1_mean,logit_diff_mean,aligned_component_mean,orthogonal_component_norm_mean
BraTS-GLI-01304-000,3,0,0.1751652956008911,2.624817371368408,-0.8181940913200378,-15.247628211975098,-1.5526082515716553,13.695018768310547,-2.0671229362487793,0.3237033188343048
BraTS-GLI-01414-000,1,0,0.1751652956008911,2.624817371368408,-0.8181940913200378,-15.450746536254883,-1.8481409549713135,13.602604866027832,-2.0956645011901855,0.5520747900009155
BraTS-GLI-01414-000,2,0,0.1751652956008911,2.624817371368408,-0.8181940913200378,-19.264244079589844,-1.6194370985031128,17.644805908203125,-2.631527900695801,0.6307525634765625
BraTS-GLI-01414-000,9,0,0.1751652956008911,2.624817371368408,-0.8181940913200378,-21.919076919555664,-2.291835308074951,19.627241134643555,-3.0045783519744873,0.6731504797935486
BraTS-GLI-01414-000,16,0,0.1751652956008911,2.624817371368408,-0.8181940913200378,-16.04360008239746,-4.8018035888671875,11.241796493530273,-2.1789710521698,0.8101447820663452
BraTS-GLI-01414-000,44,0,0.1751652956008911,2.624817371368408,-0.8181940913200378,-14.57780933380127,-2.8018710613250732,11.7759370803833,-1.9730018377304077,0.23253758251667023
BraTS-GLI-01233-000,7,0,0.1751652956008911,2.624817371368408,-0.8181940913200378,-17.380104064941406,-2.434208393096924,14.94589614868164,-2.3667731285095215,0.36328551173210144
BraTS-GLI-01405-000,4,1,0.21117764711380005,2.266235828399658,-0.8398783206939697,-19.436925888061523,-2.315772771835327,17.121152877807617,-2.764394521713257,0.2468823343515396
BraTS-GLI-01012-000,3,2,0.2934495806694031,2.3073813915252686,-0.2182604968547821,-22.734113693237305,-2.915435314178467,19.818681716918945,-4.5934157371521,0.3550838828086853
BraTS-GLI-01113-000,5,2,0.2934495806694031,2.3073813915252686,-0.2182604968547821,-18.420772552490234,-0.9345456957817078,17.48622703552246,-3.7008299827575684,1.429538607597351
BraTS-GLI-01431-000,1,2,0.2934495806694031,2.3073813915252686,-0.2182604968547821,-23.39369010925293,-2.009235143661499,21.384458541870117,-4.72990608215332,0.5673568844795227
BraTS-GLI-01431-000,4,2,0.2934495806694031,2.3073813915252686,-0.2182604968547821,-8.248064994812012,0.16846662759780884,8.416531562805176,-1.5957303047180176,0.8283796906471252
BraTS-GLI-01431-000,5,2,0.2934495806694031,2.3073813915252686,-0.2182604968547821,-24.78839111328125,-2.405242681503296,22.383146286010742,-5.018519401550293,0.5334098935127258
BraTS-GLI-01413-000,3,3,0.2335347682237625,2.434532880783081,-1.0875502824783325,-29.04509162902832,-4.021670818328857,25.023420333862305,-4.953600883483887,0.7687228918075562
BraTS-GLI-00621-000,1,3,0.2335347682237625,2.434532880783081,-1.0875502824783325,-25.783584594726562,-3.751970052719116,22.031614303588867,-4.386880397796631,0.7199615836143494
BraTS-GLI-00064-000,19,3,0.2335347682237625,2.434532880783081,-1.0875502824783325,-23.90342903137207,-2.880248546600342,21.023178100585938,-4.060184478759766,1.0238083600997925
BraTS-GLI-00064-000,78,3,0.2335347682237625,2.434532880783081,-1.0875502824783325,-19.851961135864258,-2.59869122505188,17.253271102905273,-3.3562002182006836,0.7945355772972107
BraTS-GLI-01282-000,5,3,0.2335347682237625,2.434532880783081,-1.0875502824783325,-28.54835319519043,-2.7945950031280518,25.753759384155273,-4.867288112640381,1.194999098777771
BraTS-GLI-01282-000,6,3,0.2335347682237625,2.434532880783081,-1.0875502824783325,-26.121700286865234,-2.234684705734253,23.887014389038086,-4.445631980895996,1.4774245023727417
BraTS-GLI-00087-001,3,4,0.2727404236793518,2.0350582599639893,-0.948515772819519,-13.404794692993164,-1.0805269479751587,12.324267387390137,-2.182826280593872,0.8177984356880188
