subject_id,component_id,component_size,category,dist_to_nearest_ET_lesion
BraTS-GLI-00009-001,1,3,outside_tumor,16.295502218593477
BraTS-GLI-00009-001,2,3,WT_or_TC,9.568466729604884
BraTS-GLI-00009-001,3,1,WT_or_TC,11.357816691600547
BraTS-GLI-00011-000,1,1,WT_or_TC,24.04984535768152
BraTS-GLI-00011-000,2,1,WT_or_TC,23.780373690072796
BraTS-GLI-00011-000,3,1,outside_tumor,30.26872338054354
BraTS-GLI-00011-000,4,1,outside_tumor,23.068871656545603
BraTS-GLI-00011-000,5,1,WT_or_TC,28.907669480212416
BraTS-GLI-00011-000,6,1,WT_or_TC,24.33685021081691
BraTS-GLI-00011-000,7,23,outside_tumor,31.58823959750087
BraTS-GLI-00011-000,8,1,WT_or_TC,27.58944370686222
BraTS-GLI-00011-000,9,1,WT_or_TC,25.08119234854183
BraTS-GLI-00011-000,10,1,WT_or_TC,28.658095819665466
BraTS-GLI-00011-000,11,7,WT_or_TC,28.255046101826785
BraTS-GLI-00011-000,12,3,WT_or_TC,28.331343829161767
BraTS-GLI-00011-000,13,1,WT_or_TC,28.709749434128742
BraTS-GLI-00011-000,14,17,WT_or_TC,28.423140963782732
BraTS-GLI-00011-000,15,1,WT_or_TC,27.27636339397171
BraTS-GLI-00011-000,16,1,WT_or_TC,25.787593916455254
BraTS-GLI-00011-000,17,5,WT_or_TC,24.530796970339143
BraTS-GLI-00011-000,18,29,WT_or_TC,9.450352150419796
BraTS-GLI-00011-000,19,89,WT_or_TC,25.1864728443985
BraTS-GLI-00011-000,20,1,WT_or_TC,19.72308292331602
BraTS-GLI-00011-000,21,1,WT_or_TC,8.602325267042627
BraTS-GLI-00011-000,22,1,WT_or_TC,11.575836902790225
BraTS-GLI-00011-000,23,1,WT_or_TC,12.083045973594572
BraTS-GLI-00011-000,24,1,WT_or_TC,11.832159566199232
BraTS-GLI-00011-000,25,1,WT_or_TC,12.96148139681572
BraTS-GLI-00011-000,26,2,WT_or_TC,19.83053201505194
BraTS-GLI-00011-000,27,1,WT_or_TC,19.4164878389476
BraTS-GLI-00011-000,28,1,WT_or_TC,23.194827009486403
BraTS-GLI-00011-000,29,3,WT_or_TC,23.407026485414352
BraTS-GLI-00011-000,30,1,WT_or_TC,24.515301344262525
BraTS-GLI-00011-000,31,1,WT_or_TC,26.758176320519304
BraTS-GLI-00019-000,1,6,outside_tumor,29.748397422700748
BraTS-GLI-00019-000,2,1,outside_tumor,30.468310609442035
BraTS-GLI-00019-000,3,1,WT_or_TC,35.06210399400574
BraTS-GLI-00019-000,4,6,outside_tumor,29.530157401478583
BraTS-GLI-00019-000,5,2,WT_or_TC,31.45453815178777
BraTS-GLI-00019-000,6,5,outside_tumor,32.822674159707184
BraTS-GLI-00019-000,7,8,outside_tumor,17.502965126151636
BraTS-GLI-00019-000,8,10,outside_tumor,18.678005028346657
BraTS-GLI-00019-000,9,1,outside_tumor,35.57283713966481
BraTS-GLI-00019-000,10,3,outside_tumor,34.07656102549802
BraTS-GLI-00019-000,11,7,outside_tumor,18.14423163092217
BraTS-GLI-00019-000,12,5,WT_or_TC,21.188512425179972
BraTS-GLI-00019-000,13,4,WT_or_TC,23.08107579783324
BraTS-GLI-00019-000,14,42,outside_tumor,34.73937545263491
BraTS-GLI-00019-000,15,4,outside_tumor,17.16175694317907
BraTS-GLI-00019-000,16,1,WT_or_TC,24.041091428833667
BraTS-GLI-00019-000,17,1,outside_tumor,31.132443676098838
BraTS-GLI-00019-000,18,4,WT_or_TC,16.994087810147743
BraTS-GLI-00019-000,19,8,WT_or_TC,27.28920588214767
BraTS-GLI-00019-000,20,3,outside_tumor,33.25715138820336
BraTS-GLI-00019-000,21,1,outside_tumor,35.78831419189973
BraTS-GLI-00019-000,22,1,outside_tumor,35.56846474182341
BraTS-GLI-00019-000,23,7,outside_tumor,15.671801902108704
BraTS-GLI-00019-000,24,1,WT_or_TC,14.087724768430501
BraTS-GLI-00019-000,25,2,outside_tumor,18.969680687594476
BraTS-GLI-00019-000,26,1,WT_or_TC,24.079640550114398
BraTS-GLI-00019-000,27,1,WT_or_TC,13.382018129331097
BraTS-GLI-00019-000,28,1,WT_or_TC,24.139031711117145
BraTS-GLI-00019-000,29,6,WT_or_TC,12.15963801004113
BraTS-GLI-00019-000,30,1,WT_or_TC,24.2198013773892
BraTS-GLI-00019-000,31,1,WT_or_TC,26.81285008934567
BraTS-GLI-00019-000,32,1,WT_or_TC,10.695267834015768
BraTS-GLI-00019-000,33,1,WT_or_TC,27.05352945986327
BraTS-GLI-00019-000,34,1,WT_or_TC,15.750306016749951
BraTS-GLI-00019-000,35,3,WT_or_TC,24.0653611150252
BraTS-GLI-00019-000,36,2,WT_or_TC,25.1385763915239
BraTS-GLI-00019-000,37,2,WT_or_TC,25.194401685659965
BraTS-GLI-00019-000,38,1,WT_or_TC,25.599400147443898
BraTS-GLI-00019-000,39,1,WT_or_TC,12.84608823266669
BraTS-GLI-00019-000,40,1,outside_tumor,12.60939746821995
BraTS-GLI-00019-000,41,1,WT_or_TC,24.80892577135253
BraTS-GLI-00019-000,42,2,WT_or_TC,15.831079560792464
BraTS-GLI-00019-000,43,1,outside_tumor,13.769032144792954
BraTS-GLI-00019-000,44,10,outside_tumor,22.373438723426595
BraTS-GLI-00019-000,45,1,outside_tumor,21.403938094508632
BraTS-GLI-00019-000,46,1,WT_or_TC,14.426009745460751
BraTS-GLI-00019-000,47,1,outside_tumor,20.37831939529743
BraTS-GLI-00019-000,48,2,WT_or_TC,15.10109740237662
BraTS-GLI-00019-000,49,1,outside_tumor,19.74437045589551
BraTS-GLI-00019-000,50,1,outside_tumor,17.33859851762647
BraTS-GLI-00019-000,51,1,outside_tumor,16.81076798321638
BraTS-GLI-00019-000,52,1,outside_tumor,19.0437553048315
BraTS-GLI-00021-001,1,376,outside_tumor,20.755185652820565
BraTS-GLI-00021-001,2,8,outside_tumor,20.4821403490526
BraTS-GLI-00021-001,3,3,WT_or_TC,21.55127550438274
BraTS-GLI-00021-001,4,1,outside_tumor,17.251764590831474
BraTS-GLI-00021-001,5,1,outside_tumor,15.640002649211082
BraTS-GLI-00021-001,6,1,outside_tumor,15.409704667378374
BraTS-GLI-00021-001,7,1,outside_tumor,14.607422981313334
BraTS-GLI-00021-001,8,1,outside_tumor,14.793791204751926
BraTS-GLI-00021-001,9,3,WT_or_TC,15.01417704689431
BraTS-GLI-00021-001,10,22,outside_tumor,78.25917156400455
BraTS-GLI-00021-001,11,1,outside_tumor,12.089566910059649
BraTS-GLI-00021-001,12,1,outside_tumor,12.444125449777314
BraTS-GLI-00021-001,13,1,WT_or_TC,11.48286803067054
BraTS-GLI-00021-001,14,1,WT_or_TC,13.726041068541031
BraTS-GLI-00021-001,15,1,WT_or_TC,17.03441594839536
BraTS-GLI-00021-001,16,1,WT_or_TC,17.606235994130838
BraTS-GLI-00021-001,17,1,WT_or_TC,17.69935640394602
BraTS-GLI-00021-001,18,1,WT_or_TC,11.380412666347862
BraTS-GLI-00021-001,19,2,WT_or_TC,18.363064793785224
BraTS-GLI-00021-001,20,1,WT_or_TC,15.750845530387386
BraTS-GLI-00021-001,21,1,WT_or_TC,12.384538996466562
BraTS-GLI-00021-001,22,1,WT_or_TC,22.41527257127257
BraTS-GLI-00021-001,23,1,WT_or_TC,25.709920264364882
BraTS-GLI-00021-001,24,2,WT_or_TC,31.06847276581197
BraTS-GLI-00021-001,25,2,WT_or_TC,16.104692207897397
BraTS-GLI-00021-001,26,1,outside_tumor,33.015148038438355
BraTS-GLI-00021-001,27,1,WT_or_TC,18.10982736667833
BraTS-GLI-00021-001,28,20,outside_tumor,28.03301624870217
BraTS-GLI-00021-001,29,1,WT_or_TC,11.950529792414416
BraTS-GLI-00021-001,30,2,WT_or_TC,21.307927580545645
BraTS-GLI-00021-001,31,3,WT_or_TC,27.151836442904234
BraTS-GLI-00021-001,32,1,outside_tumor,14.457072426369814
BraTS-GLI-00021-001,33,4,WT_or_TC,17.935221851634
BraTS-GLI-00021-001,34,4,WT_or_TC,18.445490264861792
BraTS-GLI-00021-001,35,1,WT_or_TC,25.514701644346147
BraTS-GLI-00021-001,36,1,outside_tumor,14.903114894285064
BraTS-GLI-00021-001,37,27,WT_or_TC,15.08813170366473
BraTS-GLI-00021-001,38,2,WT_or_TC,15.297966458904849
BraTS-GLI-00021-001,39,3,WT_or_TC,16.15893285805443
BraTS-GLI-00021-001,40,2,WT_or_TC,13.340512430503772
BraTS-GLI-00021-001,41,3,WT_or_TC,16.76968163747369
BraTS-GLI-00021-001,42,1,WT_or_TC,19.321224472598153
BraTS-GLI-00021-001,43,2,WT_or_TC,22.707725473979266
BraTS-GLI-00021-001,44,1,WT_or_TC,20.011108026404848
BraTS-GLI-00021-001,45,2,WT_or_TC,22.89650628371062
BraTS-GLI-00021-001,46,1,outside_tumor,23.591374660323822
BraTS-GLI-00021-001,47,102,outside_tumor,14.270283930609356
BraTS-GLI-00021-001,48,1,outside_tumor,19.55618685849684
BraTS-GLI-00021-001,49,1,WT_or_TC,23.291605876575257
BraTS-GLI-00021-001,50,3,WT_or_TC,19.917407173473137
BraTS-GLI-00021-001,51,20,WT_or_TC,21.33912911383082
BraTS-GLI-00021-001,52,1,outside_tumor,42.34383071948026
BraTS-GLI-00021-001,53,1,outside_tumor,38.89051140423186
BraTS-GLI-00021-001,54,1,outside_tumor,38.36575734613026
BraTS-GLI-00021-001,55,17,outside_tumor,21.1415561850086
BraTS-GLI-00021-001,56,1,outside_tumor,38.1247950814165
BraTS-GLI-00021-001,57,19,outside_tumor,41.008087498641984
BraTS-GLI-00021-001,58,5,WT_or_TC,38.650638769400544
BraTS-GLI-00021-001,59,5,WT_or_TC,36.311571924953434
BraTS-GLI-00021-001,60,3,outside_tumor,35.10230159095537
BraTS-GLI-00021-001,61,1,WT_or_TC,27.381913274641448
BraTS-GLI-00021-001,62,2,WT_or_TC,36.132588390843885
BraTS-GLI-00021-001,63,1,WT_or_TC,31.325726221579057
BraTS-GLI-00021-001,64,2,WT_or_TC,34.75851420465381
BraTS-GLI-00021-001,65,4,outside_tumor,34.53697957789259
BraTS-GLI-00021-001,66,3,outside_tumor,34.324941471361875
BraTS-GLI-00021-001,67,6,outside_tumor,31.511920864364452
BraTS-GLI-00021-001,68,2,outside_tumor,27.33165151577902
BraTS-GLI-00021-001,69,2,outside_tumor,27.272751206355572
BraTS-GLI-00021-001,70,1,outside_tumor,28.142715182143117
BraTS-GLI-00021-001,71,2,outside_tumor,28.503536745681544
BraTS-GLI-00021-001,72,3,outside_tumor,42.46475787128042
BraTS-GLI-00021-001,73,2,WT_or_TC,30.93660323715843
BraTS-GLI-00021-001,74,1,outside_tumor,19.008148650526856
BraTS-GLI-00021-001,75,11,WT_or_TC,18.257897306938606
BraTS-GLI-00021-001,76,5,outside_tumor,35.78797150314216
BraTS-GLI-00021-001,77,1,WT_or_TC,31.397822036473162
BraTS-GLI-00021-001,78,1,WT_or_TC,30.360206645425826
BraTS-GLI-00021-001,79,5,WT_or_TC,31.660624133550044
BraTS-GLI-00021-001,80,2,outside_tumor,22.36626924634504
BraTS-GLI-00021-001,81,78,outside_tumor,41.72806718575058
BraTS-GLI-00021-001,82,7,WT_or_TC,42.73626655450614
BraTS-GLI-00021-001,83,1,outside_tumor,38.05275834710579
BraTS-GLI-00021-001,84,3,WT_or_TC,31.007717038907895
BraTS-GLI-00021-001,85,1,outside_tumor,15.588457268119896
BraTS-GLI-00021-001,86,1,outside_tumor,29.974971297896435
BraTS-GLI-00021-001,87,2,WT_or_TC,22.18670773233379
BraTS-GLI-00021-001,88,4,outside_tumor,28.856101261005286
BraTS-GLI-00021-001,89,3,outside_tumor,44.46816640281713
BraTS-GLI-00021-001,90,8,outside_tumor,21.315340719772696
BraTS-GLI-00021-001,91,3,outside_tumor,44.76757242632608
BraTS-GLI-00021-001,92,3,outside_tumor,32.08800469725185
BraTS-GLI-00021-001,93,3,outside_tumor,15.670212364724208
BraTS-GLI-00021-001,94,2,outside_tumor,31.80502657003333
BraTS-GLI-00021-001,95,4,outside_tumor,31.051650284498507
BraTS-GLI-00021-001,96,1,outside_tumor,43.98201704365813
BraTS-GLI-00021-001,97,1,WT_or_TC,32.563642244098055
BraTS-GLI-00021-001,98,2,outside_tumor,41.50959168200782
BraTS-GLI-00021-001,99,1,WT_or_TC,31.672931345004855
BraTS-GLI-00021-001,100,1,outside_tumor,31.5060952744838
BraTS-GLI-00021-001,101,3,outside_tumor,26.606181403743168
BraTS-GLI-00021-001,102,2,outside_tumor,30.175482019688204
BraTS-GLI-00021-001,103,14,outside_tumor,28.702150411273923
BraTS-GLI-00021-001,104,1,WT_or_TC,28.186876378910807
BraTS-GLI-00021-001,105,1,outside_tumor,32.155870381627054
BraTS-GLI-00021-001,106,3,outside_tumor,28.87136220470998
BraTS-GLI-00021-001,107,1,outside_tumor,18.466185312619388
BraTS-GLI-00021-001,108,1,outside_tumor,34.02939905434711
BraTS-GLI-00021-001,109,2,WT_or_TC,25.927784324928346
BraTS-GLI-00021-001,110,25,WT_or_TC,25.921234538501444
BraTS-GLI-00021-001,111,1,outside_tumor,33.13608305156178
BraTS-GLI-00021-001,112,1,outside_tumor,28.853076092507017
BraTS-GLI-00021-001,113,2,outside_tumor,29.0215437218629
BraTS-GLI-00021-001,114,8,outside_tumor,28.74456470360962
BraTS-GLI-00021-001,115,3,WT_or_TC,21.51485275080656
BraTS-GLI-00021-001,116,5,outside_tumor,30.251280964613713
BraTS-GLI-00021-001,117,1,outside_tumor,31.45631892005166
BraTS-GLI-00021-001,118,1,WT_or_TC,31.12073263919087
BraTS-GLI-00021-001,119,1,WT_or_TC,34.9857113690718
BraTS-GLI-00021-001,120,1,outside_tumor,36.45545226711637
BraTS-GLI-00021-001,121,1,WT_or_TC,36.359317925395686
BraTS-GLI-00021-001,122,3,outside_tumor,36.03085097832443
BraTS-GLI-00021-001,123,1,WT_or_TC,30.943496893531602
BraTS-GLI-00021-001,124,1,WT_or_TC,29.816103031751148
BraTS-GLI-00021-001,125,5,outside_tumor,34.27331323347657
BraTS-GLI-00021-001,126,3,outside_tumor,36.66363623840688
BraTS-GLI-00021-001,127,1,outside_tumor,33.67491648096547
BraTS-GLI-00021-001,128,2,WT_or_TC,31.697791721190924
BraTS-GLI-00021-001,129,1,WT_or_TC,26.419689627245813
BraTS-GLI-00021-001,130,2,WT_or_TC,32.630507198019465
BraTS-GLI-00021-001,131,1,outside_tumor,36.29738282576307
BraTS-GLI-00021-001,132,2,outside_tumor,36.92221553482402
BraTS-GLI-00021-001,133,1,WT_or_TC,39.642149285829596
BraTS-GLI-00021-001,134,1,WT_or_TC,43.829214001622255
BraTS-GLI-00021-001,135,2,outside_tumor,40.65402809070707
BraTS-GLI-00021-001,136,1,outside_tumor,46.62617290749907
BraTS-GLI-00021-001,137,1,outside_tumor,44.73253849269008
BraTS-GLI-00021-001,138,1,outside_tumor,40.85339643163099
BraTS-GLI-00021-001,139,3,outside_tumor,42.27555111671783
BraTS-GLI-00021-001,140,1,WT_or_TC,42.34383071948026
BraTS-GLI-00022-000,1,1,outside_tumor,35.3164267728206
BraTS-GLI-00022-000,2,16,outside_tumor,20.675626834812753
BraTS-GLI-00022-000,3,22,outside_tumor,11.557438304628294
BraTS-GLI-00022-000,4,1,WT_or_TC,26.419689627245813
BraTS-GLI-00022-000,5,2,WT_or_TC,35.13260593807411
BraTS-GLI-00022-000,6,2,WT_or_TC,32.25290684574028
BraTS-GLI-00022-000,7,1,WT_or_TC,38.13135192987524
BraTS-GLI-00022-000,8,1,WT_or_TC,39.230090491866065
BraTS-GLI-00022-000,9,12,outside_tumor,36.366384050230906
BraTS-GLI-00022-000,10,1,WT_or_TC,38.8587184554509
BraTS-GLI-00022-000,11,1,WT_or_TC,40.92676385936225
BraTS-GLI-00022-000,12,1,WT_or_TC,39.344631145812
BraTS-GLI-00022-000,13,1,WT_or_TC,40.607881008493905
BraTS-GLI-00022-000,14,1,WT_or_TC,38.59033475807222
BraTS-GLI-00022-000,15,4,WT_or_TC,38.8465208573668
BraTS-GLI-00022-000,16,17,outside_tumor,39.77705117821013
BraTS-GLI-00022-000,17,3,outside_tumor,43.817966750219696
BraTS-GLI-00022-000,18,1,outside_tumor,38.92259981729131
BraTS-GLI-00022-000,19,2,outside_tumor,38.73984676139406
BraTS-GLI-00022-001,1,10,outside_tumor,34.55930297128013
BraTS-GLI-00022-001,2,1,outside_tumor,50.98823829337655
BraTS-GLI-00022-001,3,6,outside_tumor,52.34602269956661
BraTS-GLI-00022-001,4,1,WT_or_TC,42.29522852173172
BraTS-GLI-00022-001,5,1,outside_tumor,53.427994960762334
BraTS-GLI-00022-001,6,3,WT_or_TC,43.22403369152431
BraTS-GLI-00022-001,7,3,outside_tumor,54.57919290419572
BraTS-GLI-00022-001,8,1,WT_or_TC,35.52584503785596
BraTS-GLI-00022-001,9,1,WT_or_TC,41.27420454988712
BraTS-GLI-00022-001,10,3,WT_or_TC,40.66085183680044
BraTS-GLI-00022-001,11,16,WT_or_TC,42.35554087572084
BraTS-GLI-00028-000,1,11,outside_tumor,21.145236002844197
BraTS-GLI-00033-000,1,9,WT_or_TC,23.85504381417266
BraTS-GLI-00033-000,2,10,WT_or_TC,47.384174573374175
BraTS-GLI-00033-000,3,1,outside_tumor,32.845380234979764
BraTS-GLI-00033-000,4,1,WT_or_TC,22.015660784616056
BraTS-GLI-00033-000,5,2,WT_or_TC,43.934610502427354
BraTS-GLI-00033-000,6,2,WT_or_TC,29.344262980606217
BraTS-GLI-00033-000,7,1,WT_or_TC,33.63034344160047
BraTS-GLI-00033-000,8,1,WT_or_TC,21.56755860984253
BraTS-GLI-00033-000,9,1,WT_or_TC,17.832554500127006
BraTS-GLI-00033-000,10,1,WT_or_TC,19.650203662032002
BraTS-GLI-00033-000,11,1,WT_or_TC,22.883005591082785
BraTS-GLI-00033-000,12,10,WT_or_TC,23.038795540938132
BraTS-GLI-00033-000,13,8,WT_or_TC,24.97660563378328
BraTS-GLI-00033-000,14,1,WT_or_TC,23.472541685020804
BraTS-GLI-00033-000,15,3,WT_or_TC,24.815202188821324
BraTS-GLI-00033-000,16,3,WT_or_TC,38.781438859330635
BraTS-GLI-00033-000,17,1,WT_or_TC,24.166091947189145
BraTS-GLI-00033-000,18,2,WT_or_TC,39.82775414205526
BraTS-GLI-00033-000,19,3,WT_or_TC,20.5399340040052
BraTS-GLI-00033-000,20,2,WT_or_TC,24.171263930543642
BraTS-GLI-00033-000,21,14,WT_or_TC,36.78959757588982
BraTS-GLI-00033-000,22,1,WT_or_TC,26.40246996255962
BraTS-GLI-00033-000,23,2,outside_tumor,21.569654610122992
BraTS-GLI-00033-000,24,1,outside_tumor,23.043437243605826
BraTS-GLI-00033-000,25,20,WT_or_TC,29.97232056414718
BraTS-GLI-00033-000,26,6,WT_or_TC,28.717493700607726
BraTS-GLI-00033-000,27,1,WT_or_TC,27.724382344287235
BraTS-GLI-00033-000,28,13,WT_or_TC,19.510883019817882
BraTS-GLI-00033-000,29,3,WT_or_TC,21.18962010041709
BraTS-GLI-00033-000,30,6,WT_or_TC,21.695493643714226
BraTS-GLI-00033-000,31,1,WT_or_TC,19.44222209522358
BraTS-GLI-00033-000,32,5,WT_or_TC,26.178617228570346
BraTS-GLI-00033-000,33,5,WT_or_TC,15.401298646542768
BraTS-GLI-00033-000,34,1,WT_or_TC,24.879710609249457
BraTS-GLI-00033-000,35,1,WT_or_TC,23.194827009486403
BraTS-GLI-00033-000,36,5,WT_or_TC,21.41494805036893
BraTS-GLI-00033-000,37,11,WT_or_TC,18.126734741720426
BraTS-GLI-00033-000,38,3,WT_or_TC,29.546573405388315
BraTS-GLI-00033-000,39,1,outside_tumor,21.118712081942874
BraTS-GLI-00033-000,40,2,WT_or_TC,27.95084971874737
BraTS-GLI-00033-000,41,1,outside_tumor,36.41428291206625
BraTS-GLI-00043-000,1,7,outside_tumor,23.930596929198302
BraTS-GLI-00043-000,2,12,outside_tumor,23.623640466466828
BraTS-GLI-00043-000,3,2,outside_tumor,24.3686154102707
BraTS-GLI-00043-000,4,6,outside_tumor,24.09126167075707
BraTS-GLI-00043-000,5,9,outside_tumor,26.089589239132657
BraTS-GLI-00043-000,6,37,outside_tumor,29.41517872163472
BraTS-GLI-00043-000,7,1,outside_tumor,26.720778431774775
BraTS-GLI-00043-000,8,1,outside_tumor,28.372521918222215
BraTS-GLI-00043-000,9,1,outside_tumor,30.434157678487644
BraTS-GLI-00043-000,10,1,outside_tumor,30.033314835362415
BraTS-GLI-00043-000,11,1,outside_tumor,29.698484809834994
BraTS-GLI-00043-000,12,1,outside_tumor,30.298514815086232
BraTS-GLI-00043-000,13,1,outside_tumor,30.066592756745816
BraTS-GLI-00043-000,14,1,outside_tumor,30.95157508108432
BraTS-GLI-00043-000,15,1,outside_tumor,32.449961479175904
BraTS-GLI-00043-000,16,1,outside_tumor,31.05221551912356
BraTS-GLI-00043-000,17,1,WT_or_TC,17.852209057514273
BraTS-GLI-00043-000,18,1,WT_or_TC,27.964262908219126
BraTS-GLI-00043-000,19,5,outside_tumor,28.60069929215019
BraTS-GLI-00043-000,20,1,outside_tumor,25.85501607112385
BraTS-GLI-00043-000,21,1,WT_or_TC,27.53922085510709
BraTS-GLI-00043-000,22,1,WT_or_TC,29.29736361133298
BraTS-GLI-00043-000,23,1,WT_or_TC,31.116914111829125
BraTS-GLI-00043-000,24,1,WT_or_TC,36.51027252705737
BraTS-GLI-00043-000,25,2,WT_or_TC,36.003472054789384
BraTS-GLI-00043-000,26,1,outside_tumor,27.286535631512105
BraTS-GLI-00043-000,27,1,outside_tumor,28.95655117651397
BraTS-GLI-00043-000,28,1,WT_or_TC,30.03240367789796
BraTS-GLI-00043-000,29,1,WT_or_TC,31.135328572320628
BraTS-GLI-00043-000,30,1,WT_or_TC,32.262549495359345
BraTS-GLI-00043-000,31,1,WT_or_TC,33.411607482649764
BraTS-GLI-00043-000,32,1,WT_or_TC,34.210612099603686
BraTS-GLI-00043-000,33,1,WT_or_TC,34.89312809448499
BraTS-GLI-00043-000,34,2,outside_tumor,35.55736263125952
BraTS-GLI-00043-000,35,1,outside_tumor,35.397740040855716
BraTS-GLI-00043-000,36,1,WT_or_TC,28.251810258235505
BraTS-GLI-00043-000,37,1,WT_or_TC,32.6983888311851
BraTS-GLI-00043-000,38,1,WT_or_TC,33.411809890276196
BraTS-GLI-00043-000,39,1,WT_or_TC,34.106831138364015
BraTS-GLI-00043-000,40,1,WT_or_TC,32.208775355505956
BraTS-GLI-00043-000,41,1,outside_tumor,32.96315546015028
BraTS-GLI-00043-000,42,7,outside_tumor,37.95802319004191
BraTS-GLI-00043-000,43,2,outside_tumor,39.33317988853632
BraTS-GLI-00053-000,1,4,outside_tumor,50.83091976196602
BraTS-GLI-00053-000,2,17,outside_tumor,47.6273252123397
BraTS-GLI-00053-000,3,5,outside_tumor,44.61280334413231
BraTS-GLI-00053-000,4,1,outside_tumor,45.45029030588132
BraTS-GLI-00053-000,5,104,outside_tumor,46.452102668138245
BraTS-GLI-00053-000,6,2,outside_tumor,47.04301813824827
BraTS-GLI-00053-000,7,1,outside_tumor,46.11141097626728
BraTS-GLI-00053-000,8,20,outside_tumor,51.16405504083179
BraTS-GLI-00053-000,9,1,WT_or_TC,29.051601600523778
BraTS-GLI-00053-000,10,4,outside_tumor,48.33952631889136
BraTS-GLI-00053-000,11,8,outside_tumor,48.86795281381208
BraTS-GLI-00053-000,12,2,WT_or_TC,41.522589424624655
BraTS-GLI-00053-000,13,1,WT_or_TC,37.61465435468234
BraTS-GLI-00053-000,14,1,outside_tumor,50.17697568495824
BraTS-GLI-00053-000,15,1,WT_or_TC,35.59236728564904
BraTS-GLI-00053-000,16,3,WT_or_TC,34.470214591207
BraTS-GLI-00053-000,17,1,WT_or_TC,33.24585985099248
BraTS-GLI-00053-000,18,1,outside_tumor,23.26178683256294
BraTS-GLI-00053-000,19,1,WT_or_TC,31.88940664319992
BraTS-GLI-00053-000,20,1,WT_or_TC,29.508605278242616
BraTS-GLI-00053-000,21,6,WT_or_TC,30.384700223786155
BraTS-GLI-00053-000,22,1,WT_or_TC,23.60070082825455
BraTS-GLI-00053-000,23,1,WT_or_TC,22.56087497382969
BraTS-GLI-00053-000,24,1,WT_or_TC,28.37239996166653
BraTS-GLI-00053-000,25,6,WT_or_TC,23.649875454144354
BraTS-GLI-00061-001,1,38,outside_tumor,23.01416840793809
BraTS-GLI-00061-001,2,3,WT_or_TC,18.662560578790274
BraTS-GLI-00061-001,3,1,WT_or_TC,19.26266846279962
BraTS-GLI-00061-001,4,1,WT_or_TC,18.50234612203768
BraTS-GLI-00061-001,5,14,WT_or_TC,15.637441039970149
BraTS-GLI-00061-001,6,2,WT_or_TC,23.846945892216365
BraTS-GLI-00061-001,7,1,outside_tumor,25.368117680881927
