direction,a_k,b_k,d_k,singular_value,dir_auc
0,0.48443852571224544,0.08266704870519807,0.40177147700704735,423.8783517481839,0.9939657791018703
1,0.2002353049710847,0.036122892702649345,0.16411241226843534,291.1838003621219,0.6721343778162906
2,0.07053082130864494,0.03897513731295295,0.03155568399569199,245.62189571214773,0.41873276756537947
3,0.21851633216464522,0.04513957848655007,0.17337675367809516,129.33656671583807,0.4488926048148622
4,0.22852409109034286,0.02476755935873016,0.2037565317316127,87.23117627723798,0.7460563564536014
5,0.4745754838561296,0.13522742435008184,0.33934805950604774,73.1110470816803,0.4176324081694898
6,0.4031781416152474,0.11039437741074079,0.2927837642045066,64.32018020709236,0.5357425317732043
7,0.14779645521307203,0.17331945796191336,0.02552300274884134,55.0089263350389,0.34539483531284765
8,0.2757074004848032,0.27804591951708457,0.002338519032281383,49.451571409806,0.517393741184735
9,0.2168528159552588,0.049201380905074886,0.1676514350501839,39.716574924289205,0.5759101529816946
10,0.039765762020530976,0.20243265702082613,0.16266689500029516,35.3312084805187,0.2852438108337476
11,0.10533941961183421,0.08447264049653101,0.0208667791153032,30.87932414082734,0.3585657828936504
12,0.14792281092095264,0.06153399826193495,0.08638881265901768,25.919575546291824,0.5362152777720033
13,0.05753096150158361,0.04240028992430465,0.015130671577278966,24.503533457325343,0.7265850409786652
14,0.0024648144779227696,0.06958133342124595,0.06711651894332318,22.73301964956357,0.5071712144190087
15,0.09066056331851499,0.0827101141065333,0.007950449211981694,19.894219172023206,0.5000686532545198
16,0.011164167198698016,0.209488845483352,0.198324678284654,19.38779890530399,0.41423258570961247
17,0.08966560266261797,0.011430937194742526,0.07823466546787544,16.819040807629225,0.40136023561090145
18,0.007668443717048664,0.2151316650691805,0.20746322135213183,16.24693628610798,0.3992678236945342
19,0.05339383888465492,0.3209275381383016,0.2675336992536467,14.190162832803,0.5527508065016389
20,0.02775637607515255,0.00469012771986726,0.023066248355285292,12.94727542338413,0.37645939356964
21,0.0669068252781967,0.019259377115439253,0.047647448162757455,12.105225620357317,0.34302980085504636
22,0.08596516704705456,0.1758561832462228,0.08989101619916823,10.941786148889388,0.5526160621466099
23,0.04170865162446996,0.15192215992617158,0.11021350830170162,8.819149975064654,0.5339318580537159
24,0.05756442640676089,0.40049042621835607,0.34292599981159516,6.484613529192663,0.5403341924015721
25,0.013598118565228651,0.46615103049284773,0.4525529119276191,6.174159900472951,0.5579050808106494
26,0.0008036130060553962,0.33763829713305515,0.33683468412699974,5.08381282895624,0.6610221911432999
27,0.04469184965289829,0.0019066547115169253,0.04278519494138137,4.151244576697009,0.42713606623940403
28,0.05200173720293281,0.006004636424540953,0.04599710077839186,3.5393908692093956,0.4476558016230482
29,0.0014932183902405703,0.20202417433734618,0.2005309559471056,2.989978043480686,0.5237945943685081
30,0.08850062417222468,0.038234989566408445,0.050265634605816234,2.3161734372663823,0.5
31,0.006293934676728865,0.01926586981898667,0.012971935142257807,0.6733192446980754,0.5
