population,field,A_R_mean,A_R_std,C_mu_mean,C_mu_std,C_sigma_mean,n_voxels
detected_ET,prod_orth,27.247047424316406,1.2867182493209839,0.9168059825897217,0.02270416170358658,0.09223684668540955,9
detected_ET,raw_d1,27.379518508911133,1.3900504112243652,0.8891936540603638,0.035568296909332275,0.12640780210494995,9
detected_ET,rand_orth,27.25613784790039,1.4271973371505737,0.8890345692634583,0.03534916788339615,0.12671107053756714,9
detected_ET,r1b_orth,27.37145233154297,1.386486530303955,0.8894545435905457,0.0354297049343586,0.12608380615711212,9
WT_not_TC_FP,prod_orth,20.04541778564453,6.297967910766602,0.9171841144561768,0.053679171949625015,0.07738468050956726,118
WT_not_TC_FP,raw_d1,20.606739044189453,6.023035049438477,0.9152045249938965,0.0476229153573513,0.07867178320884705,118
WT_not_TC_FP,rand_orth,20.467954635620117,5.898911476135254,0.9162973761558533,0.046838343143463135,0.07789405435323715,118
WT_not_TC_FP,r1b_orth,20.597421646118164,6.0247578620910645,0.9157792329788208,0.047376327216625214,0.0782998651266098,118
distant_bg_FP,prod_orth,15.12230110168457,4.599979877471924,0.9019578695297241,0.06911313533782959,0.08852764219045639,40
distant_bg_FP,raw_d1,16.160503387451172,4.082016468048096,0.9169055819511414,0.053441036492586136,0.07294975221157074,40
distant_bg_FP,rand_orth,16.0847225189209,3.995108127593994,0.9184728860855103,0.052143245935440063,0.07216121256351471,40
distant_bg_FP,r1b_orth,16.152177810668945,4.081910133361816,0.9177295565605164,0.053142137825489044,0.07231533527374268,40
recovered_G2A,prod_orth,9.026905059814453,0.29289788007736206,0.9596888422966003,0.00493048969656229,0.025999510660767555,5
recovered_G2A,raw_d1,10.118562698364258,0.19333882629871368,0.9667052030563354,0.003559679025784135,0.02110728994011879,5
recovered_G2A,rand_orth,10.116307258605957,0.1938415765762329,0.9680262804031372,0.0034391963854432106,0.020362112671136856,5
recovered_G2A,r1b_orth,10.115922927856445,0.19186528027057648,0.9675127863883972,0.003615760011598468,0.020604332908988,5
WT_not_TC_FP,prod_orth,17.107112884521484,3.487715005874634,0.891764223575592,0.04280759021639824,0.10320769995450974,167
WT_not_TC_FP,raw_d1,17.862825393676758,3.4708640575408936,0.8770338892936707,0.05224264785647392,0.11597196012735367,167
WT_not_TC_FP,rand_orth,17.734893798828125,3.3937251567840576,0.8781760334968567,0.05248989909887314,0.11491528898477554,167
WT_not_TC_FP,r1b_orth,17.853721618652344,3.472327470779419,0.8774397373199463,0.05223716050386429,0.11594478040933609,167
distant_bg_FP,prod_orth,14.220331192016602,3.1255509853363037,0.9161662459373474,0.058924928307533264,0.09575127810239792,11
distant_bg_FP,raw_d1,16.206398010253906,3.2817513942718506,0.9326640963554382,0.050175219774246216,0.07348540425300598,11
distant_bg_FP,rand_orth,16.186567306518555,3.276977777481079,0.9351049065589905,0.04846309497952461,0.0718529000878334,11
distant_bg_FP,r1b_orth,16.20155143737793,3.281663656234741,0.9332888126373291,0.05014501139521599,0.07318326085805893,11
detected_ET,prod_orth,10.982307434082031,1.0791374444961548,0.8812217712402344,0.04164227098226547,0.08282165974378586,6
detected_ET,raw_d1,11.519111633300781,1.1041220426559448,0.8921857476234436,0.038235269486904144,0.07413632422685623,6
detected_ET,rand_orth,11.508923530578613,1.099005103111267,0.8951523900032043,0.03710472583770752,0.07280885428190231,6
detected_ET,r1b_orth,11.48979663848877,1.1056474447250366,0.8941592574119568,0.037857454270124435,0.0725761279463768,6
WT_not_TC_FP,prod_orth,20.872365951538086,5.877249240875244,0.8800394535064697,0.038930099457502365,0.10606864094734192,180
WT_not_TC_FP,raw_d1,21.3990535736084,5.963068962097168,0.856200635433197,0.049142081290483475,0.12924310564994812,180
WT_not_TC_FP,rand_orth,21.159147262573242,5.818570613861084,0.856297492980957,0.049049243330955505,0.1287708282470703,180
WT_not_TC_FP,r1b_orth,21.38826560974121,5.964810371398926,0.8566315770149231,0.04914731904864311,0.12912006676197052,180
distant_bg_FP,prod_orth,10.796828269958496,1.4785969257354736,0.8757050633430481,0.0506366528570652,0.10297342389822006,70
distant_bg_FP,raw_d1,12.410381317138672,1.3571677207946777,0.9019688367843628,0.04155066981911659,0.07906349748373032,70
distant_bg_FP,rand_orth,12.393714904785156,1.3459908962249756,0.9045954942703247,0.040072910487651825,0.07708057761192322,70
distant_bg_FP,r1b_orth,12.403494834899902,1.3568577766418457,0.903267502784729,0.04132884368300438,0.07797214388847351,70
recovered_G2A,prod_orth,8.507052421569824,0.49389582872390747,0.9948171377182007,0.0015236594481393695,0.003440028289332986,8
recovered_G2A,raw_d1,9.726330757141113,0.5424878597259521,0.9958730936050415,0.0011310507543385029,0.002651856280863285,8
recovered_G2A,rand_orth,9.689927101135254,0.535607635974884,0.9959150552749634,0.001127891824580729,0.0026394978631287813,8
recovered_G2A,r1b_orth,9.711498260498047,0.5411897897720337,0.9958763718605042,0.001129891024902463,0.002654189011082053,8
detected_ET,prod_orth,15.183952331542969,1.795536994934082,0.9459829330444336,0.039059143513441086,0.06915586441755295,41
detected_ET,raw_d1,15.606962203979492,1.9332164525985718,0.936455488204956,0.05096757411956787,0.08436403423547745,41
detected_ET,rand_orth,15.596260070800781,1.9361377954483032,0.9371448755264282,0.05080350860953331,0.08369091153144836,41
detected_ET,r1b_orth,15.588448524475098,1.939134120941162,0.9365332722663879,0.05086753889918327,0.0843137577176094,41
detected_ET,prod_orth,19.179895401000977,3.61398983001709,0.9032262563705444,0.05758664011955261,0.10284329950809479,8
detected_ET,raw_d1,19.60735321044922,3.9184906482696533,0.8699460029602051,0.0859358087182045,0.14242158830165863,8
detected_ET,rand_orth,19.59598159790039,3.9129300117492676,0.8704769611358643,0.08584636449813843,0.14220945537090302,8
detected_ET,r1b_orth,19.574384689331055,3.9260237216949463,0.8701760768890381,0.08556630462408066,0.14212603867053986,8
WT_not_TC_FP,prod_orth,20.869895935058594,5.732281684875488,0.9103397727012634,0.049707841128110886,0.08972448855638504,1408
WT_not_TC_FP,raw_d1,21.37883186340332,5.9051055908203125,0.8919572234153748,0.06194908171892166,0.11139054596424103,1408
WT_not_TC_FP,rand_orth,21.296186447143555,5.893223762512207,0.8927185535430908,0.061896488070487976,0.1109948679804802,1408
WT_not_TC_FP,r1b_orth,21.359699249267578,5.901895046234131,0.8921865224838257,0.061823029071092606,0.11121395230293274,1408
distant_bg_FP,prod_orth,13.320537567138672,0.5430102348327637,0.930007815361023,0.01595279574394226,0.04105503112077713,2
distant_bg_FP,raw_d1,14.314393997192383,0.42162275314331055,0.9372206926345825,0.014712125062942505,0.035323616117239,2
distant_bg_FP,rand_orth,14.29595947265625,0.4191865921020508,0.9392112493515015,0.014422565698623657,0.034327875822782516,2
distant_bg_FP,r1b_orth,14.303600311279297,0.41382551193237305,0.9384053349494934,0.014133870601654053,0.034730348736047745,2
detected_ET,prod_orth,27.83639144897461,1.078709602355957,0.8770809769630432,0.02922416292130947,0.08807585388422012,8
detected_ET,raw_d1,27.953792572021484,1.1327277421951294,0.8566011786460876,0.03351641446352005,0.10351888835430145,8
detected_ET,rand_orth,27.869770050048828,1.1320637464523315,0.8577873706817627,0.03327341750264168,0.1027054563164711,8
detected_ET,r1b_orth,27.92955780029297,1.1274548768997192,0.8584401607513428,0.033156249672174454,0.10195757448673248,8
WT_not_TC_FP,prod_orth,25.740489959716797,6.55502462387085,0.8874408006668091,0.043391019105911255,0.10522515326738358,459
WT_not_TC_FP,raw_d1,26.38829803466797,6.541509628295898,0.8667288422584534,0.053054459393024445,0.1222078874707222,459
WT_not_TC_FP,rand_orth,26.083467483520508,6.393585205078125,0.8672179579734802,0.052813202142715454,0.12089817970991135,459
WT_not_TC_FP,r1b_orth,26.377395629882812,6.544881820678711,0.8669823408126831,0.0529654324054718,0.12221081554889679,459
distant_bg_FP,prod_orth,12.155651092529297,1.8421194553375244,0.9511809349060059,0.031733181327581406,0.04721737653017044,69
distant_bg_FP,raw_d1,15.077951431274414,2.0420186519622803,0.9676040410995483,0.02254139445722103,0.03068750910460949,69
distant_bg_FP,rand_orth,15.053118705749512,2.042250394821167,0.9682700037956238,0.022155871614813805,0.03002302162349224,69
distant_bg_FP,r1b_orth,15.070691108703613,2.044675350189209,0.9682801961898804,0.02235843800008297,0.02992815151810646,69
detected_ET,prod_orth,16.926673889160156,2.978241443634033,0.9478600025177002,0.04141882434487343,0.05909337103366852,689
detected_ET,raw_d1,17.386049270629883,3.116584539413452,0.9383145570755005,0.053562238812446594,0.0725858137011528,689
detected_ET,rand_orth,17.349266052246094,3.1115102767944336,0.939121663570404,0.05336173623800278,0.07197575271129608,689
detected_ET,r1b_orth,17.35777473449707,3.1134040355682373,0.9383324384689331,0.05348259210586548,0.07254346460103989,689
WT_not_TC_FP,prod_orth,16.20387840270996,4.17866849899292,0.9140757322311401,0.035538818687200546,0.07777241617441177,1626
WT_not_TC_FP,raw_d1,16.560094833374023,4.233786106109619,0.8950560092926025,0.0460093691945076,0.09674835950136185,1626
WT_not_TC_FP,rand_orth,16.4890079498291,4.182345390319824,0.8956119418144226,0.04595984145998955,0.09634152799844742,1626
WT_not_TC_FP,r1b_orth,16.54524803161621,4.23628044128418,0.8954603672027588,0.045947179198265076,0.09652306139469147,1626
distant_bg_FP,prod_orth,13.972307205200195,3.234726905822754,0.937572717666626,0.04947764053940773,0.05688076838850975,128
distant_bg_FP,raw_d1,15.673943519592285,2.9551215171813965,0.9482910633087158,0.04011496528983116,0.04497034102678299,128
distant_bg_FP,rand_orth,15.632387161254883,2.927716016769409,0.9495878219604492,0.038917310535907745,0.044226087629795074,128
distant_bg_FP,r1b_orth,15.66569995880127,2.955090284347534,0.9490164518356323,0.03977803885936737,0.044336967170238495,128
detected_ET,prod_orth,13.87445068359375,1.505900263786316,0.9058501124382019,0.031011082231998444,0.08906636387109756,6
detected_ET,raw_d1,14.089054107666016,1.6238222122192383,0.8830786347389221,0.037511132657527924,0.11412476748228073,6
detected_ET,rand_orth,14.066006660461426,1.608656644821167,0.8835112452507019,0.03724709525704384,0.11391644924879074,6
detected_ET,r1b_orth,14.08005142211914,1.6264554262161255,0.8835553526878357,0.03750380128622055,0.11384331434965134,6
WT_not_TC_FP,prod_orth,14.612898826599121,4.845719814300537,0.8780532479286194,0.05091280862689018,0.11064857989549637,145
WT_not_TC_FP,raw_d1,15.321765899658203,4.928743839263916,0.8553352355957031,0.0660024955868721,0.1328403651714325,145
WT_not_TC_FP,rand_orth,15.238941192626953,4.855685710906982,0.8560063242912292,0.06604540348052979,0.13227535784244537,145
WT_not_TC_FP,r1b_orth,15.312264442443848,4.931338310241699,0.8559688329696655,0.06578903645277023,0.13261589407920837,145
distant_bg_FP,prod_orth,12.870183944702148,1.9728314876556396,0.9421791434288025,0.030902275815606117,0.05437025427818298,69
distant_bg_FP,raw_d1,15.657336235046387,2.216580629348755,0.9581032395362854,0.02508176490664482,0.03897278010845184,69
distant_bg_FP,rand_orth,15.619356155395508,2.2197747230529785,0.9591096639633179,0.02430126629769802,0.038002561777830124,69
distant_bg_FP,r1b_orth,15.646804809570312,2.2178237438201904,0.9586577415466309,0.02497258596122265,0.038417428731918335,69
detected_ET,prod_orth,25.025928497314453,0.482238233089447,0.8900740742683411,0.022387400269508362,0.08377329260110855,5
detected_ET,raw_d1,25.0771541595459,0.5067870616912842,0.872480034828186,0.025172943249344826,0.0972282737493515,5
detected_ET,rand_orth,24.980838775634766,0.4839802384376526,0.8740002512931824,0.02493080124258995,0.09599298983812332,5
detected_ET,r1b_orth,25.049955368041992,0.5008769035339355,0.8745554089546204,0.024950416758656502,0.0953875407576561,5
WT_not_TC_FP,prod_orth,17.564531326293945,3.323112726211548,0.8719106316566467,0.0491686686873436,0.11309633404016495,540
WT_not_TC_FP,raw_d1,19.0646915435791,3.719621419906616,0.8507997989654541,0.06542103737592697,0.1371527761220932,540
WT_not_TC_FP,rand_orth,18.987775802612305,3.684055805206299,0.8523143529891968,0.0653451532125473,0.1363816112279892,540
WT_not_TC_FP,r1b_orth,19.053001403808594,3.7209973335266113,0.8512468934059143,0.0654057189822197,0.13714057207107544,540
recovered_G2A,prod_orth,7.115476131439209,0.26997607946395874,0.9942820072174072,0.0020170751959085464,0.0038349947426468134,157
recovered_G2A,raw_d1,9.306377410888672,0.35690972208976746,0.9965803027153015,0.0011610548244789243,0.0022840562742203474,157
recovered_G2A,rand_orth,9.230828285217285,0.35201895236968994,0.9966564774513245,0.0011808114359155297,0.002281735185533762,157
recovered_G2A,r1b_orth,9.255852699279785,0.36133497953414917,0.9965587258338928,0.0011651432141661644,0.002300763502717018,157
recovered_G2A,prod_orth,13.193449974060059,1.1629722118377686,0.9785879254341125,0.011465015821158886,0.017822610214352608,44
recovered_G2A,raw_d1,13.947839736938477,1.0974231958389282,0.9796841144561768,0.010621386580169201,0.016679761931300163,44
recovered_G2A,rand_orth,13.860756874084473,1.059729814529419,0.979866623878479,0.010316150262951851,0.016785716637969017,44
recovered_G2A,r1b_orth,13.94482135772705,1.0974221229553223,0.9798951745033264,0.010496607050299644,0.01652486063539982,44
recovered_G2A,prod_orth,6.896425247192383,0.07673344016075134,0.9922372102737427,0.0017527180025354028,0.004700212739408016,9
recovered_G2A,raw_d1,9.431397438049316,0.04964800924062729,0.99574875831604,0.0009118514135479927,0.0025719699915498495,9
recovered_G2A,rand_orth,9.295088768005371,0.0583568811416626,0.9959627985954285,0.0008643054752610624,0.002441028133034706,9
recovered_G2A,r1b_orth,9.396785736083984,0.050342660397291183,0.9957290291786194,0.0009142070775851607,0.0025862681213766336,9
WT_not_TC_FP,prod_orth,13.230316162109375,1.8061609268188477,0.9733760356903076,0.04678777605295181,0.020391615107655525,215
WT_not_TC_FP,raw_d1,14.302123069763184,1.8226815462112427,0.9753186702728271,0.042693063616752625,0.018868565559387207,215
WT_not_TC_FP,rand_orth,14.277752876281738,1.8060988187789917,0.9760062098503113,0.04139226675033569,0.018499180674552917,215
WT_not_TC_FP,r1b_orth,14.296525955200195,1.822509527206421,0.9756119251251221,0.04232285916805267,0.018656792119145393,215
distant_bg_FP,prod_orth,12.761250495910645,1.6522395610809326,0.9730387926101685,0.0450892373919487,0.02254558354616165,168
distant_bg_FP,raw_d1,14.085792541503906,1.7177077531814575,0.9771031141281128,0.03970401734113693,0.018342675641179085,168
distant_bg_FP,rand_orth,14.065862655639648,1.7088565826416016,0.9778517484664917,0.03823456913232803,0.01788739301264286,168
distant_bg_FP,r1b_orth,14.080598831176758,1.7182945013046265,0.9774556756019592,0.03934928774833679,0.018022770062088966,168
detected_ET,prod_orth,15.417742729187012,0.5736939311027527,0.8649833798408508,0.032372549176216125,0.10092159360647202,15
detected_ET,raw_d1,15.439233779907227,0.5787107944488525,0.8497489094734192,0.03634272515773773,0.11207769066095352,15
detected_ET,rand_orth,15.27364730834961,0.5317886471748352,0.8522301912307739,0.03669719398021698,0.10988585650920868,15
detected_ET,r1b_orth,15.41269302368164,0.575925886631012,0.8527066707611084,0.036267008632421494,0.10962402075529099,15
WT_not_TC_FP,prod_orth,14.34287166595459,2.5283045768737793,0.8628079891204834,0.04931333661079407,0.12108217179775238,174
WT_not_TC_FP,raw_d1,15.198087692260742,2.738316297531128,0.8415997624397278,0.06338208168745041,0.1477862000465393,174
WT_not_TC_FP,rand_orth,15.124642372131348,2.7002182006835938,0.8426582217216492,0.06350181251764297,0.14663295447826385,174
WT_not_TC_FP,r1b_orth,15.188329696655273,2.740281820297241,0.8422684073448181,0.0634063184261322,0.1479419767856598,174
distant_bg_FP,prod_orth,11.530744552612305,0.427406907081604,0.9393017888069153,0.056168537586927414,0.05396100506186485,14
distant_bg_FP,raw_d1,14.119751930236816,1.142782211303711,0.9546335935592651,0.048227373510599136,0.03812785819172859,14
distant_bg_FP,rand_orth,14.09783935546875,1.1468864679336548,0.9558765292167664,0.04625144973397255,0.037390727549791336,14
distant_bg_FP,r1b_orth,14.116375923156738,1.1429799795150757,0.9551364183425903,0.048071857541799545,0.03763369843363762,14
detected_ET,prod_orth,14.173118591308594,1.2577775716781616,0.884843647480011,0.030695976689457893,0.08232156932353973,10
detected_ET,raw_d1,14.227702140808105,1.24114191532135,0.8672184944152832,0.0398222990334034,0.09564810991287231,10
detected_ET,rand_orth,14.208152770996094,1.2240811586380005,0.8681909441947937,0.03996587544679642,0.095201775431633,10
detected_ET,r1b_orth,14.208791732788086,1.2364331483840942,0.8682765960693359,0.03976278379559517,0.09475710988044739,10
WT_not_TC_FP,prod_orth,19.562063217163086,4.866081714630127,0.8896708488464355,0.03398708254098892,0.09291697293519974,537
WT_not_TC_FP,raw_d1,20.00994873046875,4.819674015045166,0.865840494632721,0.04205095395445824,0.11299485713243484,537
WT_not_TC_FP,rand_orth,19.857141494750977,4.740084171295166,0.8662935495376587,0.04209456220269203,0.1123378723859787,537
WT_not_TC_FP,r1b_orth,19.999454498291016,4.821313858032227,0.8661569952964783,0.042039982974529266,0.11292175948619843,537
distant_bg_FP,prod_orth,11.859172821044922,2.0854334831237793,0.9344525337219238,0.022374611347913742,0.060803599655628204,8
distant_bg_FP,raw_d1,14.583780288696289,2.3914270401000977,0.9562294483184814,0.014449103735387325,0.03953450173139572,8
distant_bg_FP,rand_orth,14.53873348236084,2.3825204372406006,0.9573946595191956,0.01420705858618021,0.03815720975399017,8
distant_bg_FP,r1b_orth,14.580948829650879,2.392108678817749,0.9567877054214478,0.014301004819571972,0.038983408361673355,8
recovered_G2A,prod_orth,13.952825546264648,0.9300419688224792,0.9403169751167297,0.016582677140831947,0.05445610731840134,14
recovered_G2A,raw_d1,14.681985855102539,0.9413732290267944,0.9456551671028137,0.014934380538761616,0.049328744411468506,14
recovered_G2A,rand_orth,14.577132225036621,0.9336971640586853,0.9451640248298645,0.01505904458463192,0.049937423318624496,14
recovered_G2A,r1b_orth,14.67783260345459,0.9394784569740295,0.9458937644958496,0.014893271960318089,0.04923340305685997,14
WT_not_TC_FP,prod_orth,18.958213806152344,4.477898120880127,0.9052364826202393,0.04728929325938225,0.08336679637432098,1449
WT_not_TC_FP,raw_d1,19.423179626464844,4.455573558807373,0.8920931220054626,0.05281996726989746,0.0940033569931984,1449
WT_not_TC_FP,rand_orth,19.305044174194336,4.37155294418335,0.89263516664505,0.05249746888875961,0.09352093935012817,1449
WT_not_TC_FP,r1b_orth,19.412309646606445,4.456769943237305,0.8925943970680237,0.052665043622255325,0.09366241842508316,1449
distant_bg_FP,prod_orth,12.692869186401367,1.186803936958313,0.9570280313491821,0.01682025007903576,0.044843077659606934,5
distant_bg_FP,raw_d1,15.8582124710083,1.0535672903060913,0.9710010290145874,0.012589187361299992,0.02889651618897915,5
distant_bg_FP,rand_orth,15.844064712524414,1.0456275939941406,0.9714788198471069,0.012324610725045204,0.028417598456144333,5
distant_bg_FP,r1b_orth,15.850286483764648,1.0523338317871094,0.9718028903007507,0.012313217855989933,0.027810584753751755,5
recovered_G2A,prod_orth,28.355621337890625,1.3271970748901367,0.9704316854476929,0.00631533470004797,0.025809302926063538,5
recovered_G2A,raw_d1,28.91182518005371,1.6359810829162598,0.9686681628227234,0.007216562982648611,0.026459526270627975,5
recovered_G2A,rand_orth,28.559864044189453,1.5400669574737549,0.9684522747993469,0.007102392613887787,0.026775509119033813,5
recovered_G2A,r1b_orth,28.907018661499023,1.6386971473693848,0.9688488245010376,0.0071324873715639114,0.026346543803811073,5
WT_not_TC_FP,prod_orth,20.84307289123535,4.799200534820557,0.9095775485038757,0.04628528654575348,0.08040788769721985,592
WT_not_TC_FP,raw_d1,21.240354537963867,4.755878925323486,0.8930627107620239,0.0514802560210228,0.09267344325780869,592
WT_not_TC_FP,rand_orth,21.086063385009766,4.653342247009277,0.8934587836265564,0.0510028600692749,0.0923396423459053,592
WT_not_TC_FP,r1b_orth,21.22752571105957,4.7568793296813965,0.8935476541519165,0.05128920078277588,0.09233532845973969,592
distant_bg_FP,prod_orth,13.754206657409668,3.6633758544921875,0.9073867201805115,0.059168532490730286,0.09212765842676163,6
distant_bg_FP,raw_d1,14.8688383102417,3.3878583908081055,0.9215142726898193,0.04771415889263153,0.07403191179037094,6
distant_bg_FP,rand_orth,14.814610481262207,3.312807321548462,0.9233521819114685,0.04690815508365631,0.07299786806106567,6
distant_bg_FP,r1b_orth,14.86572265625,3.3888659477233887,0.9224911332130432,0.04717888683080673,0.0733502134680748,6
