variant,fp_target,threshold,mean_fp_actual,phenotype,sensitivity
prod,100,1.0,0.0,G1_confidently_missed,0.0
prod,100,1.0,0.0,G2_low_confidence,0.0
prod,100,1.0,0.0,G3_confidently_detected,0.0
prod,100,1.0,0.0,ALL,0.0
prod,500,0.99999847,490.6119402985075,G1_confidently_missed,0.0
prod,500,0.99999847,490.6119402985075,G2_low_confidence,0.0
prod,500,0.99999847,490.6119402985075,G3_confidently_detected,0.75
prod,500,0.99999847,490.6119402985075,ALL,0.43902439024390244
prod,1000,0.99982386,1006.5074626865671,G1_confidently_missed,0.0
prod,1000,0.99982386,1006.5074626865671,G2_low_confidence,0.0
prod,1000,0.99982386,1006.5074626865671,G3_confidently_detected,0.8452380952380952
prod,1000,0.99982386,1006.5074626865671,ALL,0.49477351916376305
prod,500,0.99999847,490.6119402985075,DICE,0.6687010662578609
r1,100,0.92234019,121.85074626865672,G1_confidently_missed,0.08849557522123894
r1,100,0.92234019,121.85074626865672,G2_low_confidence,0.3333333333333333
r1,100,0.92234019,121.85074626865672,G3_confidently_detected,0.7202380952380952
r1,100,0.92234019,121.85074626865672,ALL,0.4634146341463415
r1,500,0.85789474,432.64179104477614,G1_confidently_missed,0.20353982300884957
r1,500,0.85789474,432.64179104477614,G2_low_confidence,0.6666666666666666
r1,500,0.85789474,432.64179104477614,G3_confidently_detected,0.9404761904761905
r1,500,0.85789474,432.64179104477614,ALL,0.6445993031358885
r1,1000,0.77368421,1086.597014925373,G1_confidently_missed,0.24778761061946902
r1,1000,0.77368421,1086.597014925373,G2_low_confidence,0.8333333333333334
r1,1000,0.77368421,1086.597014925373,G3_confidently_detected,0.9880952380952381
r1,1000,0.77368421,1086.597014925373,ALL,0.6933797909407665
r1,500,0.85789474,432.64179104477614,DICE,0.6228541118630098
r2,100,0.95022342,129.91044776119404,G1_confidently_missed,0.09734513274336283
r2,100,0.95022342,129.91044776119404,G2_low_confidence,0.3333333333333333
r2,100,0.95022342,129.91044776119404,G3_confidently_detected,0.7738095238095238
r2,100,0.95022342,129.91044776119404,ALL,0.49825783972125437
r2,500,0.9,456.53731343283584,G1_confidently_missed,0.21238938053097345
r2,500,0.9,456.53731343283584,G2_low_confidence,0.6666666666666666
r2,500,0.9,456.53731343283584,G3_confidently_detected,0.9523809523809523
r2,500,0.9,456.53731343283584,ALL,0.6550522648083623
r2,1000,0.85789474,825.4626865671642,G1_confidently_missed,0.23893805309734514
r2,1000,0.85789474,825.4626865671642,G2_low_confidence,0.6666666666666666
r2,1000,0.85789474,825.4626865671642,G3_confidently_detected,0.9821428571428571
r2,1000,0.85789474,825.4626865671642,ALL,0.6829268292682927
r2,500,0.9,456.53731343283584,DICE,0.6021006799955139
r3,100,0.96843795,113.26865671641791,G1_confidently_missed,0.09734513274336283
r3,100,0.96843795,113.26865671641791,G2_low_confidence,0.3333333333333333
r3,100,0.96843795,113.26865671641791,G3_confidently_detected,0.7440476190476191
r3,100,0.96843795,113.26865671641791,ALL,0.4808362369337979
r3,500,0.92234019,508.3880597014925,G1_confidently_missed,0.19469026548672566
r3,500,0.92234019,508.3880597014925,G2_low_confidence,0.6666666666666666
r3,500,0.92234019,508.3880597014925,G3_confidently_detected,0.9523809523809523
r3,500,0.92234019,508.3880597014925,ALL,0.6480836236933798
r3,1000,0.88079708,963.5970149253732,G1_confidently_missed,0.23893805309734514
r3,1000,0.88079708,963.5970149253732,G2_low_confidence,1.0
r3,1000,0.88079708,963.5970149253732,G3_confidently_detected,0.9761904761904762
r3,1000,0.88079708,963.5970149253732,ALL,0.686411149825784
r3,500,0.92234019,508.3880597014925,DICE,0.5757738692126212
r5,100,0.98012671,123.50746268656717,G1_confidently_missed,0.09734513274336283
r5,100,0.98012671,123.50746268656717,G2_low_confidence,0.5
r5,100,0.98012671,123.50746268656717,G3_confidently_detected,0.7440476190476191
r5,100,0.98012671,123.50746268656717,ALL,0.4843205574912892
r5,500,0.95022342,469.1940298507463,G1_confidently_missed,0.19469026548672566
r5,500,0.95022342,469.1940298507463,G2_low_confidence,0.6666666666666666
r5,500,0.95022342,469.1940298507463,G3_confidently_detected,0.9404761904761905
r5,500,0.95022342,469.1940298507463,ALL,0.6411149825783972
r5,1000,0.9,1118.2089552238806,G1_confidently_missed,0.23008849557522124
r5,1000,0.9,1118.2089552238806,G2_low_confidence,0.8333333333333334
r5,1000,0.9,1118.2089552238806,G3_confidently_detected,0.9761904761904762
r5,1000,0.9,1118.2089552238806,ALL,0.6794425087108014
r5,500,0.95022342,469.1940298507463,DICE,0.5220500798221088
r10,100,0.99221281,75.22388059701493,G1_confidently_missed,0.061946902654867256
r10,100,0.99221281,75.22388059701493,G2_low_confidence,0.3333333333333333
r10,100,0.99221281,75.22388059701493,G3_confidently_detected,0.6666666666666666
r10,100,0.99221281,75.22388059701493,ALL,0.42160278745644597
r10,500,0.96843795,515.3432835820895,G1_confidently_missed,0.19469026548672566
r10,500,0.96843795,515.3432835820895,G2_low_confidence,0.6666666666666666
r10,500,0.96843795,515.3432835820895,G3_confidently_detected,0.9345238095238095
r10,500,0.96843795,515.3432835820895,ALL,0.6376306620209059
r10,1000,0.95022342,852.4179104477612,G1_confidently_missed,0.22123893805309736
r10,1000,0.95022342,852.4179104477612,G2_low_confidence,0.8333333333333334
r10,1000,0.95022342,852.4179104477612,G3_confidently_detected,0.9702380952380952
r10,1000,0.95022342,852.4179104477612,ALL,0.6724738675958188
r10,500,0.96843795,515.3432835820895,DICE,0.4795770158474916
