p_bin,n_pos,n_neg,mean_y_marg_pos,frac_clipped_pos,max_unclipped_pos,frac_eps_dominated_pos
"[0.00,0.10)",701,13433,0.9999989902076442,0.0,0.9999990000010001,0.0
"[0.10,0.20)",74,74,0.9999988246342342,0.0,0.9999988880534247,0.0
"[0.20,0.30)",44,53,0.9999986732081834,0.0,0.9999987468693552,0.0
"[0.30,0.40)",46,42,0.9999984593681303,0.0,0.9999985657079709,0.0
"[0.40,0.50)",43,50,0.9999981911536816,0.0,0.9999983316922433,0.0
"[0.50,0.60)",40,31,0.9999977629918397,0.0,0.999997967916138,0.0
"[0.60,0.70)",44,28,0.9999970929154379,0.0,0.9999974827234084,0.0
"[0.70,0.80)",66,29,0.9999958445417046,0.0,0.9999966502536359,0.0
"[0.80,0.90)",99,56,0.9999928252219867,0.0,0.9999949577808122,0.0
"[0.90,0.99)",343,159,0.9999587420122135,0.0,0.9999899929620034,0.0
"[0.99,1.00)",3503,940,0.5498350234570074,0.0,0.9998996141695494,0.5849272052526406
