source,fp_target,threshold,TP,FP,FN,TN,precision,recall,specificity,dice,iou
prod,100,0.999999881620137,1282714,16203,1202483,163352288,0.987525761846215,0.5161417787000386,0.9999008193079288,0.6779468060423127,0.5127984328775885
prod,500,0.999839037347316,1840647,61372,644550,163307119,0.9677332350518055,0.7406443030472031,0.9996243339237307,0.839095681635005,0.722794866347623
prod,1000,0.95082877089122,2036993,126407,448204,163242084,0.9415702135527411,0.8196505146272106,0.9992262461431439,0.8763904464078086,0.779977745477492
999::h1_ordinary,100,0.969022838532718,461883,7211,2023314,163361280,0.9846278144678892,0.18585367679101497,0.999955860521476,0.31268619103534484,0.1853159675301957
999::h1_ordinary,500,0.9,1378227,58517,1106970,163309974,0.9592711018803628,0.5545745468065509,0.9996418097538772,0.7028290328691839,0.5418168080216565
999::h1_ordinary,1000,0.81578947368421,1842606,121048,642591,163247443,0.9383557388419752,0.7414325705366617,0.9992590492863156,0.8283514102854872,0.706996464261802
999::h2_t1,100,0.995353985151741,728,8952,2484469,163359539,0.07520661157024794,0.00029293452390293407,0.9999452036317089,0.0005835959047279686,0.0002918831232616816
999::h2_t1,500,0.980622037447513,3779,47298,2481418,163321193,0.07398633435793019,0.0015206037992159173,0.9997104827270517,0.0029799619441748014,0.0014922043281427998
999::h2_t1,1000,0.95082877089122,12202,141717,2472995,163226774,0.07927546306823718,0.004909872336076375,0.9991325316214128,0.00924703574984957,0.004644994088120129
999::h3_mrd_t2,100,0.969022838532718,10762,14354,2474435,163354137,0.4284917980570154,0.0043304414096749675,0.9999121372798871,0.008574229588103157,0.00430557328096126
999::h3_mrd_t2,500,0.922799970717367,81783,60588,2403414,163307903,0.5744358050445667,0.032908055176309965,0.9996291328907482,0.06224995889735299,0.0321248652183904
999::h3_mrd_t2,1000,0.880797077977882,166930,111652,2318267,163256839,0.5992131580647708,0.06716972537790766,0.9993165634369482,0.12079837063672602,0.06428175069093352
999::h4_combined,100,0.999999881620137,1282714,16203,1202483,163352288,0.987525761846215,0.5161417787000386,0.9999008193079288,0.6779468060423127,0.5127984328775885
999::h4_combined,500,0.999839037347316,1840647,61372,644550,163307119,0.9677332350518055,0.7406443030472031,0.9996243339237307,0.839095681635005,0.722794866347623
999::h4_combined,1000,0.980622037447513,2016770,121884,468427,163246607,0.943009014080819,0.8115131315545608,0.9992539320204653,0.8723334726832677,0.7735739702755687
4242::h1_ordinary,100,0.969022838532718,558023,7834,1927174,163360657,0.9861555127885667,0.22453873878006453,0.9999520470566139,0.3657903137735353,0.22383315730931544
4242::h1_ordinary,500,0.9,1414321,55796,1070876,163312695,0.9620465581991093,0.5690981439298374,0.9996584653524161,0.7151497959454041,0.5566016907563303
4242::h1_ordinary,1000,0.81578947368421,1835537,114692,649660,163253799,0.9411904960904591,0.7385881280236537,0.9992979551974928,0.8276711188508161,0.7060059102523223
4242::h2_t1,100,0.987932080391847,1106,13925,2484091,163354566,0.07358126538487127,0.00044503514208330366,0.9999147632452576,0.0008847193135985998,0.00044255542546542344
4242::h2_t1,500,0.969022838532718,4656,50384,2480541,163318107,0.08459302325581396,0.001873493328697886,0.9996915929155519,0.0036657996871945413,0.0018362655344080904
4242::h2_t1,1000,0.95082877089122,10152,94547,2475045,163273944,0.09696367682594867,0.004084988031129926,0.999421265389542,0.007839697038027782,0.003935274197749855
4242::h3_mrd_t2,100,0.969022838532718,7617,10573,2477580,163357918,0.4187465640461792,0.003064948171110781,0.9999352812777098,0.006085355560286923,0.0030519639229576443
4242::h3_mrd_t2,500,0.922799970717367,75646,52285,2409551,163316206,0.5913031243404648,0.030438633235111742,0.9996799566447608,0.057896895980602554,0.029811442997428158
4242::h3_mrd_t2,1000,0.857894736842105,207748,127621,2277449,163240870,0.6194609519663415,0.08359417784586091,0.9992188150896246,0.14730944072927207,0.07951108726287097
4242::h4_combined,100,0.999999881620137,1282714,16203,1202483,163352288,0.987525761846215,0.5161417787000386,0.9999008193079288,0.6779468060423127,0.5127984328775885
4242::h4_combined,500,0.999839037347316,1840647,61372,644550,163307119,0.9677332350518055,0.7406443030472031,0.9996243339237307,0.839095681635005,0.722794866347623
4242::h4_combined,1000,0.969022838532718,2031191,130155,454006,163238336,0.939780581174879,0.8173158908529183,0.9992033041426575,0.8742805134914279,0.7766415381180047
7::h1_ordinary,100,0.969022838532718,493735,8220,1991462,163360271,0.9836240300425337,0.19867036697694387,0.9999496842998935,0.3305723980567444,0.19801541418864152
7::h1_ordinary,500,0.9,1370677,58591,1114520,163309900,0.959006288533711,0.5515365582688213,0.9996413567901536,0.7003138359903588,0.5388330316834579
7::h1_ordinary,1000,0.81578947368421,1817935,117122,667262,163251369,0.9394736175730224,0.731505389713572,0.9992830808481912,0.8225477540430934,0.6985826872109069
7::h2_t1,100,0.995353985151741,846,10276,2484351,163358215,0.0760654558532638,0.0003404156692608272,0.9999370992537355,0.0006777979897601228,0.00033901388634539426
7::h2_t1,500,0.980622037447513,4412,51947,2480785,163316544,0.07828385883354921,0.0017753119772798696,0.999682025587174,0.0034718888743745955,0.001738963180647216
7::h2_t1,1000,0.95082877089122,14419,152062,2470778,163216429,0.0866104840792643,0.005801954533181877,0.9990692085170818,0.010875377779654995,0.005467419013452983
7::h3_mrd_t2,100,0.969022838532718,11573,15048,2473624,163353443,0.4347319785132039,0.004656773688363538,0.9999078892146956,0.009214839610194687,0.00462874638285448
7::h3_mrd_t2,500,0.922799970717367,85167,63647,2400030,163304844,0.572305025064846,0.034269717853353275,0.9996104083497962,0.06466715590785307,0.033413971196354114
7::h3_mrd_t2,1000,0.880797077977882,169113,114656,2316084,163253835,0.5959530463158415,0.06804812656702869,0.9992981755582232,0.12214884545350141,0.0650471392036396
7::h4_combined,100,0.999999881620137,1282714,16203,1202483,163352288,0.987525761846215,0.5161417787000386,0.9999008193079288,0.6779468060423127,0.5127984328775885
7::h4_combined,500,0.999839037347316,1840647,61372,644550,163307119,0.9677332350518055,0.7406443030472031,0.9996243339237307,0.839095681635005,0.722794866347623
7::h4_combined,1000,0.980622037447513,2016897,122024,468300,163246467,0.9429506746625985,0.8115642341432088,0.9992530750620694,0.8723380328962194,0.7735811425268514
123::h1_ordinary,100,0.95082877089122,690764,17149,1794433,163351342,0.9757752718201248,0.2779514058644043,0.9998950287176246,0.43265906905806567,0.2760465579100572
123::h1_ordinary,500,0.880797077977882,1457579,69733,1027618,163298758,0.9543426621410688,0.5865044099119707,0.999573155144097,0.7265174981538982,0.5704966476576657
123::h1_ordinary,1000,0.81578947368421,1791074,116550,694123,163251941,0.9389030542706529,0.7206969910232468,0.9992865821353519,0.8154550344755682,0.6884120554381344
123::h2_t1,100,0.992505595310084,1279,13995,2483918,163354496,0.08373706952992012,0.0005146473297690284,0.9999143347660596,0.0010230072654311927,0.0005117654025781133
123::h2_t1,500,0.969022838532718,6899,71252,2478298,163297239,0.08827782114112423,0.0027760374730856348,0.9995638571455006,0.005382804051576298,0.0026986652188250187
123::h2_t1,1000,0.95082877089122,12986,124156,2472211,163244335,0.094690175146928,0.0052253402848949195,0.9992400248099249,0.00990413520143658,0.004976712618032133
123::h3_mrd_t2,100,0.969022838532718,9790,15785,2475407,163352706,0.3827956989247312,0.003939325534354017,0.9999033779408539,0.0077983982615705445,0.003914462399169606
123::h3_mrd_t2,500,0.922799970717367,76125,60856,2409072,163307635,0.5557340069060672,0.03063137449465777,0.999627492427533,0.05806241986623334,0.02989922047969936
123::h3_mrd_t2,1000,0.880797077977882,158905,112000,2326292,163256491,0.5865709381517507,0.06394060511098315,0.999314433283221,0.11531140719755655,0.0611832679615755
123::h4_combined,100,0.999999881620137,1282714,16203,1202483,163352288,0.987525761846215,0.5161417787000386,0.9999008193079288,0.6779468060423127,0.5127984328775885
123::h4_combined,500,0.999839037347316,1840647,61372,644550,163307119,0.9677332350518055,0.7406443030472031,0.9996243339237307,0.839095681635005,0.722794866347623
123::h4_combined,1000,0.980622037447513,2016929,123363,468268,163245128,0.9423616029962267,0.8115771103860177,0.999244878867125,0.8720933073238311,0.7731963228754561
2024::h1_ordinary,100,0.969022838532718,462687,7291,2022510,163361200,0.9844865078790922,0.18617719239158909,0.999955370830964,0.31313678546955764,0.18563258880283476
2024::h1_ordinary,500,0.9,1351952,56149,1133245,163312342,0.9601243092647473,0.5440019443126641,0.999656304593032,0.6945021932562059,0.5319826580087875
2024::h1_ordinary,1000,0.81578947368421,1815111,116853,670086,163251638,0.9395159537134232,0.7303690612856848,0.9992847274325378,0.8218450719817548,0.6975696085778521
2024::h2_t1,100,0.992505595310084,1226,12377,2483971,163356114,0.0901271778284202,0.0004933210526167543,0.9999242387566645,0.0009812710100848407,0.000490876346406553
2024::h2_t1,500,0.969022838532718,6279,63580,2478918,163304911,0.0898810461071587,0.002526560268662806,0.9996108184656,0.004914960767983168,0.002463534471630904
2024::h2_t1,1000,0.95082877089122,11662,112780,2473535,163255711,0.09371434081740891,0.004692585738675847,0.9993096588007292,0.008937634669009775,0.004488877307227893
2024::h3_mrd_t2,100,0.969022838532718,10494,15930,2474703,163352561,0.3971389645776567,0.004222602876150261,0.999902490376801,0.008356356313313195,0.004195708574574582
2024::h3_mrd_t2,500,0.922799970717367,77561,63119,2407636,163305372,0.5513292578902473,0.03120919589070806,0.9996136403071753,0.0590743587761346,0.03043617824477027
2024::h3_mrd_t2,1000,0.880797077977882,159450,114148,2325747,163254343,0.58278934787535,0.06415990362132258,0.9993012850929742,0.11559394590754296,0.06134237663719129
2024::h4_combined,100,0.999999881620137,1282714,16203,1202483,163352288,0.987525761846215,0.5161417787000386,0.9999008193079288,0.6779468060423127,0.5127984328775885
2024::h4_combined,500,0.999839037347316,1840647,61372,644550,163307119,0.9677332350518055,0.7406443030472031,0.9996243339237307,0.839095681635005,0.722794866347623
2024::h4_combined,1000,0.980622037447513,2016982,123079,468215,163245412,0.9424880879563713,0.81159843666317,0.9992466172684425,0.8721597800598366,0.7733008316604532
