source,fp_target,threshold,mean_fp_actual,phenotype,sensitivity
prod,100,1.0,0.0,G1_confidently_missed,0.0
prod,100,1.0,0.0,G2_low_confidence,0.0
prod,100,1.0,0.0,G3_confidently_detected,0.0
prod,100,1.0,0.0,ALL,0.0
prod,500,0.999997878300758,513.2666666666667,G1_confidently_missed,0.0
prod,500,0.999997878300758,513.2666666666667,G2_low_confidence,0.0
prod,500,0.999997878300758,513.2666666666667,G3_confidently_detected,0.7346938775510204
prod,500,0.999997878300758,513.2666666666667,ALL,0.4864864864864865
prod,1000,0.999961974486518,962.0,G1_confidently_missed,0.0
prod,1000,0.999961974486518,962.0,G2_low_confidence,0.0
prod,1000,0.999961974486518,962.0,G3_confidently_detected,0.8775510204081632
prod,1000,0.999961974486518,962.0,ALL,0.581081081081081
999::h1_ordinary,100,0.992505595310084,83.4,G1_confidently_missed,0.0
999::h1_ordinary,100,0.992505595310084,83.4,G2_low_confidence,0.0
999::h1_ordinary,100,0.992505595310084,83.4,G3_confidently_detected,0.3469387755102041
999::h1_ordinary,100,0.992505595310084,83.4,ALL,0.22972972972972974
999::h1_ordinary,500,0.95082877089122,462.4,G1_confidently_missed,0.041666666666666664
999::h1_ordinary,500,0.95082877089122,462.4,G2_low_confidence,0.0
999::h1_ordinary,500,0.95082877089122,462.4,G3_confidently_detected,0.5510204081632653
999::h1_ordinary,500,0.95082877089122,462.4,ALL,0.3783783783783784
999::h1_ordinary,1000,0.880797077977882,1037.2666666666667,G1_confidently_missed,0.375
999::h1_ordinary,1000,0.880797077977882,1037.2666666666667,G2_low_confidence,0.0
999::h1_ordinary,1000,0.880797077977882,1037.2666666666667,G3_confidently_detected,0.6938775510204082
999::h1_ordinary,1000,0.880797077977882,1037.2666666666667,ALL,0.581081081081081
999::h2_t1,100,0.997122928906232,80.73333333333333,G1_confidently_missed,0.041666666666666664
999::h2_t1,100,0.997122928906232,80.73333333333333,G2_low_confidence,0.0
999::h2_t1,100,0.997122928906232,80.73333333333333,G3_confidently_detected,0.14285714285714285
999::h2_t1,100,0.997122928906232,80.73333333333333,ALL,0.10810810810810811
999::h2_t1,500,0.980622037447513,565.8666666666667,G1_confidently_missed,0.2916666666666667
999::h2_t1,500,0.980622037447513,565.8666666666667,G2_low_confidence,0.0
999::h2_t1,500,0.980622037447513,565.8666666666667,G3_confidently_detected,0.30612244897959184
999::h2_t1,500,0.980622037447513,565.8666666666667,ALL,0.2972972972972973
999::h2_t1,1000,0.969022838532718,883.1333333333333,G1_confidently_missed,0.2916666666666667
999::h2_t1,1000,0.969022838532718,883.1333333333333,G2_low_confidence,0.0
999::h2_t1,1000,0.969022838532718,883.1333333333333,G3_confidently_detected,0.32653061224489793
999::h2_t1,1000,0.969022838532718,883.1333333333333,ALL,0.3108108108108108
999::h3_mrd_t2,100,0.987932080391847,90.2,G1_confidently_missed,0.041666666666666664
999::h3_mrd_t2,100,0.987932080391847,90.2,G2_low_confidence,0.0
999::h3_mrd_t2,100,0.987932080391847,90.2,G3_confidently_detected,0.32653061224489793
999::h3_mrd_t2,100,0.987932080391847,90.2,ALL,0.22972972972972974
999::h3_mrd_t2,500,0.95082877089122,479.8,G1_confidently_missed,0.125
999::h3_mrd_t2,500,0.95082877089122,479.8,G2_low_confidence,0.0
999::h3_mrd_t2,500,0.95082877089122,479.8,G3_confidently_detected,0.4489795918367347
999::h3_mrd_t2,500,0.95082877089122,479.8,ALL,0.33783783783783783
999::h3_mrd_t2,1000,0.9,1096.4,G1_confidently_missed,0.20833333333333334
999::h3_mrd_t2,1000,0.9,1096.4,G2_low_confidence,0.0
999::h3_mrd_t2,1000,0.9,1096.4,G3_confidently_detected,0.5306122448979592
999::h3_mrd_t2,1000,0.9,1096.4,ALL,0.4189189189189189
999::h4_combined,100,1.0,0.0,G1_confidently_missed,0.0
999::h4_combined,100,1.0,0.0,G2_low_confidence,0.0
999::h4_combined,100,1.0,0.0,G3_confidently_detected,0.0
999::h4_combined,100,1.0,0.0,ALL,0.0
999::h4_combined,500,0.999997878300758,513.2666666666667,G1_confidently_missed,0.0
999::h4_combined,500,0.999997878300758,513.2666666666667,G2_low_confidence,0.0
999::h4_combined,500,0.999997878300758,513.2666666666667,G3_confidently_detected,0.7346938775510204
999::h4_combined,500,0.999997878300758,513.2666666666667,ALL,0.4864864864864865
999::h4_combined,1000,0.999961974486518,962.0,G1_confidently_missed,0.0
999::h4_combined,1000,0.999961974486518,962.0,G2_low_confidence,0.0
999::h4_combined,1000,0.999961974486518,962.0,G3_confidently_detected,0.8775510204081632
999::h4_combined,1000,0.999961974486518,962.0,ALL,0.581081081081081
4242::h1_ordinary,100,0.992505595310084,87.33333333333333,G1_confidently_missed,0.0
4242::h1_ordinary,100,0.992505595310084,87.33333333333333,G2_low_confidence,0.0
4242::h1_ordinary,100,0.992505595310084,87.33333333333333,G3_confidently_detected,0.3469387755102041
4242::h1_ordinary,100,0.992505595310084,87.33333333333333,ALL,0.22972972972972974
4242::h1_ordinary,500,0.95082877089122,479.6,G1_confidently_missed,0.25
4242::h1_ordinary,500,0.95082877089122,479.6,G2_low_confidence,0.0
4242::h1_ordinary,500,0.95082877089122,479.6,G3_confidently_detected,0.5714285714285714
4242::h1_ordinary,500,0.95082877089122,479.6,ALL,0.4594594594594595
4242::h1_ordinary,1000,0.880797077977882,1050.6,G1_confidently_missed,0.4166666666666667
4242::h1_ordinary,1000,0.880797077977882,1050.6,G2_low_confidence,0.0
4242::h1_ordinary,1000,0.880797077977882,1050.6,G3_confidently_detected,0.6938775510204082
4242::h1_ordinary,1000,0.880797077977882,1050.6,ALL,0.5945945945945946
4242::h2_t1,100,0.997122928906232,85.0,G1_confidently_missed,0.16666666666666666
4242::h2_t1,100,0.997122928906232,85.0,G2_low_confidence,0.0
4242::h2_t1,100,0.997122928906232,85.0,G3_confidently_detected,0.14285714285714285
4242::h2_t1,100,0.997122928906232,85.0,ALL,0.14864864864864866
4242::h2_t1,500,0.987932080391847,370.06666666666666,G1_confidently_missed,0.25
4242::h2_t1,500,0.987932080391847,370.06666666666666,G2_low_confidence,0.0
4242::h2_t1,500,0.987932080391847,370.06666666666666,G3_confidently_detected,0.20408163265306123
4242::h2_t1,500,0.987932080391847,370.06666666666666,ALL,0.21621621621621623
4242::h2_t1,1000,0.969022838532718,1126.3333333333333,G1_confidently_missed,0.4166666666666667
4242::h2_t1,1000,0.969022838532718,1126.3333333333333,G2_low_confidence,0.0
4242::h2_t1,1000,0.969022838532718,1126.3333333333333,G3_confidently_detected,0.32653061224489793
4242::h2_t1,1000,0.969022838532718,1126.3333333333333,ALL,0.35135135135135137
4242::h3_mrd_t2,100,0.987932080391847,110.53333333333333,G1_confidently_missed,0.08333333333333333
4242::h3_mrd_t2,100,0.987932080391847,110.53333333333333,G2_low_confidence,0.0
4242::h3_mrd_t2,100,0.987932080391847,110.53333333333333,G3_confidently_detected,0.32653061224489793
4242::h3_mrd_t2,100,0.987932080391847,110.53333333333333,ALL,0.24324324324324326
4242::h3_mrd_t2,500,0.969022838532718,365.46666666666664,G1_confidently_missed,0.20833333333333334
4242::h3_mrd_t2,500,0.969022838532718,365.46666666666664,G2_low_confidence,0.0
4242::h3_mrd_t2,500,0.969022838532718,365.46666666666664,G3_confidently_detected,0.40816326530612246
4242::h3_mrd_t2,500,0.969022838532718,365.46666666666664,ALL,0.33783783783783783
4242::h3_mrd_t2,1000,0.922799970717367,1181.4666666666667,G1_confidently_missed,0.375
4242::h3_mrd_t2,1000,0.922799970717367,1181.4666666666667,G2_low_confidence,0.0
4242::h3_mrd_t2,1000,0.922799970717367,1181.4666666666667,G3_confidently_detected,0.5306122448979592
4242::h3_mrd_t2,1000,0.922799970717367,1181.4666666666667,ALL,0.47297297297297297
4242::h4_combined,100,1.0,0.0,G1_confidently_missed,0.0
4242::h4_combined,100,1.0,0.0,G2_low_confidence,0.0
4242::h4_combined,100,1.0,0.0,G3_confidently_detected,0.0
4242::h4_combined,100,1.0,0.0,ALL,0.0
4242::h4_combined,500,0.999997878300758,513.2666666666667,G1_confidently_missed,0.0
4242::h4_combined,500,0.999997878300758,513.2666666666667,G2_low_confidence,0.0
4242::h4_combined,500,0.999997878300758,513.2666666666667,G3_confidently_detected,0.7346938775510204
4242::h4_combined,500,0.999997878300758,513.2666666666667,ALL,0.4864864864864865
4242::h4_combined,1000,0.999961974486518,962.0,G1_confidently_missed,0.0
4242::h4_combined,1000,0.999961974486518,962.0,G2_low_confidence,0.0
4242::h4_combined,1000,0.999961974486518,962.0,G3_confidently_detected,0.8775510204081632
4242::h4_combined,1000,0.999961974486518,962.0,ALL,0.581081081081081
