subject_id,dice_B0,dice_B1,dice_B2,dice_B3,dice_B4,delta_dice_B3_vs_B0,delta_dice_B4_vs_B0,delta_dice_B4_vs_B1,precision_B0,precision_B3,precision_B4,recall_B0,recall_B3,recall_B4,hd95_B0,hd95_B3,hd95_B4,assd_B0,assd_B3,assd_B4,g1_recovered_B1,g1_recovered_B4,g1_total
BraTS-GLI-00016-000,0.8743660339081293,0.8615243601494748,0.8813459049731929,0.8755252861904071,0.8755252861904071,0.0011592522822778673,0.0011592522822778673,0.014000926040932393,0.807764390896921,0.8088353413654619,0.8088353413654619,0.9529374605180038,0.9542008843967151,0.9542008843967151,1.0,1.0,1.0,0.2601766379621052,0.2578880253188764,0.2578880253188764,6,6,9
BraTS-GLI-00016-001,0.9604754563531962,0.9626882050831833,0.9446820187975943,0.9577792702037161,0.9577792702037161,-0.0026961861494800843,-0.0026961861494800843,-0.004908934879467197,0.9715680513492745,0.9707750952986023,0.9707750952986023,0.9496332950428559,0.9451268003887956,0.9451268003887956,1.0,1.0,1.0,0.18768089540138608,0.20249531893247377,0.20249531893247377,1,1,1
BraTS-GLI-00020-001,0.974538129858685,0.9542379625945085,0.980689830400813,0.972734663248077,0.972734663248077,-0.00180346661060804,-0.00180346661060804,0.018496700653568454,0.9570969337289812,0.9493439121147391,0.9493439121147391,0.9926267872026672,0.9973071744566263,0.9973071744566263,1.0,1.0,1.0,0.07656403637717336,0.08268040857947116,0.08268040857947116,2,2,2
BraTS-GLI-00021-000,0.0,0.0,0.0,0.0,0.0,0.0,0.0,0.0,0.0,0.0,0.0,0.0,0.0,0.0,37.33630940518894,nan,nan,25.54385700644688,nan,nan,0,0,1
BraTS-GLI-00032-001,0.9737447341455083,0.9765623244421474,0.9726760759229646,0.9778957484783305,0.9778957484783305,0.004151014332822167,0.004151014332822167,0.001333424036183084,0.9728364728364728,0.9817597059499196,0.9817597059499196,0.9746546929844555,0.9740620868851712,0.9740620868851712,1.0,1.0,1.0,0.11932236976840627,0.09965837581124232,0.09965837581124232,1,1,2
BraTS-GLI-00044-000,0.9458085451595457,0.9534141671984684,0.9344585708022797,0.9459926550010801,0.9459926550010801,0.0001841098415343856,0.0001841098415343856,-0.007421512197388291,0.9913832199546485,0.9900520009043635,0.9900520009043635,0.9042399172699069,0.9056876938986557,0.9056876938986557,1.0,1.0,1.0,0.13131615614027667,0.1310722506532471,0.1310722506532471,1,1,1
BraTS-GLI-00066-000,0.87606583382907,0.9000872177536583,0.8567682065765584,0.8757067751215157,0.8757067751215157,-0.0003590587075542606,-0.0003590587075542606,-0.024380442632142563,0.9993214204931011,0.9995471014492754,0.9995471014492754,0.7798764342453662,0.7791703442188879,0.7791703442188879,1.0,1.0,1.0,0.23239084039674524,0.22985847357873698,0.22985847357873698,2,2,2
BraTS-GLI-00096-000,0.9148533247579234,0.9297745894433309,0.9032001446393058,0.9157082648760626,0.9157082648760626,0.0008549401181392469,0.0008549401181392469,-0.014066324567268307,0.9978176149649259,0.9982867377930068,0.9982867377930068,0.8446262452992017,0.8457478392821799,0.8457478392821799,1.0,1.0,1.0,0.20859455123074686,0.20561203345860166,0.20561203345860166,1,1,1
BraTS-GLI-00098-000,0.13243236812676962,0.26457073760580413,0.07755092036569523,0.12625949095076644,0.12625949095076644,-0.0061728771760031775,-0.0061728771760031775,-0.1383112466550377,0.9861800141743444,0.988411214953271,0.988411214953271,0.07098222256229755,0.06743693728160788,0.06743693728160788,23.021728866442675,25.553864678361276,25.553864678361276,8.579245351183141,9.688302392972135,9.688302392972135,1,1,4
BraTS-GLI-00103-000,0.8802365697387876,0.8921716570036798,0.880530851620364,0.8876295336787565,0.8876055805920608,0.007392963939968911,0.007369010853273239,-0.004566076411618991,0.9370409233997902,0.9297829036635007,0.9297303408898185,0.8299256505576208,0.8491325898389095,0.8491325898389095,1.0,1.0,1.0,0.2875509214202444,0.268592577280069,0.27002846366529126,1,1,2
BraTS-GLI-00130-000,0.783826574107904,0.7830308974987739,0.786764573870267,0.786350763279685,0.786350763279685,0.0025241891717809883,0.0025241891717809883,0.0033198657809111465,0.7371314506364737,0.7346886092287834,0.7346886092287834,0.8368378037001263,0.8458280704361394,0.8458280704361394,2.23606797749979,2.23606797749979,2.23606797749979,0.4956533696459529,0.4760942193176975,0.4760942193176975,18,14,25
BraTS-GLI-00140-000,0.8817167962149375,0.8044607393828292,0.8958694897604998,0.8648380700594844,0.8648380700594844,-0.01687872615545305,-0.01687872615545305,0.06037733067665518,0.7963980463980463,0.7674486803519062,0.7674486803519062,0.9875094625283876,0.9905374716124148,0.9905374716124148,1.4142135623730951,2.0,2.0,0.3700003933206478,0.42924024294605295,0.42924024294605295,5,5,5
BraTS-GLI-00146-000,0.6458257633659521,0.6171573088150135,0.6674745842590722,0.6427735964198535,0.6427735964198535,-0.0030521669460985557,-0.0030521669460985557,0.025616287604840027,0.4950536890835398,0.4966014458588716,0.4966014458588716,0.9286537907177861,0.9108893052752954,0.9108893052752954,3.0,3.0,3.0,0.7070956815545225,0.7411869417152934,0.7411869417152934,112,111,138
BraTS-GLI-00186-000,0.8720770288858322,0.8815905253394849,0.8598921273201489,0.874504883509238,0.874504883509238,0.0024278546234058895,0.0024278546234058895,-0.007085641830246847,0.9059453942332227,0.9100358422939068,0.9100358422939068,0.8406497135009707,0.8416441729412322,0.8416441729412322,1.7320508075688772,1.7320508075688772,1.7320508075688772,0.34928991006283916,0.36043637319431565,0.36043637319431565,8,6,19
BraTS-GLI-00193-000,0.9499325842696629,0.9428879073549125,0.9520735038490191,0.9381422881411878,0.9381422881411878,-0.011790296128475042,-0.011790296128475042,-0.004745619213724628,0.9460632917058324,0.9154784401305618,0.9154784401305618,0.9538336567534637,0.9619567670021211,0.9619567670021211,1.0,1.0,1.0,0.2518305654109393,0.27440083271702204,0.27440083271702204,11,2,56
BraTS-GLI-00222-000,0.7820765027322404,0.7929271410311035,0.7135514018691589,0.74803326590245,0.74803326590245,-0.03404323682979038,-0.03404323682979038,-0.044893875128653504,0.8882820258192652,0.8813559322033898,0.8813559322033898,0.6985552518547442,0.649746192893401,0.649746192893401,1.4142135623730951,2.0,2.0,0.42944990513346315,0.5876125328016701,0.5876125328016701,3,2,15
BraTS-GLI-00228-000,0.9635899879474171,0.964117614485852,0.9376669896356323,0.9567748009928957,0.9567748009928957,-0.006815186954521435,-0.006815186954521435,-0.0073428134929562905,0.9641575050482387,0.9748255813953488,0.9748255813953488,0.9630231385511794,0.939380357442994,0.939380357442994,1.0,1.0,1.0,0.1507145380748378,0.18035138528343556,0.18035138528343556,1,1,2
BraTS-GLI-00241-000,0.965726467694326,0.9728243286962148,0.9626673318367007,0.9693332237112554,0.9693332237112554,0.003606756016929391,0.003606756016929391,-0.0034911049849594145,0.9828104138851802,0.9892599429434469,0.9892599429434469,0.9492263056092843,0.9501934235976789,0.9501934235976789,1.0,1.0,1.0,0.11684541007883194,0.10509854894892452,0.10509854894892452,2,2,2
BraTS-GLI-00242-000,0.9680919828413609,0.9692969106680871,0.9648854355040639,0.9735408408349768,0.9735408408349768,0.005448857993615941,0.005448857993615941,0.004243930166889731,0.9812189795513202,0.9836246695339936,0.9836246695339936,0.9553115818772229,0.9636616669243854,0.9636616669243854,1.0,1.0,1.0,0.07367108680075263,0.06109892420760948,0.06109892420760948,7,7,7
BraTS-GLI-00249-000,0.9531359291210072,0.9611579777872186,0.9471367024120255,0.9580242334322453,0.9580094274012827,0.004888304311238101,0.004873498280275501,-0.0031485503859358666,0.9847754866062826,0.9838428086214012,0.9838115794819705,0.9234661606578115,0.9335260986114876,0.9335260986114876,1.0,1.0,1.0,0.0955239502054368,0.0874057746389294,0.08748306290436178,4,2,5
BraTS-GLI-00250-000,0.9676955693700816,0.9650651927437641,0.965639724537876,0.9664034458004307,0.9664034458004307,-0.001292123569650916,-0.001292123569650916,0.0013382530566665718,0.9732562341886519,0.9708639838453772,0.9708639838453772,0.9621980848935258,0.9619837073031299,0.9619837073031299,1.0,1.0,1.0,0.205604391771971,0.213607913349551,0.213607913349551,1,1,2
BraTS-GLI-00266-000,0.9494709895607041,0.9481008588618932,0.9475244093358988,0.9480466233233761,0.9480466233233761,-0.0014243662373280008,-0.0014243662373280008,-5.4235538517133364e-05,0.9530410183875531,0.9493032421526768,0.9493032421526768,0.9459276071035823,0.9467933269379255,0.9467933269379255,1.0,1.0,1.0,0.10769283105209866,0.14851906936324458,0.14851906936324458,4,4,11
BraTS-GLI-00286-000,0.95105833417195,0.9490245857830037,0.9345538071240015,0.9432299610235553,0.9432299610235553,-0.007828373148394685,-0.007828373148394685,-0.0057946247594484745,0.9906359189378058,0.9936446729505856,0.9936446729505856,0.9145216437649184,0.8976840203857815,0.8976840203857815,8.086970010833491,9.273618495495704,9.273618495495704,0.9525847479426278,1.0811395146989797,1.0811395146989797,1,1,7
BraTS-GLI-00299-000,0.7299382716049383,0.7647668393782383,0.6975341493702324,0.7227176220806794,0.7227176220806794,-0.0072206495242589375,-0.0072206495242589375,-0.04204921729755895,0.9395276980798941,0.9166307626023266,0.9166307626023266,0.5968035889527548,0.596523202018786,0.596523202018786,5.830951894845301,4.898979485566356,4.898979485566356,1.2202451596169732,1.0599654528480045,1.0599654528480045,17,8,36
BraTS-GLI-00313-000,0.7428259683578833,0.7147191128779161,0.7805664287358969,0.756048834628191,0.756048834628191,0.013222866270307665,0.013222866270307665,0.04132972175027483,0.5945851528384279,0.6114901256732496,0.6114901256732496,0.9895348837209302,0.9901162790697674,0.9901162790697674,2.23606797749979,1.4142135623730951,1.4142135623730951,0.6330934064614527,0.4433259455770252,0.4433259455770252,10,9,11
BraTS-GLI-00338-000,0.7521893946684631,0.7835437120149603,0.662883087400681,0.7129243597379392,0.7129243597379392,-0.03926503493052391,-0.03926503493052391,-0.0706193522770211,0.9987222080245336,0.9986095661846496,0.9986095661846496,0.603272615004631,0.554337758567459,0.554337758567459,3.7416573867739413,5.744562646538029,5.744562646538029,0.9102792392567405,1.1173081538747742,1.1173081538747742,2,2,2
BraTS-GLI-00347-000,0.946992742341134,0.9425185461671255,0.9445516971726009,0.9469479525449674,0.9469479525449674,-4.478979616651113e-05,-4.478979616651113e-05,0.004429406377841949,0.9364725946278838,0.9351379440665155,0.9351379440665155,0.9577519379844961,0.9590600775193798,0.9590600775193798,1.0,1.0,1.0,0.10195142200450147,0.10161066840538158,0.10161066840538158,22,20,25
BraTS-GLI-00367-000,0.6142433234421365,0.6517556517556518,0.2982083206802308,0.4476454293628809,0.4476454293628809,-0.16659789407925563,-0.16659789407925563,-0.20411022239277088,1.0,1.0,1.0,0.44325481798715205,0.2883654532476802,0.2883654532476802,5.744562646538029,8.0,8.0,1.297167093246859,2.471313363389429,2.471313363389429,1,1,1
BraTS-GLI-00377-000,0.9264257727470614,0.9288642392090668,0.9009393361026907,0.9281031625963547,0.9281031625963547,0.0016773898492933315,0.0016773898492933315,-0.0007610766127120749,0.9403446752098984,0.9351771196283392,0.9351771196283392,0.9129129129129129,0.9211354211354211,0.9211354211354211,1.0,1.0,1.0,0.1989185458254433,0.1953647364580917,0.1953647364580917,5,4,6
BraTS-GLI-00404-000,0.8211623335682231,0.8635916186190409,0.7492103851731193,0.8097178153690179,0.8097178153690179,-0.011444518199205223,-0.011444518199205223,-0.053873803250023,0.9793869155571283,0.9826831935836675,0.9826831935836675,0.7069510520770139,0.6885277307704588,0.6885277307704588,2.23606797749979,2.449489742783178,2.449489742783178,0.48967850033404337,0.5493165384577938,0.5493165384577938,13,10,54
BraTS-GLI-00425-000,0.906224517531938,0.9253888742420248,0.8841105836358559,0.9089921217060581,0.9089921217060581,0.002767604174120142,0.002767604174120142,-0.01639675253596662,0.9858072146658782,0.9881866509155346,0.9881866509155346,0.8385311871227364,0.8415492957746479,0.8415492957746479,1.4142135623730951,1.4142135623730951,1.4142135623730951,0.2786898194112745,0.2720922175299094,0.2720922175299094,1,1,3
BraTS-GLI-00436-000,0.9527823874322381,0.9402097337994084,0.9548954895489549,0.9476753710559942,0.9476753710559942,-0.005107016376243889,-0.005107016376243889,0.007465637256585778,0.9377599686404321,0.9213029813981143,0.9213029813981143,0.96829394436824,0.9756020777585392,0.9756020777585392,1.0,1.0,1.0,0.1717564142591193,0.18598333865373143,0.18598333865373143,2,2,2
BraTS-GLI-00445-000,0.9636271603152795,0.9508805544713717,0.9724880528972488,0.9652116322475767,0.9652116322475767,0.00158447193229716,0.00158447193229716,0.014331077776205015,0.9358584203380308,0.9366425950594779,0.9366425950594779,0.9930941971383148,0.9955782988871225,0.9955782988871225,1.0,1.0,1.0,0.11556629025074433,0.11008825988374665,0.11008825988374665,3,3,3
BraTS-GLI-00491-000,0.8104381482265429,0.8510748959778086,0.7784483567341067,0.8110858700590641,0.8110858700590641,0.0006477218325211531,0.0006477218325211531,-0.039989025918744536,0.9850779182593354,0.9882639503985828,0.9882639503985828,0.6883957466481738,0.68777931884728,0.68777931884728,1.4142135623730951,1.7320508075688772,1.7320508075688772,0.35019626838613543,0.3624165214567352,0.3624165214567352,3,2,3
BraTS-GLI-00491-001,0.9561349548100128,0.9521425757259728,0.9526163988463123,0.9583749583749583,0.9583749583749583,0.0022400035649455807,0.0022400035649455807,0.006232382648985513,0.9592214573937812,0.9666522719639172,0.9666522719639172,0.9530682514975709,0.9502381963114948,0.9502381963114948,1.0,1.0,1.0,0.0917772377188302,0.08617511979095364,0.08617511979095364,2,2,3
BraTS-GLI-00496-000,0.9105935386927122,0.9013678905687545,0.9054878048780488,0.9085501858736059,0.9085501858736059,-0.002043352819106281,-0.002043352819106281,0.007182295304851372,0.9112781954887218,0.8998527245949927,0.8998527245949927,0.9099099099099099,0.9174174174174174,0.9174174174174174,1.0,1.0,1.0,0.13497952375310338,0.1388888888888889,0.1388888888888889,1,1,1
BraTS-GLI-00498-001,0.9003492786636295,0.9123588916581147,0.8939799846035412,0.904283256361496,0.904283256361496,0.00393397769786652,0.00393397769786652,-0.0080756352966187,0.9659801876955162,0.9634036532029843,0.9634036532029843,0.8430692224560605,0.851999317444969,0.851999317444969,2.449489742783178,2.23606797749979,2.23606797749979,0.43625746842385627,0.38452361330934337,0.38452361330934337,1,1,1
BraTS-GLI-00500-001,0.9444233831222989,0.9528169534076645,0.9403067243413291,0.9524319363719792,0.9524319363719792,0.008008553249680306,0.008008553249680306,-0.00038501703568527557,0.9469362931427703,0.9633353960396039,0.9633353960396039,0.941923774954628,0.9417725347852389,0.9417725347852389,1.0,1.0,1.0,0.12701183348523148,0.1078450204473852,0.1078450204473852,2,2,3
BraTS-GLI-00501-000,0.8390618681763041,0.8545046827595304,0.8030186569771505,0.8315675088291226,0.8315675088291226,-0.007494359347181567,-0.007494359347181567,-0.02293717393040784,0.9879384224726234,0.9894941005333764,0.9894941005333764,0.7291788684549607,0.7171137401897623,0.7171137401897623,1.4142135623730951,1.4142135623730951,1.4142135623730951,0.32265836515106494,0.3499034762810533,0.3499034762810533,1,1,1
BraTS-GLI-00506-000,0.9395486594611321,0.9481645213019546,0.9203708321055375,0.9364493462598951,0.9364493462598951,-0.0030993132012370195,-0.0030993132012370195,-0.011715175042059545,0.9882823398121454,0.9916176124323052,0.9916176124323052,0.8953953743101487,0.8870960947044698,0.8870960947044698,1.0,1.0,1.0,0.11300410208356802,0.1179845076538631,0.1179845076538631,1,1,1
BraTS-GLI-00511-000,0.933687302304564,0.9389567759909525,0.9317998385794996,0.9373105577745673,0.9373105577745673,0.003623255470003306,0.003623255470003306,-0.0016462182163852201,0.9533971623024571,0.9601299982589518,0.9601299982589518,0.914775871610404,0.9155506364139457,0.9155506364139457,1.0,1.0,1.0,0.1195728095780715,0.11353602668705877,0.11353602668705877,2,2,2
BraTS-GLI-00514-001,0.9541310141674849,0.959849958321756,0.9468756649407759,0.9537856440511308,0.9537856440511308,-0.00034537011635416004,-0.00034537011635416004,-0.0060643142706252595,0.9914006704562017,0.9925449495687765,0.9925449495687765,0.9195619845883466,0.9179397052859267,0.9179397052859267,1.0,1.0,1.0,0.16620415307156056,0.16833837309337962,0.16833837309337962,2,1,4
BraTS-GLI-00525-001,0.015881581990594404,0.05396071659831642,0.007293606455617629,0.018302060904337128,0.018302060904337128,0.002420478913742724,0.002420478913742724,-0.035658655693979295,0.7923076923076923,0.7300613496932515,0.7300613496932515,0.008021182150922825,0.00926719102873608,0.00926719102873608,29.68164415931166,24.515301344262525,24.515301344262525,14.87305375665081,12.665199461872247,12.665199461872247,2,1,15
BraTS-GLI-00559-000,0.8756154892985277,0.9043474090593003,0.8342339560496115,0.8674371006389776,0.8674371006389776,-0.008178388659550118,-0.008178388659550118,-0.036910308420322724,0.9908441831163377,0.9925741867306429,0.9925741867306429,0.7843954338911671,0.7703202925856145,0.7703202925856145,1.0,1.0,1.0,0.26893522015882054,0.2887691807042125,0.2887691807042125,5,4,5
BraTS-GLI-00565-000,0.9718707611571902,0.9716939794934712,0.9620691225354037,0.9711544926821615,0.9711544926821615,-0.0007162684750287029,-0.0007162684750287029,-0.000539486811309775,0.9717627178939879,0.9788108791903858,0.9788108791903858,0.9719788284481609,0.9636169550326914,0.9636169550326914,1.0,1.0,1.0,0.08863075272565078,0.09123400821487801,0.09123400821487801,1,1,2
BraTS-GLI-00574-000,0.9682620286911261,0.9768240879560219,0.9573068489616923,0.967875449711866,0.967875449711866,-0.0003865789792600882,-0.0003865789792600882,-0.008948638244155926,0.9915496619864794,0.994438992476284,0.994438992476284,0.9460431654676259,0.9426941205656165,0.9426941205656165,1.0,1.0,1.0,0.10179844335707974,0.10263748221642782,0.10263748221642782,1,1,1
BraTS-GLI-00582-000,0.8973564266180493,0.9270827252028723,0.8795876544743215,0.9027340914589886,0.9027340914589886,0.005377664840939378,0.005377664840939378,-0.02434863374388363,0.9874281128794972,0.9878210219751126,0.9878210219751126,0.8223435063488528,0.8311427934952105,0.8311427934952105,1.4142135623730951,1.0,1.0,0.30361653462173144,0.28109251884098013,0.28109251884098013,1,1,3
BraTS-GLI-00604-000,0.5693396332042009,0.6186483657591747,0.495775921563028,0.5451431198988389,0.5451431198988389,-0.02419651330536199,-0.02419651330536199,-0.0735052458603358,0.9669874110980109,0.989236096624807,0.989236096624807,0.4034369495882325,0.37623966614303167,0.37623966614303167,8.94427190999916,9.433981132056603,9.433981132056603,2.0457706050089497,2.2055028293692933,2.2055028293692933,2,1,50
BraTS-GLI-00611-001,0.9469534598897734,0.9389443864619055,0.951730097011115,0.9521288837744534,0.9521288837744534,0.005175423884679953,0.005175423884679953,0.013184497312547894,0.9438467994201571,0.9511073645490076,0.9511073645490076,0.9500806389678212,0.9531525996467245,0.9531525996467245,1.0,1.0,1.0,0.20309023255789085,0.19779762979014925,0.19779762979014925,2,1,2
BraTS-GLI-00616-000,0.940502152882626,0.9582739335453448,0.9270918931172254,0.9416235853011038,0.9416235853011038,0.0011214324184778413,0.0011214324184778413,-0.016650348244241053,0.9987529691211401,0.9993475295094608,0.9993475295094608,0.8886716686040368,0.8902039522350206,0.8902039522350206,1.0,1.0,1.0,0.11491201146149992,0.11235437104686428,0.11235437104686428,1,1,1
BraTS-GLI-00619-000,0.944015444015444,0.9627980594767793,0.9326831365278954,0.9489361140791748,0.9489361140791748,0.004920670063730759,0.004920670063730759,-0.013861945397604547,0.9924931186921344,0.9950755270292702,0.9950755270292702,0.9000529487405764,0.9068858576435289,0.9068858576435289,1.0,1.0,1.0,0.15522476194353613,0.1447825379780872,0.1447825379780872,1,1,1
BraTS-GLI-00628-000,0.9201714438789178,0.9244817703126041,0.8786458697628873,0.8941419710544453,0.8941419710544453,-0.026029472824472544,-0.026029472824472544,-0.030339799258158884,0.9633992427429533,0.9669101207333433,0.9669101207333433,0.8806563261120369,0.8315600564030252,0.8315600564030252,1.0,2.23606797749979,2.23606797749979,0.7217835108444872,1.0565543754969955,1.0565543754969955,3,2,6
BraTS-GLI-00680-001,0.9615099503906027,0.9520266080387846,0.9677902621722847,0.9620325435341136,0.9620325435341136,0.0005225931435108855,0.0005225931435108855,0.010005935495329021,0.933458813108946,0.935072142064373,0.935072142064373,0.9912992357436802,0.9905937683715461,0.9905937683715461,1.0,1.0,1.0,0.14638556801923863,0.1440764708852423,0.1440764708852423,1,1,1
BraTS-GLI-00682-001,0.9492074000514914,0.9591518100286845,0.9357705852758679,0.9470094922126993,0.9470094922126993,-0.002197907838792146,-0.002197907838792146,-0.012142317815985293,0.9993804213135068,0.9995720010894518,0.9995720010894518,0.9038313371156406,0.8996988162779296,0.8996988162779296,1.0,1.0,1.0,0.23837195202550657,0.24858891912318573,0.24858891912318573,1,1,1
BraTS-GLI-00683-000,0.8641494937979405,0.8933294083014425,0.8418915967574095,0.8690847827164164,0.8690847827164164,0.004935288918475944,0.004935288918475944,-0.024244625585026047,0.9600484594840166,0.9651661897424609,0.9651661897424609,0.7856692203695358,0.790401081568274,0.790401081568274,1.4142135623730951,1.0,1.0,0.2980139922019977,0.27709857918769687,0.27709857918769687,15,12,18
BraTS-GLI-00708-001,0.9718006860864004,0.9685527438157521,0.9673713507431753,0.9728688955014878,0.9728688955014878,0.001068209415087451,0.001068209415087451,0.004316151685735736,0.9734420500873617,0.9779472140762463,0.9779472140762463,0.9701648479219874,0.9678430462038542,0.9678430462038542,1.0,1.0,1.0,0.09517354384009596,0.0922796457477772,0.0922796457477772,1,1,1
BraTS-GLI-00723-000,0.8657837316689502,0.8894918598914652,0.8429803595552322,0.8659469071510225,0.8659469071510225,0.0001631754820723419,0.0001631754820723419,-0.02354495274044266,0.99220749011398,0.993993118329737,0.993993118329737,0.7679359078224862,0.7671257538932397,0.7671257538932397,1.7320508075688772,1.7320508075688772,1.7320508075688772,0.3595694479466598,0.36977525236731634,0.36977525236731634,2,1,9
BraTS-GLI-00731-001,0.0,0.0,0.0,0.0,0.0,0.0,0.0,0.0,0.0,0.0,0.0,0.0,0.0,0.0,nan,nan,nan,nan,nan,nan,0,0,1
BraTS-GLI-00764-000,0.8640138242211876,0.8805951487871968,0.8277721379953069,0.8563068815570392,0.8563068815570392,-0.007706942664148397,-0.007706942664148397,-0.024288267230157645,0.98357072602091,0.9878044232275389,0.9878044232275389,0.7703720611732481,0.7557064597123945,0.7557064597123945,1.4142135623730951,1.7320508075688772,1.7320508075688772,0.6027056363949388,0.6690948356105139,0.6690948356105139,6,5,15
BraTS-GLI-00768-000,0.8663850013203063,0.8898656285319603,0.8662198391420911,0.8813338543701967,0.8813338543701967,0.014948853049890465,0.014948853049890465,-0.008531774161763539,0.9224065223502952,0.9243169398907104,0.9243169398907104,0.8167786905650983,0.8421707742096092,0.8421707742096092,1.4142135623730951,1.0,1.0,0.4830580153874484,0.2420067529854235,0.2420067529854235,1,1,3
BraTS-GLI-00768-001,0.8827154046997389,0.7282517247181558,0.8645616950560864,0.8206317009562446,0.8206317009562446,-0.062083703743494256,-0.062083703743494256,0.0923799762380888,0.826844061827431,0.7213448802852777,0.7213448802852777,0.9466845878136201,0.9516129032258065,0.9516129032258065,5.830951894845301,10.019950248448337,10.019950248448337,0.6027571150622699,1.1758510317050086,1.1758510317050086,1,1,1
BraTS-GLI-00811-000,0.9057780449320009,0.9145339710123763,0.8925110301909331,0.9067470787787411,0.9067470787787411,0.000969033846740186,0.000969033846740186,-0.0077868922336352675,0.9407312029341761,0.9451145248104349,0.9451145248104349,0.8733292280943239,0.8713732024486543,0.8713732024486543,1.0,1.4142135623730951,1.4142135623730951,0.4350207169193901,0.43720327303769213,0.43720327303769213,4,4,7
BraTS-GLI-00818-000,0.9275388085740002,0.937150959860384,0.9221881287160985,0.93104366938259,0.93104366938259,0.0035048608085898048,0.0035048608085898048,-0.006107290477794014,0.9580167565706416,0.9605799624352925,0.9605799624352925,0.8989402946497803,0.9032695787025071,0.9032695787025071,1.4142135623730951,1.4142135623730951,1.4142135623730951,0.28366501491087454,0.2592428402232094,0.2592428402232094,1,1,1
BraTS-GLI-00840-000,0.5544258373205742,0.6257078142695357,0.23555230431602048,0.4561740243122201,0.45652173913043476,-0.09825181300835406,-0.0979040981901394,-0.16918607513910094,0.9946351931330472,0.9985994397759104,0.9972067039106145,0.3843283582089552,0.29560530679933666,0.2960199004975124,5.385164807134504,6.4031242374328485,5.916079783099616,1.3682846024702071,1.7681250332358607,1.6808957568829919,1,1,4
BraTS-GLI-01001-000,0.9162156938538848,0.9043592019810307,0.9211719397455272,0.912375790424571,0.912375790424571,-0.00383990342931384,-0.00383990342931384,0.008016588443540251,0.8725381925271489,0.8564670177630992,0.8564670177630992,0.9644964394710072,0.9760935910478128,0.9760935910478128,1.0,1.0,1.0,0.1825330620114896,0.17941707843580004,0.17941707843580004,1,1,2
BraTS-GLI-01019-000,0.9681143605412483,0.9743486035422343,0.9616229773821943,0.9719495550581427,0.9719495550581427,0.0038351945168944024,0.0038351945168944024,-0.0023990484840915594,0.9830031467446705,0.987508597546094,0.987508597546094,0.9536698628369953,0.9568731994668271,0.9568731994668271,1.0,1.0,1.0,0.09587583588987608,0.08317873030305213,0.08317873030305213,3,3,4
BraTS-GLI-01025-000,0.9308171236320043,0.9283081949773945,0.9328831230377347,0.9354713313896987,0.9354713313896987,0.0046542077576944285,0.0046542077576944285,0.007163136412304261,0.9588877380288423,0.9690343883385681,0.9690343883385681,0.9043432521791404,0.9041553952509769,0.9041553952509769,1.0,1.0,1.0,0.18992396020054486,0.17420116745927097,0.17420116745927097,1,1,1
BraTS-GLI-01028-000,0.9282774838330394,0.9282802417289767,0.9232382909495676,0.9298252999368554,0.9298252999368554,0.0015478161038159355,0.0015478161038159355,0.0015450582078786468,0.943410720382383,0.9474135712447457,0.9474135712447457,0.9136220862952554,0.9128781616796164,0.9128781616796164,1.0,1.0,1.0,0.18377091574225413,0.1792826043659615,0.1792826043659615,1,1,2
BraTS-GLI-01041-000,0.7877780087299938,0.7826163224137175,0.7420676735745229,0.797501301405518,0.7975223818446804,0.009723292675524187,0.009744373114686566,0.014906059430962904,0.8245404111824214,0.8363358445245114,0.8362624167667285,0.7541538155407422,0.7621132225649189,0.7622127151527212,2.0,1.4142135623730951,1.4142135623730951,0.4325644917720651,0.35981944461218385,0.35987033353605036,81,58,115
BraTS-GLI-01046-000,0.9426906481220623,0.9285838100190674,0.957678650349757,0.9510794808922911,0.9510794808922911,0.008388832770228838,0.008388832770228838,0.022495670873223683,0.9029399233063485,0.9179750634957284,0.9179750634957284,0.9861024941059685,0.9866608760392108,0.9866608760392108,1.0,1.0,1.0,0.15301657529660745,0.12940229508225165,0.12940229508225165,5,3,7
BraTS-GLI-01062-000,0.9480980951826178,0.9381423677198325,0.9573803526448362,0.9542888722220029,0.9542888722220029,0.006190777039385087,0.006190777039385087,0.016146504502170367,0.9153419316136773,0.9356736463211673,0.9356736463211673,0.9832856740102299,0.9736598332594949,0.9736598332594949,1.0,1.0,1.0,0.11180596899984156,0.0988185298065228,0.0988185298065228,4,4,5
BraTS-GLI-01065-000,0.933323069817566,0.9154104227242228,0.941434983169181,0.9309608757966639,0.9309608757966639,-0.0023621940209020975,-0.0023621940209020975,0.015550453072441073,0.8891235480464625,0.8792155055726751,0.8792155055726751,0.9821469073000032,0.9891779801056281,0.9891779801056281,1.0,1.0,1.0,0.13529168210891043,0.1396736726384049,0.1396736726384049,3,1,3
BraTS-GLI-01068-000,0.8866071428571428,0.8234332425068119,0.9122266707730212,0.8893528183716075,0.8892202176830177,0.002745675514464696,0.002613074825874917,0.0657869751762058,0.8099510603588908,0.8138646288209607,0.8136425648021828,0.9792899408284024,0.980276134122288,0.980276134122288,1.0,1.0,1.0,0.17079275232675825,0.1769544320583956,0.1786638499918388,7,3,7
BraTS-GLI-01074-000,0.9157336200649822,0.906007618523108,0.9354225558046593,0.9269765782903341,0.9269765782903341,0.011242958225351929,0.011242958225351929,0.020968959767226125,0.8651943462897527,0.8894770466368531,0.8894770466368531,0.972543567846681,0.9677771709448388,0.9677771709448388,1.0,1.0,1.0,0.24491999484819552,0.2160266185043313,0.2160266185043313,3,2,5
BraTS-GLI-01075-000,0.7819426714633864,0.7959740702831798,0.7180003777623875,0.7606734816596512,0.7606277433708135,-0.021269189803735156,-0.02131492809257285,-0.03534632691236628,0.9425094418799832,0.9663865546218487,0.9662389245340666,0.6681209717402082,0.6271690629647992,0.6271690629647992,5.385164807134504,6.164414002968976,6.164414002968976,1.0731656709399302,1.263183360466906,1.2684173746342815,2,2,3
BraTS-GLI-01078-000,0.9230662983425414,0.9130161252938644,0.9276807980049875,0.9269352835656134,0.9269352835656134,0.0038689852230719968,0.0038689852230719968,0.013919158271748944,0.9073998642226748,0.9103537064642906,0.9103537064642906,0.9392832044975404,0.9441321152494729,0.9441321152494729,1.0,1.0,1.0,0.106061812770793,0.10031554824374485,0.10031554824374485,5,3,13
BraTS-GLI-01090-000,0.938862214462389,0.9234880837580934,0.9327378617339087,0.9420669577874818,0.9420669577874818,0.003204743325092796,0.003204743325092796,0.018578874029388404,0.9375799139834942,0.9411901576406259,0.9411901576406259,0.9401480272743167,0.9429453930881753,0.9429453930881753,1.0,1.0,1.0,0.43817211274218454,0.42298557568948203,0.42298557568948203,2,2,6
BraTS-GLI-01093-000,0.9641120998804622,0.9590235624306508,0.9702601226331001,0.9676733869896672,0.9676733869896672,0.0035612871092050025,0.0035612871092050025,0.008649824559016417,0.9458952306489445,0.949340699431907,0.949340699431907,0.983044420368364,0.9867280606717227,0.9867280606717227,1.0,1.0,1.0,0.16916433303602538,0.15456839714867554,0.15456839714867554,1,1,1
BraTS-GLI-01103-000,0.07379692942846085,0.11055221432476764,0.06844106463878327,0.09900323275862069,0.09900323275862069,0.025206303330159843,0.025206303330159843,-0.011548981566146949,0.04438581516256693,0.06008338101855636,0.06008338101855636,0.2187380497131931,0.28107074569789675,0.28107074569789675,19.4164878389476,18.867962264113206,18.867962264113206,7.645702837514958,7.077451182588773,7.077451182588773,10,10,13
BraTS-GLI-01104-000,0.8592169393194233,0.8767795292288117,0.8361708619374524,0.8583237827646124,0.8583174363751978,-0.0008931565548109255,-0.0008995029442255831,-0.018462092853614,0.9613021202286618,0.9654357950765137,0.965419736863991,0.7767321131447588,0.7726056572379367,0.7726056572379367,5.0990195135927845,5.385164807134504,5.385164807134504,0.886437575303361,0.91720074835508,0.9172573452082823,12,9,19
BraTS-GLI-01114-000,0.8888339411922277,0.9345184040189354,0.8646310432569975,0.9052725647899911,0.9052725647899911,0.01643862359776338,0.01643862359776338,-0.029245839228944304,0.9865971364530443,0.9875919524949038,0.9875919524949038,0.8086989126359205,0.8356205474315711,0.8356205474315711,1.0,1.0,1.0,0.22585126791262852,0.19070276253399418,0.19070276253399418,9,6,16
BraTS-GLI-01130-000,0.9597748615826986,0.9637437528396183,0.9577404186003626,0.9615513614050065,0.9615513614050065,0.0017764998223078754,0.0017764998223078754,-0.0021923914346118067,0.9546063040038943,0.9533252720677147,0.9533252720677147,0.9649996924401796,0.9699206495663406,0.9699206495663406,1.0,1.0,1.0,0.08899516357814599,0.0869046958652629,0.0869046958652629,1,1,1
BraTS-GLI-01139-000,0.9158641415176263,0.9065263117820058,0.9268448153939624,0.918947943921584,0.918947943921584,0.0030838024039576695,0.0030838024039576695,0.012421632139578143,0.8760896753840698,0.8795178471313773,0.8795178471313773,0.9594218896929556,0.9620793981765403,0.9620793981765403,1.0,1.0,1.0,0.22958890860805223,0.22180225177172694,0.22180225177172694,4,4,5
BraTS-GLI-01155-000,0.910490605427975,0.9186868276606361,0.8965957499048578,0.9109236831987697,0.910912738937681,0.00043307777079470977,0.00042213350970599084,-0.0077740887229551525,0.94550516124264,0.9592601027353931,0.9592358299595142,0.8779768032393109,0.8672248530185528,0.8672248530185528,1.0,1.0,1.0,0.20068376460932782,0.20083860465293085,0.20090394962381689,5,3,16
BraTS-GLI-01159-000,0.5063752276867031,0.6333333333333333,0.24034334763948498,0.2736842105263158,0.2736842105263158,-0.23269101716038726,-0.23269101716038726,-0.3596491228070175,1.0,1.0,1.0,0.33902439024390246,0.15853658536585366,0.15853658536585366,3.3166247903554,5.830951894845301,5.830951894845301,1.2727554063298685,2.068629954617338,2.068629954617338,1,1,1
BraTS-GLI-01161-000,0.950162035292471,0.967741935483871,0.9401832303887927,0.9537457465193916,0.9537457465193916,0.003583711226920583,0.003583711226920583,-0.013996188964479406,0.9962971325355611,0.9967914198528092,0.9967914198528092,0.9081105554526558,0.9142639583461958,0.9142639583461958,1.0,1.0,1.0,0.1358484672970769,0.12862111244204133,0.12862111244204133,2,2,2
BraTS-GLI-01168-000,0.940614778245058,0.9328330353810188,0.9401428927473623,0.9409546974764366,0.9409546974764366,0.0003399192313785493,0.0003399192313785493,0.008121662095417759,0.9454359812129876,0.9435749420708159,0.9435749420708159,0.9358424967658473,0.9383489650711514,0.9383489650711514,1.0,1.0,1.0,0.1707039483292589,0.16765141799833588,0.16765141799833588,1,1,17
BraTS-GLI-01169-000,0.0,0.0,0.0,0.0,0.0,0.0,0.0,0.0,0.0,0.0,0.0,0.0,0.0,0.0,28.788882754521648,24.415071053014277,24.415071053014277,21.224582659646483,18.70250535080253,18.70250535080253,0,0,8
BraTS-GLI-01176-000,0.0,0.0,0.0,0.0,0.0,0.0,0.0,0.0,0.0,0.0,0.0,0.0,0.0,0.0,nan,nan,nan,nan,nan,nan,0,0,5
BraTS-GLI-01189-000,0.6956521739130435,0.699879326013438,0.6821039767153907,0.6936255353737456,0.6936255353737456,-0.0020266385392978536,-0.0020266385392978536,-0.006253790639692447,0.9126548019355368,0.9102732419791582,0.9102732419791582,0.562020202020202,0.5602777777777778,0.5602777777777778,12.806248474865697,12.569805089976535,12.569805089976535,3.0705906938757495,3.253912572341639,3.253912572341639,2,1,3
BraTS-GLI-01195-000,0.8758274053118734,0.8874487501653221,0.8655504819888381,0.8796390547195246,0.8796390547195246,0.0038116494076512186,0.0038116494076512186,-0.00780969544579746,0.9173762945914845,0.9230369515011547,0.9230369515011547,0.8378790267486468,0.8401387356140627,0.8401387356140627,1.7320508075688772,1.7320508075688772,1.7320508075688772,0.322249067028835,0.3120947875276047,0.3120947875276047,3,2,3
BraTS-GLI-01227-000,0.9027074620294959,0.8997594659603795,0.9062614118374112,0.9041678167264697,0.9041678167264697,0.001460354696973809,0.001460354696973809,0.004408350766090252,0.8674316535349796,0.8713624514550194,0.8713624514550194,0.9409740147995181,0.9395399529627717,0.9395399529627717,1.0,1.0,1.0,0.19560919927199458,0.19192855913873078,0.19192855913873078,1,1,6
BraTS-GLI-01253-000,0.7774565147551517,0.7883274358556771,0.7607204524213095,0.77105941556938,0.77105941556938,-0.006397099185771693,-0.006397099185771693,-0.017268020286297148,0.8453937518714443,0.847443249295918,0.847443249295918,0.719626168224299,0.7073067119796091,0.7073067119796091,2.0,2.23606797749979,2.23606797749979,0.61132974801324,0.582620416423442,0.582620416423442,13,9,51
BraTS-GLI-01255-000,0.942323314378554,0.9344978165938864,0.8543689320388349,0.9168081494057725,0.9168081494057725,-0.0255151649727815,-0.0255151649727815,-0.017689667188113933,0.9477124183006536,0.9660107334525939,0.9660107334525939,0.9369951534733441,0.8723747980613893,0.8723747980613893,1.0,2.0,2.0,0.1612521378488159,0.2854418003675595,0.2854418003675595,1,1,1
BraTS-GLI-01258-000,0.830668027673812,0.8328997619970111,0.8263888888888888,0.8302189613665023,0.8302189613665023,-0.00044906630730967567,-0.00044906630730967567,-0.002680800630508795,0.8165904783141933,0.824735223778613,0.824735223778613,0.8452394691286786,0.8357761107905366,0.8357761107905366,1.0,1.0,1.0,0.3399779552784103,0.3405929725317152,0.3405929725317152,5,3,38
BraTS-GLI-01273-000,0.6420729029424681,0.6287064890416846,0.6987714987714988,0.6625230202578268,0.6625230202578268,0.02045011731535873,0.02045011731535873,0.033816531216142254,0.47405966277561606,0.5006958942240779,0.5006958942240779,0.9945578231292517,0.9789115646258504,0.9789115646258504,3.605551275463989,3.3166247903554,3.3166247903554,0.7214126097391872,0.661252392097493,0.661252392097493,5,4,6
BraTS-GLI-01293-000,0.2954623581986937,0.31319873185382946,0.29882021482655396,0.2984529810533635,0.2984529810533635,0.0029906228546697777,0.0029906228546697777,-0.014745750800465973,0.7586054721977052,0.8038389513108615,0.8038389513108615,0.18345784418356456,0.18324439701173958,0.18324439701173958,43.42982780736613,43.5505450024514,43.5505450024514,22.021325606177484,22.457896017337205,22.457896017337205,5,2,57
BraTS-GLI-01314-000,0.0,0.0006657789613848203,0.0,0.0,0.0,0.0,0.0,-0.0006657789613848203,0.0,0.0,0.0,0.0,0.0,0.0,nan,nan,nan,nan,nan,nan,1,0,1
BraTS-GLI-01315-000,0.9148502592411071,0.9191160908807967,0.913487585395827,0.9221877534207783,0.9221877534207783,0.007337494179671222,0.007337494179671222,0.00307166253998159,0.9590070845276081,0.9646155917597954,0.9646155917597954,0.8745807851647268,0.8833349773130795,0.8833349773130795,2.449489742783178,2.23606797749979,2.23606797749979,0.3972612678262678,0.3869161900611607,0.3869161900611607,1,1,1
BraTS-GLI-01319-000,0.9649772411028041,0.9585338337209035,0.9617153844281646,0.9694040334293673,0.9694040334293673,0.004426792326563178,0.004426792326563178,0.010870199708463812,0.9635455915599096,0.9772923667786846,0.9772923667786846,0.9664131513061552,0.9616420237139213,0.9616420237139213,1.0,1.0,1.0,0.0899162794460215,0.07825460414935781,0.07825460414935781,1,1,1
BraTS-GLI-01323-000,0.9137376889926935,0.9068425897514575,0.9219468172182929,0.9166156813538934,0.9166156813538934,0.002877992361199899,0.002877992361199899,0.00977309160243589,0.845374230313229,0.8505118928488954,0.8505118928488954,0.9941307427646225,0.9938608918572489,0.9938608918572489,1.4142135623730951,1.4142135623730951,1.4142135623730951,0.23795809470181414,0.22587976040773036,0.22587976040773036,9,9,9
BraTS-GLI-01326-000,0.9835020323583327,0.9803001033289905,0.9868870498154558,0.9857795143227096,0.9857795143227096,0.0022774819643769373,0.0022774819643769373,0.005479410993719069,0.9796983100827946,0.9796153325206556,0.9796153325206556,0.987335405998537,0.9920217629846378,0.9920217629846378,1.0,1.0,1.0,0.07089254860519924,0.061585166933169566,0.061585166933169566,3,2,4
BraTS-GLI-01336-000,0.9024555079972967,0.9260253382005583,0.8611820611820612,0.8956824274225745,0.8956824274225745,-0.006773080574722146,-0.006773080574722146,-0.03034291077798379,0.9752891052951917,0.9824824824824825,0.9824824824824825,0.8397442616077979,0.8229745309715962,0.8229745309715962,1.0,1.0,1.0,0.19191068496539712,0.2119208472593621,0.2119208472593621,1,1,8
BraTS-GLI-01342-000,0.9597851318012226,0.9539039093238999,0.9618188084813051,0.9672591907861042,0.9672591907861042,0.007474058984881626,0.007474058984881626,0.013355281462204327,0.9313850363241816,0.963899815764577,0.963899815764577,0.9899716699676586,0.9706420638303207,0.9706420638303207,1.0,1.0,1.0,0.15113477635381256,0.12461918470895618,0.12461918470895618,3,1,3
BraTS-GLI-01349-000,0.9712245326612057,0.9620146904512067,0.8745620182200421,0.9129358830146231,0.9129358830146231,-0.058288649646582535,-0.058288649646582535,-0.04907880743658355,0.9821580288870009,0.9955839057899902,0.9955839057899902,0.9605317823016203,0.8429580390527628,0.8429580390527628,1.0,1.0,1.0,0.06450094161958568,0.18803442434290293,0.18803442434290293,2,2,2
BraTS-GLI-01354-000,0.9682792276681519,0.9732946899906842,0.9587929915639195,0.9721736365081889,0.9721736365081889,0.0038944088400370003,0.0038944088400370003,-0.00112105348249536,0.9864894076956334,0.989640660407899,0.989640660407899,0.9507291666666666,0.9553125,0.9553125,1.0,1.0,1.0,0.06683318224638447,0.05865921787709497,0.05865921787709497,1,1,1
BraTS-GLI-01362-000,0.9421589854624188,0.9481452976182295,0.9376259846459564,0.9473315099235571,0.9473315099235571,0.00517252446113825,0.00517252446113825,-0.0008137876946724409,0.956003195617439,0.9589118891444472,0.9589118891444472,0.9287100171849881,0.9360274959809302,0.9360274959809302,1.0,1.0,1.0,0.16187342246530595,0.1431104001322538,0.1431104001322538,9,6,9
BraTS-GLI-01369-000,0.9541556379036528,0.9581913905233819,0.9404450261780105,0.9556124626547162,0.9556124626547162,0.0014568247510634569,0.0014568247510634569,-0.002578927868665648,0.9622037155669443,0.9713665943600868,0.9713665943600868,0.9462410751784964,0.9403611927761445,0.9403611927761445,1.0,1.0,1.0,0.07456655652984934,0.07152161411766582,0.07152161411766582,1,1,1
BraTS-GLI-01374-000,0.9778581595197072,0.9823172340987067,0.9706974824597606,0.9783822077197201,0.9783822077197201,0.0005240482000128388,0.0005240482000128388,-0.0039350263789866835,0.9893886566905602,0.9929626563248943,0.9929626563248943,0.9665933228959506,0.9642237549189693,0.9642237549189693,1.0,1.0,1.0,0.07567676748040535,0.07395954307820446,0.07395954307820446,5,4,5
BraTS-GLI-01380-000,0.9715534586831333,0.9734323044369059,0.97165991902834,0.9781494098620144,0.9781494098620144,0.006595951178881121,0.006595951178881121,0.004717105425108503,0.9842552892387714,0.9827824643894344,0.9827824643894344,0.9591752859784917,0.9735598328652647,0.9735598328652647,1.0,1.0,1.0,0.13475494896343823,0.09021010045037284,0.09021010045037284,2,2,2
BraTS-GLI-01384-000,0.9630533496029285,0.9635350967416406,0.9644462441789836,0.9688597796963382,0.9688597796963382,0.0058064300934096424,0.0058064300934096424,0.005324682954697568,0.9689260988568669,0.9671130834455979,0.9671130834455979,0.9572513619914901,0.9706127967550802,0.9706127967550802,1.0,1.0,1.0,0.08492614524086824,0.07176853592772763,0.07176853592772763,7,7,9
BraTS-GLI-01393-000,0.9706133398366052,0.9726225944117884,0.9582552961251924,0.9672864589746747,0.9672864589746747,-0.003326880861930559,-0.003326880861930559,-0.005336135437113754,0.9833635315434031,0.9900016803898505,0.9900016803898505,0.9581895514003691,0.9455902415536473,0.9455902415536473,1.0,1.0,1.0,0.08588264447171108,0.09508450841847557,0.09508450841847557,1,1,1
BraTS-GLI-01402-000,0.8704886750186676,0.9226519337016574,0.8451875742658292,0.8876734693877552,0.8876734693877552,0.017184794369087597,0.017184794369087597,-0.03497846431390228,0.9811109033102674,0.9806998556998557,0.9806998556998557,0.7822845213241872,0.8107664777810916,0.8107664777810916,1.7320508075688772,1.4142135623730951,1.4142135623730951,0.41769948829186365,0.37148260264797084,0.37148260264797084,2,2,4
BraTS-GLI-01421-000,0.9048632963388668,0.9067414900686701,0.9063532303910271,0.907655402980564,0.907655402980564,0.0027921066416972673,0.0027921066416972673,0.0009139129118939104,0.8956988846196889,0.9005959743618577,0.9005959743618577,0.9142171794090771,0.914826378312519,0.914826378312519,1.0,1.0,1.0,0.22148074380835475,0.2157143728099583,0.2157143728099583,2,2,29
BraTS-GLI-01424-000,0.7759371961539847,0.8040961942726551,0.7527530853941089,0.7748315093335258,0.7748315093335258,-0.0011056868204588621,-0.0011056868204588621,-0.02926468493912926,0.9521221360553236,0.9537559415396917,0.9537559415396917,0.6547747473980096,0.6524348552761529,0.6524348552761529,2.23606797749979,2.0,2.0,0.5094707700614716,0.4996689025247996,0.4996689025247996,4,4,69
BraTS-GLI-01427-000,0.8717524636482669,0.8790077965263892,0.8621531527301751,0.8704987904619284,0.8704987904619284,-0.0012536731863385109,-0.0012536731863385109,-0.008509006064460811,0.9252938021163505,0.9270327297708425,0.9270327297708425,0.824068444367237,0.8204638235038652,0.8204638235038652,1.4142135623730951,1.4142135623730951,1.4142135623730951,0.3084482278008266,0.3146826687454812,0.3146826687454812,7,5,51
BraTS-GLI-01428-000,0.18615575922258554,0.2166908037653874,0.17306175474411914,0.19570296394704292,0.1957856161245992,0.009547204724457387,0.00962985690201365,-0.02090518764078822,0.9926326129666012,0.9925650557620818,0.9925685090571296,0.10270874625196931,0.10855313309955786,0.10860395385475428,32.32645975048923,32.28002478313795,31.71750305430741,12.971152818612874,12.561043309927632,11.785284421758108,1,1,185
BraTS-GLI-01444-000,0.944729813026505,0.9468359578551365,0.9441566366740675,0.947189535751989,0.947189535751989,0.0024597227254840037,0.0024597227254840037,0.0003535778968525305,0.9423338029973101,0.947189535751989,0.947189535751989,0.9471380384684708,0.947189535751989,0.947189535751989,1.0,1.0,1.0,0.23195114130276695,0.2255082085486107,0.2255082085486107,3,3,14
BraTS-GLI-01450-000,0.8997952917093143,0.8923277243589743,0.9089871315898713,0.9006885998469778,0.9006885998469778,0.0008933081376635288,0.0008933081376635288,0.00836087548800346,0.8644901170223227,0.8627125268712136,0.8627125268712136,0.9381069256215986,0.9421619891153559,0.9421619891153559,1.0,1.0,1.0,0.5017611905364738,0.4968909711493539,0.4968909711493539,3,2,5
BraTS-GLI-01452-000,0.8794788273615635,0.8891091562383844,0.861809365828761,0.873139974779319,0.873139974779319,-0.006338852582244425,-0.006338852582244425,-0.01596918145906534,0.9906858594411516,0.9916929246634202,0.9916929246634202,0.7907186303221446,0.779905384095517,0.779905384095517,1.0,1.0,1.0,0.35966079420140956,0.3753209429483583,0.3753209429483583,1,1,1
BraTS-GLI-01482-000,0.8944,0.9120750293083235,0.8676897552882621,0.8847402597402597,0.8847402597402597,-0.009659740259740257,-0.009659740259740257,-0.0273347695680638,0.9798422436459246,0.9864253393665159,0.9864253393665159,0.8226637233259749,0.8020603384841796,0.8020603384841796,1.0,1.0,1.0,0.2531404442548509,0.26818082888490813,0.26818082888490813,2,2,3
BraTS-GLI-01513-000,0.7805362462760675,0.7894625326647362,0.6517132767013458,0.7775495110526748,0.7775495110526748,-0.002986735223392767,-0.002986735223392767,-0.011913021612061425,0.8261642949547219,0.8990877993158495,0.8990877993158495,0.7396843781670769,0.6849572897060953,0.6849572897060953,7.0,7.280109889280518,7.280109889280518,0.9957934651675989,1.167935468818421,1.167935468818421,15,5,82
BraTS-GLI-01516-000,0.8553590010405827,0.8653061224489796,0.8078175895765473,0.8410041841004184,0.8410041841004184,-0.014354816940164272,-0.014354816940164272,-0.024301938348561203,0.9762470308788599,0.9663461538461539,0.9663461538461539,0.7611111111111111,0.7444444444444445,0.7444444444444445,1.0,1.3313708498984573,1.3313708498984573,0.3283048495690233,0.35880135639304195,0.35880135639304195,1,1,2
BraTS-GLI-01530-000,0.0,0.0,0.0,0.0,0.0,0.0,0.0,0.0,0.0,0.0,0.0,0.0,0.0,0.0,nan,nan,nan,nan,nan,nan,0,0,1
BraTS-GLI-01536-000,0.6889922480620155,0.7236090225563909,0.6771356783919598,0.6979038224414303,0.6976887519260401,0.00891157437941481,0.00869650386402454,-0.02592027063035085,0.9814487632508834,0.9834926151172894,0.9826388888888888,0.5308170090778787,0.5408504538939322,0.5408504538939322,2.23606797749979,2.23606797749979,2.23606797749979,0.781102949207914,0.7544994225202927,0.7715538853994828,1,1,2
